id_transaksi	tanggal_transaksi	id_produk	nama_produk	harga	jumlah	total_harga	id_pelanggan	nama_pelanggan	alamat	no_telepon	tanggal_keuangan	pemasukan	keterangan
6	2026-07-07	1	Laptop Lenovo	8500000.00	1	8500000.00	1	Test Data	Jakarta	0800000000	2026-07-07	8500000.00	Laptop Lenovo Sale
8	2026-01-01	1	Laptop Lenovo	8500000.00	5	42500000.00	854	Nugraha Halim	Gg. Asia Afrika No. 036\nYogyakarta, KT 86442	+62-93-835-0563	2026-01-01	42500000.00	Product Sale
20	2026-05-15	1	Laptop Lenovo	8500000.00	7	59500000.00	587	Lili Mustofa	Jl. Kutai No. 050\nLubuklinggau, Jawa Tengah 95282	+62 (0150) 191-5597	2026-05-15	59500000.00	Online Transaction
30	2025-07-09	1	Laptop Lenovo	8500000.00	1	8500000.00	27	Adinata Nainggolan, M.Farm	Gang Veteran No. 60\nSungai Penuh, GO 70407	0818762012	2025-07-09	8500000.00	Online Transaction
31	2026-04-08	1	Laptop Lenovo	8500000.00	7	59500000.00	912	Dr. Ajiono Purnawati, S.I.Kom	Gg. Surapati No. 9\nKota Administrasi Jakarta Barat, Kalimantan Tengah 46365	089 715 9081	2026-04-08	59500000.00	Store Sale
32	2026-03-20	1	Laptop Lenovo	8500000.00	6	51000000.00	1616	Hj. Rahayu Suartini	Jalan Medokan Ayu No. 7\nJambi, SS 54038	+62 (27) 246-5718	2026-03-20	51000000.00	Store Sale
34	2025-08-22	1	Laptop Lenovo	8500000.00	1	8500000.00	1274	Dalima Natsir	Gg. Waringin No. 164\nMalang, Kepulauan Bangka Belitung 62903	+62 (0130) 575 9023	2025-08-22	8500000.00	Store Sale
37	2026-04-23	1	Laptop Lenovo	8500000.00	9	76500000.00	1575	Puti Nadine Simbolon	Jalan Raya Ujungberung No. 81\nSemarang, KS 21979	+62 (0912) 110-0939	2026-04-23	76500000.00	Product Sale
41	2026-07-07	1	Laptop Lenovo	8500000.00	3	25500000.00	1065	Dt. Raharja Hasanah, S.IP	Gg. Kutai No. 76\nSawahlunto, JB 57439	+62-012-700-2595	2026-07-07	25500000.00	Online Transaction
43	2025-10-23	1	Laptop Lenovo	8500000.00	5	42500000.00	1913	R.M. Asirwanda Natsir	Jalan Kendalsari No. 29\nParepare, BA 19840	0848371218	2025-10-23	42500000.00	Online Transaction
54	2025-12-02	1	Laptop Lenovo	8500000.00	5	42500000.00	1421	Purwa Gunarto, M.Ak	Gg. Gegerkalong Hilir No. 551\nBanda Aceh, GO 64666	+62 (97) 002-0604	2025-12-02	42500000.00	Online Transaction
56	2026-04-20	1	Laptop Lenovo	8500000.00	2	17000000.00	1176	Darmanto Yuniar	Jalan H.J Maemunah No. 731\nBandar Lampung, DKI Jakarta 72126	+62-902-744-7919	2026-04-20	17000000.00	Product Sale
57	2025-11-23	1	Laptop Lenovo	8500000.00	5	42500000.00	761	Rini Pratama	Jl. Ciumbuleuit No. 74\nTangerang Selatan, KI 48363	0852038385	2025-11-23	42500000.00	Store Sale
63	2026-05-13	1	Laptop Lenovo	8500000.00	1	8500000.00	1986	dr. Kambali Waskita, M.Pd	Gg. S. Parman No. 0\nSolok, MU 69709	+62-811-402-8937	2026-05-13	8500000.00	Store Sale
68	2026-04-02	1	Laptop Lenovo	8500000.00	7	59500000.00	1606	Gara Kuswoyo, S.IP	Jl. W.R. Supratman No. 0\nBlitar, KS 48801	(004) 543 9687	2026-04-02	59500000.00	Product Sale
69	2026-02-02	1	Laptop Lenovo	8500000.00	3	25500000.00	329	Vivi Sihombing	Jl. Kapten Muslihat No. 8\nSingkawang, Sumatera Utara 37383	+62 (0869) 190 0279	2026-02-02	25500000.00	Store Sale
73	2026-05-18	1	Laptop Lenovo	8500000.00	4	34000000.00	1775	Safina Lazuardi	Jl. Cihampelas No. 28\nMetro, GO 69647	(0620) 067-2200	2026-05-18	34000000.00	Product Sale
82	2026-01-08	1	Laptop Lenovo	8500000.00	7	59500000.00	762	R. Leo Novitasari	Gang Surapati No. 96\nBau-Bau, GO 84667	+62 (005) 520 1608	2026-01-08	59500000.00	Customer Purchase
88	2025-08-28	1	Laptop Lenovo	8500000.00	2	17000000.00	1951	H. Mursinin Mansur	Gg. Rawamangun No. 03\nBukittinggi, Kalimantan Tengah 36830	+62 (0338) 117 8887	2025-08-28	17000000.00	Customer Purchase
89	2026-01-31	1	Laptop Lenovo	8500000.00	1	8500000.00	357	Ir. Ganjaran Manullang	Gang Laswi No. 65\nBau-Bau, Kalimantan Timur 19118	(055) 499 2418	2026-01-31	8500000.00	Online Transaction
98	2025-09-24	1	Laptop Lenovo	8500000.00	2	17000000.00	400	Rahman Pratiwi	Gang Pasir Koja No. 612\nSerang, Sulawesi Utara 54344	+62-383-112-6121	2025-09-24	17000000.00	Product Sale
99	2026-02-23	1	Laptop Lenovo	8500000.00	2	17000000.00	1655	Puti Yessi Kusmawati	Gang Cihampelas No. 24\nPagaralam, Riau 94722	+62 (0095) 190-4671	2026-02-23	17000000.00	Store Sale
104	2025-10-05	1	Laptop Lenovo	8500000.00	9	76500000.00	1062	T. Prayogo Budiman	Gang Kebonjati No. 59\nKota Administrasi Jakarta Selatan, Sumatera Barat 59350	+62-0484-548-5874	2025-10-05	76500000.00	Customer Purchase
106	2025-11-12	1	Laptop Lenovo	8500000.00	7	59500000.00	1011	Dr. Cakrawangsa Rahmawati, M.Pd	Gang Cempaka No. 506\nTangerang, BA 77055	(042) 699 0917	2025-11-12	59500000.00	Customer Purchase
117	2025-09-23	1	Laptop Lenovo	8500000.00	3	25500000.00	12	Bakti Susanti	Gg. Lembong No. 1\nPayakumbuh, Sulawesi Utara 63352	(098) 372 3898	2025-09-23	25500000.00	Store Sale
126	2025-08-03	1	Laptop Lenovo	8500000.00	5	42500000.00	202	Dr. Tina Ramadan, S.Pt	Jalan Gardujati No. 03\nProbolinggo, Sulawesi Selatan 01692	+62-93-455-3843	2025-08-03	42500000.00	Store Sale
130	2026-04-18	1	Laptop Lenovo	8500000.00	6	51000000.00	319	Zelda Sinaga	Jl. Kutai No. 2\nBanjarbaru, SB 71187	0884302852	2026-04-18	51000000.00	Store Sale
143	2026-04-04	1	Laptop Lenovo	8500000.00	3	25500000.00	655	Puti Yessi Kusmawati	Gang Cihampelas No. 24\nPagaralam, Riau 94722	+62 (0095) 190-4671	2026-04-04	25500000.00	Online Transaction
144	2025-12-22	1	Laptop Lenovo	8500000.00	2	17000000.00	1094	Ratna Kurniawan	Jalan Asia Afrika No. 0\nPontianak, Kalimantan Selatan 54908	+62 (77) 229 8564	2025-12-22	17000000.00	Customer Purchase
151	2025-11-26	1	Laptop Lenovo	8500000.00	10	85000000.00	1190	Samiah Siregar	Gg. Moch. Ramdan No. 1\nBalikpapan, JA 25291	0880029248	2025-11-26	85000000.00	Product Sale
158	2026-06-28	1	Laptop Lenovo	8500000.00	3	25500000.00	1981	Cut Zahra Sinaga	Gang Waringin No. 27\nProbolinggo, Sulawesi Utara 02426	+62 (614) 519-1537	2026-06-28	25500000.00	Product Sale
163	2026-06-27	1	Laptop Lenovo	8500000.00	3	25500000.00	1532	Fitria Saptono	Jalan Suniaraja No. 0\nTebingtinggi, Jawa Tengah 61025	086 522 5147	2026-06-27	25500000.00	Store Sale
175	2025-08-15	1	Laptop Lenovo	8500000.00	2	17000000.00	772	Saiful Mustofa	Jl. Kendalsari No. 935\nLubuklinggau, Sulawesi Selatan 68947	+62 (0979) 407 1255	2025-08-15	17000000.00	Store Sale
177	2026-05-14	1	Laptop Lenovo	8500000.00	10	85000000.00	379	Paulin Prasetya	Jalan HOS. Cokroaminoto No. 7\nSalatiga, Kepulauan Riau 23966	+62-543-427-1903	2026-05-14	85000000.00	Customer Purchase
178	2026-04-22	1	Laptop Lenovo	8500000.00	7	59500000.00	1632	Jamalia Waluyo	Gang Ahmad Yani No. 115\nKendari, BE 53657	(0751) 285 8763	2026-04-22	59500000.00	Online Transaction
179	2025-08-17	1	Laptop Lenovo	8500000.00	8	68000000.00	1957	Ika Narpati, M.Farm	Gang Kiaracondong No. 950\nCirebon, Maluku 63958	+62-99-913-7037	2025-08-17	68000000.00	Online Transaction
191	2025-09-28	1	Laptop Lenovo	8500000.00	10	85000000.00	449	Dt. Darmanto Waskita, S.Kom	Jalan Jend. Sudirman No. 371\nYogyakarta, Maluku Utara 97730	+62 (033) 703-0725	2025-09-28	85000000.00	Customer Purchase
193	2026-05-03	1	Laptop Lenovo	8500000.00	2	17000000.00	1315	Juli Halimah	Gang Moch. Toha No. 5\nSingkawang, PB 52856	+62-003-540-8436	2026-05-03	17000000.00	Customer Purchase
194	2026-05-07	1	Laptop Lenovo	8500000.00	5	42500000.00	30	Genta Prasasta	Gang Tubagus Ismail No. 1\nTasikmalaya, NT 03025	+62-30-468-2355	2026-05-07	42500000.00	Online Transaction
197	2026-07-02	1	Laptop Lenovo	8500000.00	1	8500000.00	694	Tina Yuniar	Jalan W.R. Supratman No. 7\nKediri, Kepulauan Riau 87093	+62-589-933-4686	2026-07-02	8500000.00	Product Sale
199	2025-12-24	1	Laptop Lenovo	8500000.00	2	17000000.00	909	Embuh Pradipta	Gg. Tebet Barat Dalam No. 731\nTangerang Selatan, RI 08764	+62 (897) 590 5010	2025-12-24	17000000.00	Online Transaction
205	2026-01-13	1	Laptop Lenovo	8500000.00	8	68000000.00	1942	Dt. Cengkal Napitupulu, S.Pd	Jl. Suryakencana No. 54\nMakassar, KI 56314	(037) 007-8697	2026-01-13	68000000.00	Customer Purchase
208	2025-12-14	1	Laptop Lenovo	8500000.00	2	17000000.00	415	Yani Dabukke, S.E.I	Gg. Indragiri No. 585\nLubuklinggau, Sulawesi Barat 53707	+62 (013) 696-6150	2025-12-14	17000000.00	Product Sale
211	2026-05-07	1	Laptop Lenovo	8500000.00	3	25500000.00	876	Aslijan Purnawati	Gang Jend. Sudirman No. 122\nBanjarmasin, Maluku Utara 29511	+62 (015) 868-2563	2026-05-07	25500000.00	Online Transaction
217	2025-11-24	1	Laptop Lenovo	8500000.00	6	51000000.00	1344	Prakosa Hakim	Jl. Sukabumi No. 38\nKota Administrasi Jakarta Pusat, Bali 02291	+62-81-095-0461	2025-11-24	51000000.00	Customer Purchase
240	2025-07-26	1	Laptop Lenovo	8500000.00	5	42500000.00	1661	Tgk. Estiawan Narpati, S.Kom	Gg. Cempaka No. 8\nTomohon, Sumatera Utara 77420	+62 (072) 134 3712	2025-07-26	42500000.00	Store Sale
244	2026-03-13	1	Laptop Lenovo	8500000.00	4	34000000.00	1812	T. Wasis Wastuti, S.H.	Gang Rumah Sakit No. 50\nYogyakarta, Nusa Tenggara Barat 86018	+62 (0474) 249 2700	2026-03-13	34000000.00	Product Sale
256	2026-04-26	1	Laptop Lenovo	8500000.00	5	42500000.00	229	Uli Laksmiwati	Jl. Laswi No. 399\nSemarang, Kalimantan Utara 84700	+62 (949) 074 2541	2026-04-26	42500000.00	Online Transaction
261	2025-08-31	1	Laptop Lenovo	8500000.00	6	51000000.00	1150	Mustika Waskita	Jl. KH Amin Jasuta No. 18\nSubulussalam, KT 57742	(004) 947 8311	2025-08-31	51000000.00	Product Sale
265	2026-06-02	1	Laptop Lenovo	8500000.00	9	76500000.00	66	Drs. Belinda Anggriawan	NULL	+62 (24) 915 1414	2026-06-02	76500000.00	Product Sale
268	2026-05-14	1	Laptop Lenovo	8500000.00	10	85000000.00	1060	Puspa Oktaviani	Gg. Rajawali Barat No. 4\nBukittinggi, Banten 67152	+62 (873) 421 9508	2026-05-14	85000000.00	Online Transaction
280	2026-01-17	1	Laptop Lenovo	8500000.00	5	42500000.00	991	Cinthia Utama	Jalan Raya Setiabudhi No. 0\nBima, Sumatera Utara 74210	084 199 1431	2026-01-17	42500000.00	Customer Purchase
282	2026-05-01	1	Laptop Lenovo	8500000.00	6	51000000.00	16	Drs. Indah Mardhiyah	NULL	+62 (0817) 726-0114	2026-05-01	51000000.00	Store Sale
286	2025-09-21	1	Laptop Lenovo	8500000.00	10	85000000.00	780	Kasiyah Wahyuni	Jalan Cihampelas No. 3\nYogyakarta, KS 19993	+62-36-806-9251	2025-09-21	85000000.00	Product Sale
295	2026-01-22	1	Laptop Lenovo	8500000.00	1	8500000.00	1615	Gada Lailasari	Jalan Monginsidi No. 75\nSubulussalam, Papua Barat 18409	+62 (27) 284-9378	2026-01-22	8500000.00	Product Sale
298	2026-01-04	1	Laptop Lenovo	8500000.00	5	42500000.00	1535	Kala Pradana	Gang Moch. Toha No. 4\nSingkawang, DI Yogyakarta 73345	+62 (28) 019 2323	2026-01-04	42500000.00	Customer Purchase
299	2025-12-04	1	Laptop Lenovo	8500000.00	8	68000000.00	1916	Tgk. Alika Sitompul, S.Sos	NULL	+62-919-451-1085	2025-12-04	68000000.00	Product Sale
301	2025-10-12	1	Laptop Lenovo	8500000.00	2	17000000.00	1049	Yuliana Oktaviani	Gg. PHH. Mustofa No. 07\nPekalongan, SS 35126	+62 (17) 557 9745	2025-10-12	17000000.00	Online Transaction
302	2026-02-14	1	Laptop Lenovo	8500000.00	7	59500000.00	1158	Bajragin Utama	Gang Bangka Raya No. 32\nSukabumi, LA 99944	(0074) 971-5142	2026-02-14	59500000.00	Online Transaction
303	2025-11-28	1	Laptop Lenovo	8500000.00	6	51000000.00	1717	Tgk. Salwa Puspita	Jalan Otto Iskandardinata No. 575\nBatu, GO 23831	+62 (0034) 579-2321	2025-11-28	51000000.00	Store Sale
306	2025-10-14	1	Laptop Lenovo	8500000.00	10	85000000.00	1543	Jail Napitupulu	Gg. BKR No. 9\nKupang, Sulawesi Selatan 99137	+62 (993) 794-6627	2025-10-14	85000000.00	Store Sale
307	2025-12-11	1	Laptop Lenovo	8500000.00	4	34000000.00	690	Darsirah Usada, S.Sos	Gg. K.H. Wahid Hasyim No. 4\nMeulaboh, SR 62337	+62 (062) 346 2914	2025-12-11	34000000.00	Online Transaction
308	2025-10-01	1	Laptop Lenovo	8500000.00	6	51000000.00	1093	R.M. Pandu Winarsih, S.H.	Gg. Siliwangi No. 1\nBalikpapan, Jawa Barat 95462	+62 (0079) 940-1539	2025-10-01	51000000.00	Customer Purchase
312	2026-03-08	1	Laptop Lenovo	8500000.00	2	17000000.00	1734	dr. Yusuf Situmorang	Jl. Sadang Serang No. 0\nJambi, Sulawesi Tengah 33092	+62 (49) 540 3840	2026-03-08	17000000.00	Online Transaction
315	2026-05-11	1	Laptop Lenovo	8500000.00	2	17000000.00	152	Usyi Kusmawati	Jl. Sukajadi No. 281\nSungai Penuh, SB 98899	(0304) 189-0698	2026-05-11	17000000.00	Product Sale
316	2026-04-22	1	Laptop Lenovo	8500000.00	4	34000000.00	1307	Kairav Putra	Jl. Ahmad Yani No. 531\nPagaralam, Sulawesi Tengah 27904	(040) 172 5121	2026-04-22	34000000.00	Store Sale
319	2026-01-07	1	Laptop Lenovo	8500000.00	7	59500000.00	487	Bagus Maryati	Jl. Antapani Lama No. 739\nMagelang, Papua Barat 58459	+62 (0595) 630-7086	2026-01-07	59500000.00	Online Transaction
320	2026-03-30	1	Laptop Lenovo	8500000.00	8	68000000.00	1858	Gilda Mansur	NULL	+62 (92) 573-6542	2026-03-30	68000000.00	Online Transaction
327	2026-01-20	1	Laptop Lenovo	8500000.00	1	8500000.00	1138	Kawaca Prasetya	Jl. HOS. Cokroaminoto No. 32\nPurwokerto, Maluku Utara 82249	+62 (0378) 309-4315	2026-01-20	8500000.00	Product Sale
328	2026-02-17	1	Laptop Lenovo	8500000.00	5	42500000.00	1743	Jasmin Pradana	Jalan S. Parman No. 38\nKupang, JI 40890	(0553) 138-9361	2026-02-17	42500000.00	Product Sale
346	2025-09-23	1	Laptop Lenovo	8500000.00	3	25500000.00	153	Zelda Tarihoran	Gang Kendalsari No. 0\nMagelang, Kalimantan Timur 31696	+62 (43) 925-1873	2025-09-23	25500000.00	Online Transaction
347	2025-10-18	1	Laptop Lenovo	8500000.00	2	17000000.00	263	Hafshah Novitasari	Jalan Kiaracondong No. 6\nCilegon, GO 56551	+62-0430-003-8856	2025-10-18	17000000.00	Store Sale
349	2026-05-29	1	Laptop Lenovo	8500000.00	1	8500000.00	1671	Nova Yuniar	Gg. Siliwangi No. 39\nBau-Bau, SG 02728	0895424515	2026-05-29	8500000.00	Product Sale
353	2025-10-02	1	Laptop Lenovo	8500000.00	7	59500000.00	264	Prabowo Winarno	Jalan Tebet Barat Dalam No. 093\nTangerang, JA 86102	+62 (673) 296-7391	2025-10-02	59500000.00	Online Transaction
355	2025-07-17	1	Laptop Lenovo	8500000.00	1	8500000.00	793	Ajiman Sitorus	Gang Moch. Toha No. 240\nDenpasar, BA 12088	+62-041-149-4811	2025-07-17	8500000.00	Store Sale
359	2025-10-06	1	Laptop Lenovo	8500000.00	6	51000000.00	1669	Devi Mangunsong	NULL	+62 (023) 934 3836	2025-10-06	51000000.00	Customer Purchase
374	2026-06-16	1	Laptop Lenovo	8500000.00	7	59500000.00	1040	Harsana Mardhiyah	Jl. Dipenogoro No. 132\nTangerang Selatan, KU 25513	+62-65-173-4873	2026-06-16	59500000.00	Store Sale
382	2026-06-04	1	Laptop Lenovo	8500000.00	4	34000000.00	1500	Prayogo Zulaika, S.Farm	Jalan Cikutra Barat No. 9\nTangerang Selatan, KR 08665	+62 (96) 140 6934	2026-06-04	34000000.00	Customer Purchase
387	2026-05-11	1	Laptop Lenovo	8500000.00	7	59500000.00	390	Icha Irawan	Jl. Ronggowarsito No. 6\nSibolga, Kalimantan Tengah 17563	084 295 7851	2026-05-11	59500000.00	Store Sale
389	2026-06-20	1	Laptop Lenovo	8500000.00	4	34000000.00	663	Hafshah Sitompul, S.E.	Gg. Kebonjati No. 935\nPangkalpinang, Kalimantan Timur 06073	+62 (021) 433 1812	2026-06-20	34000000.00	Store Sale
393	2026-01-29	1	Laptop Lenovo	8500000.00	8	68000000.00	1344	Prakosa Hakim	Jl. Sukabumi No. 38\nKota Administrasi Jakarta Pusat, Bali 02291	+62-81-095-0461	2026-01-29	68000000.00	Product Sale
395	2026-02-08	1	Laptop Lenovo	8500000.00	8	68000000.00	381	Soleh Padmasari	Gang Pelajar Pejuang No. 00\nDenpasar, BT 17587	+62-411-275-6733	2026-02-08	68000000.00	Online Transaction
396	2026-05-18	1	Laptop Lenovo	8500000.00	8	68000000.00	832	Prasetya Wibisono	Gg. Peta No. 135\nPontianak, PB 21464	(073) 607-4068	2026-05-18	68000000.00	Customer Purchase
399	2025-12-19	1	Laptop Lenovo	8500000.00	3	25500000.00	747	Warsa Winarsih	Jl. BKR No. 52\nJayapura, PB 25286	(001) 238-8711	2025-12-19	25500000.00	Product Sale
407	2025-10-03	1	Laptop Lenovo	8500000.00	9	76500000.00	763	Patricia Tampubolon	Gg. Medokan Ayu No. 34\nPangkalpinang, SN 29231	(006) 783 7630	2025-10-03	76500000.00	Customer Purchase
408	2026-05-14	1	Laptop Lenovo	8500000.00	1	8500000.00	1279	Tgk. Fathonah Nurdiyanti, S.IP	Gg. W.R. Supratman No. 9\nPematangsiantar, Sulawesi Tenggara 69097	+62-53-849-2346	2026-05-14	8500000.00	Online Transaction
412	2025-09-23	1	Laptop Lenovo	8500000.00	10	85000000.00	1245	Drs. Qori Zulkarnain	Jalan Rungkut Industri No. 5\nDenpasar, Jambi 83943	+62-82-592-3041	2025-09-23	85000000.00	Product Sale
414	2026-02-03	1	Laptop Lenovo	8500000.00	1	8500000.00	1896	Sabar Usada	Gg. Rungkut Industri No. 28\nBatu, Sumatera Barat 28974	+62 (088) 785 2516	2026-02-03	8500000.00	Customer Purchase
417	2025-12-07	1	Laptop Lenovo	8500000.00	9	76500000.00	921	Paramita Hardiansyah	Gg. HOS. Cokroaminoto No. 998\nLubuklinggau, Papua 53855	+62 (548) 722-7000	2025-12-07	76500000.00	Online Transaction
423	2025-08-19	1	Laptop Lenovo	8500000.00	7	59500000.00	1900	Daryani Pertiwi	Gang PHH. Mustofa No. 42\nPagaralam, NB 49272	(0014) 593-4034	2025-08-19	59500000.00	Customer Purchase
425	2025-09-15	1	Laptop Lenovo	8500000.00	7	59500000.00	140	Saiful Hidayat	Gang Dipatiukur No. 185\nSurakarta, AC 96418	+62-87-430-1477	2025-09-15	59500000.00	Online Transaction
429	2025-10-04	1	Laptop Lenovo	8500000.00	6	51000000.00	1859	Salsabila Hidayanto	Gg. Waringin No. 57\nMetro, Sulawesi Utara 74468	+62 (0937) 388-7404	2025-10-04	51000000.00	Online Transaction
432	2026-01-19	1	Laptop Lenovo	8500000.00	3	25500000.00	926	Shania Simanjuntak	NULL	084 236 0553	2026-01-19	25500000.00	Online Transaction
436	2025-08-02	1	Laptop Lenovo	8500000.00	5	42500000.00	1017	Galih Zulkarnain, S.Sos	Jalan Bangka Raya No. 907\nSorong, AC 24262	+62 (0595) 605-3970	2025-08-02	42500000.00	Customer Purchase
439	2026-06-16	1	Laptop Lenovo	8500000.00	10	85000000.00	1924	Drs. Adinata Hutasoit	Jalan Peta No. 96\nMojokerto, Kalimantan Tengah 89525	+62 (38) 154 3646	2026-06-16	85000000.00	Customer Purchase
440	2026-01-04	1	Laptop Lenovo	8500000.00	2	17000000.00	1497	Rahayu Narpati, M.Ak	Jalan Lembong No. 6\nTangerang, Jawa Timur 98477	+62 (61) 048 2008	2026-01-04	17000000.00	Store Sale
441	2026-05-07	1	Laptop Lenovo	8500000.00	6	51000000.00	362	Irma Wacana, M.TI.	Jalan Rajawali Timur No. 2\nPekanbaru, Sumatera Barat 13159	(019) 801 1979	2026-05-07	51000000.00	Customer Purchase
443	2026-04-08	1	Laptop Lenovo	8500000.00	3	25500000.00	1456	Rangga Purnawati	Gg. Medokan Ayu No. 55\nBima, Sumatera Selatan 72111	+62-73-185-0690	2026-04-08	25500000.00	Product Sale
446	2026-01-01	1	Laptop Lenovo	8500000.00	1	8500000.00	286	Wirda Purnawati	Jl. Antapani Lama No. 2\nMakassar, SU 85773	0831059830	2026-01-01	8500000.00	Online Transaction
449	2026-01-20	1	Laptop Lenovo	8500000.00	8	68000000.00	1239	Bakiadi Iswahyudi	Jalan Pasirkoja No. 025\nPariaman, KB 09172	086 445 9864	2026-01-20	68000000.00	Product Sale
453	2025-10-25	1	Laptop Lenovo	8500000.00	5	42500000.00	539	Ridwan Usamah	Gang Rajawali Timur No. 66\nPagaralam, JI 79828	+62 (031) 879 4994	2025-10-25	42500000.00	Online Transaction
456	2025-07-22	1	Laptop Lenovo	8500000.00	4	34000000.00	121	dr. Dewi Purwanti	Jalan HOS. Cokroaminoto No. 44\nBanjarmasin, Kalimantan Timur 14048	(0661) 916-5988	2025-07-22	34000000.00	Online Transaction
464	2025-11-06	1	Laptop Lenovo	8500000.00	8	68000000.00	562	Purwanto Utama	Gang Tebet Barat Dalam No. 953\nTasikmalaya, Sumatera Utara 09970	+62 (0110) 858-2500	2025-11-06	68000000.00	Customer Purchase
466	2026-05-25	1	Laptop Lenovo	8500000.00	5	42500000.00	556	Puti Irawan	Gg. Indragiri No. 682\nSolok, JT 15932	+62 (0706) 115 0519	2026-05-25	42500000.00	Customer Purchase
470	2025-10-21	1	Laptop Lenovo	8500000.00	8	68000000.00	656	Tgk. Jagapati Pranowo	Gang Rawamangun No. 87\nPalu, GO 03885	+62 (0190) 309-3295	2025-10-21	68000000.00	Online Transaction
471	2025-11-12	1	Laptop Lenovo	8500000.00	5	42500000.00	173	Sutan Prabu Prayoga	Jl. K.H. Wahid Hasyim No. 56\nMalang, Lampung 01824	(028) 962-5474	2025-11-12	42500000.00	Online Transaction
472	2026-06-07	1	Laptop Lenovo	8500000.00	9	76500000.00	1968	Perkasa Setiawan	Gang Cikutra Barat No. 122\nPrabumulih, Bali 26258	+62 (713) 077-1380	2026-06-07	76500000.00	Store Sale
479	2026-05-24	1	Laptop Lenovo	8500000.00	10	85000000.00	1494	Dian Tarihoran, M.Kom.	Gang Raya Ujungberung No. 7\nPasuruan, Jawa Barat 13429	(0942) 267-2828	2026-05-24	85000000.00	Product Sale
481	2025-11-16	1	Laptop Lenovo	8500000.00	5	42500000.00	1762	R. Leo Novitasari	Gang Surapati No. 96\nBau-Bau, GO 84667	+62 (005) 520 1608	2025-11-16	42500000.00	Product Sale
484	2026-04-24	1	Laptop Lenovo	8500000.00	7	59500000.00	1060	Puspa Oktaviani	Gg. Rajawali Barat No. 4\nBukittinggi, Banten 67152	+62 (873) 421 9508	2026-04-24	59500000.00	Online Transaction
486	2026-01-04	1	Laptop Lenovo	8500000.00	4	34000000.00	1068	Drs. Paramita Sitompul, S.Sos	Gang Raya Setiabudhi No. 955\nTanjungpinang, Aceh 72881	(0242) 616 9182	2026-01-04	34000000.00	Customer Purchase
493	2025-11-22	1	Laptop Lenovo	8500000.00	6	51000000.00	1990	Yulia Pradipta	Jl. Veteran No. 94\nJambi, JA 84532	(097) 027-8262	2025-11-22	51000000.00	Online Transaction
494	2025-12-08	1	Laptop Lenovo	8500000.00	1	8500000.00	161	Mahfud Tamba, M.TI.	Jl. Sadang Serang No. 2\nPrabumulih, MU 77421	0825493694	2025-12-08	8500000.00	Customer Purchase
506	2026-05-10	1	Laptop Lenovo	8500000.00	10	85000000.00	544	Hj. Rahmi Gunawan, S.E.I	Gg. M.H Thamrin No. 219\nKendari, BT 50002	+62 (968) 214-3067	2026-05-10	85000000.00	Product Sale
509	2025-10-28	1	Laptop Lenovo	8500000.00	4	34000000.00	105	Paulin Susanti	Jalan K.H. Wahid Hasyim No. 7\nTernate, BT 78667	+62 (67) 882 9594	2025-10-28	34000000.00	Customer Purchase
512	2026-02-10	1	Laptop Lenovo	8500000.00	2	17000000.00	562	Purwanto Utama	Gang Tebet Barat Dalam No. 953\nTasikmalaya, Sumatera Utara 09970	+62 (0110) 858-2500	2026-02-10	17000000.00	Customer Purchase
522	2025-09-30	1	Laptop Lenovo	8500000.00	10	85000000.00	101	R.A. Kamaria Permadi, M.Farm	Jl. Laswi No. 4\nTanjungpinang, LA 66348	(098) 624 3148	2025-09-30	85000000.00	Customer Purchase
534	2025-08-16	1	Laptop Lenovo	8500000.00	4	34000000.00	642	Puti Lili Sinaga	Jalan Gardujati No. 205\nCilegon, Sumatera Selatan 27595	(0198) 057-9024	2025-08-16	34000000.00	Customer Purchase
540	2026-05-18	1	Laptop Lenovo	8500000.00	8	68000000.00	213	Elisa Mahendra	Jl. Cihampelas No. 79\nSabang, Sulawesi Selatan 34062	+62 (0350) 473-8488	2026-05-18	68000000.00	Store Sale
546	2025-11-10	1	Laptop Lenovo	8500000.00	3	25500000.00	86	Ir. Baktiadi Siregar, S.Sos	Gg. Cihampelas No. 6\nCilegon, AC 32752	+62 (014) 100 1890	2025-11-10	25500000.00	Store Sale
547	2025-12-30	1	Laptop Lenovo	8500000.00	3	25500000.00	80	Rachel Wahyuni	Jalan Medokan Ayu No. 152\nKota Administrasi Jakarta Selatan, BE 05053	+62-87-085-9912	2025-12-30	25500000.00	Store Sale
549	2026-04-29	1	Laptop Lenovo	8500000.00	1	8500000.00	1093	R.M. Pandu Winarsih, S.H.	Gg. Siliwangi No. 1\nBalikpapan, Jawa Barat 95462	+62 (0079) 940-1539	2026-04-29	8500000.00	Online Transaction
551	2026-05-19	1	Laptop Lenovo	8500000.00	5	42500000.00	725	Harja Narpati	Jl. Wonoayu No. 0\nBekasi, Nusa Tenggara Timur 98636	+62-0113-355-8191	2026-05-19	42500000.00	Online Transaction
552	2026-05-15	1	Laptop Lenovo	8500000.00	1	8500000.00	543	Jail Napitupulu	Gg. BKR No. 9\nKupang, Sulawesi Selatan 99137	+62 (993) 794-6627	2026-05-15	8500000.00	Product Sale
554	2026-06-10	1	Laptop Lenovo	8500000.00	1	8500000.00	1738	drg. Siska Uwais, M.M.	Jalan Tubagus Ismail No. 35\nPadang, JB 17664	+62 (0189) 033-1679	2026-06-10	8500000.00	Online Transaction
570	2026-04-04	1	Laptop Lenovo	8500000.00	9	76500000.00	1196	Icha Zulkarnain, M.TI.	Gg. Tubagus Ismail No. 2\nKendari, DKI Jakarta 56682	+62 (0551) 151-6622	2026-04-04	76500000.00	Customer Purchase
572	2025-10-31	1	Laptop Lenovo	8500000.00	5	42500000.00	1910	Jail Agustina	Jl. Suryakencana No. 6\nKota Administrasi Jakarta Selatan, SS 10933	+62 (32) 800-0281	2025-10-31	42500000.00	Product Sale
576	2026-01-14	1	Laptop Lenovo	8500000.00	3	25500000.00	1021	Muni Melani	Gg. Ciumbuleuit No. 2\nBatu, Nusa Tenggara Timur 55343	0856152478	2026-01-14	25500000.00	Product Sale
582	2026-06-04	1	Laptop Lenovo	8500000.00	4	34000000.00	457	Liman Saefullah, S.E.I	Gang Cikutra Barat No. 6\nPontianak, Sulawesi Utara 34464	+62-0326-722-9704	2026-06-04	34000000.00	Store Sale
585	2025-08-24	1	Laptop Lenovo	8500000.00	9	76500000.00	1183	Mutia Sudiati, M.M.	Jl. Kapten Muslihat No. 146\nBanjar, Kepulauan Bangka Belitung 86970	+62 (016) 016-0214	2025-08-24	76500000.00	Product Sale
595	2025-07-13	1	Laptop Lenovo	8500000.00	5	42500000.00	514	dr. Yahya Mangunsong, S.E.	Gang Rajawali Timur No. 5\nTernate, KU 44521	+62-0578-911-8875	2025-07-13	42500000.00	Online Transaction
608	2026-06-14	1	Laptop Lenovo	8500000.00	2	17000000.00	373	Raisa Wastuti	Gg. Dipenogoro No. 680\nSingkawang, SU 45575	+62 (0667) 399 4904	2026-06-14	17000000.00	Product Sale
610	2026-06-07	1	Laptop Lenovo	8500000.00	1	8500000.00	576	Alika Maryati	Gg. Cihampelas No. 5\nBatam, AC 91201	+62-780-731-9937	2026-06-07	8500000.00	Product Sale
621	2025-10-24	1	Laptop Lenovo	8500000.00	2	17000000.00	1038	R. Xanana Hidayanto	NULL	089 164 1561	2025-10-24	17000000.00	Customer Purchase
624	2026-07-05	1	Laptop Lenovo	8500000.00	7	59500000.00	1286	Wirda Purnawati	Jl. Antapani Lama No. 2\nMakassar, SU 85773	0831059830	2026-07-05	59500000.00	Customer Purchase
634	2026-05-08	1	Laptop Lenovo	8500000.00	4	34000000.00	1439	Okto Wibisono	Gg. H.J Maemunah No. 7\nLhokseumawe, Papua 59069	+62-62-351-8109	2026-05-08	34000000.00	Online Transaction
635	2025-07-09	1	Laptop Lenovo	8500000.00	6	51000000.00	88	Unjani Riyanti	NULL	+62-13-134-5691	2025-07-09	51000000.00	Customer Purchase
639	2026-01-31	1	Laptop Lenovo	8500000.00	3	25500000.00	1031	dr. Lintang Prasasta, S.Kom	Jl. Indragiri No. 720\nBogor, JB 85935	+62-12-211-5969	2026-01-31	25500000.00	Store Sale
640	2025-12-04	1	Laptop Lenovo	8500000.00	9	76500000.00	615	Gada Lailasari	Jalan Monginsidi No. 75\nSubulussalam, Papua Barat 18409	+62 (27) 284-9378	2025-12-04	76500000.00	Store Sale
642	2025-08-26	1	Laptop Lenovo	8500000.00	1	8500000.00	1127	Sabri Marpaung	Gang Siliwangi No. 65\nTomohon, KR 30699	+62 (017) 933 8079	2025-08-26	8500000.00	Online Transaction
643	2026-04-13	1	Laptop Lenovo	8500000.00	4	34000000.00	670	Luwes Maryati	Jl. Gardujati No. 365\nManado, BE 31573	(063) 549-3447	2026-04-13	34000000.00	Customer Purchase
649	2025-07-16	1	Laptop Lenovo	8500000.00	1	8500000.00	766	Cici Astuti	Jalan PHH. Mustofa No. 03\nPariaman, Bali 27114	(0792) 119-1987	2025-07-16	8500000.00	Store Sale
650	2026-07-07	1	Laptop Lenovo	8500000.00	1	8500000.00	1634	Mala Dabukke	Jalan Abdul Muis No. 09\nPekalongan, Papua Barat 17089	+62-07-269-6440	2026-07-07	8500000.00	Customer Purchase
655	2026-03-08	1	Laptop Lenovo	8500000.00	5	42500000.00	437	Janet Hutasoit	Jalan Gedebage Selatan No. 0\nGorontalo, Aceh 35348	+62 (0850) 970-5962	2026-03-08	42500000.00	Online Transaction
666	2026-06-06	1	Laptop Lenovo	8500000.00	3	25500000.00	568	Ayu Yuliarti, M.Ak	Jalan Surapati No. 01\nCimahi, KI 53874	+62-441-983-2432	2026-06-06	25500000.00	Product Sale
673	2026-03-04	1	Laptop Lenovo	8500000.00	3	25500000.00	1173	Sutan Prabu Prayoga	Jl. K.H. Wahid Hasyim No. 56\nMalang, Lampung 01824	(028) 962-5474	2026-03-04	25500000.00	Store Sale
677	2026-02-18	1	Laptop Lenovo	8500000.00	5	42500000.00	1346	Kiandra Salahudin	Jalan KH Amin Jasuta No. 1\nTernate, NB 71316	+62-72-060-7251	2026-02-18	42500000.00	Store Sale
678	2026-05-02	1	Laptop Lenovo	8500000.00	6	51000000.00	676	Vicky Sudiati	Jl. Jayawijaya No. 8\nBekasi, Bali 12630	(023) 152-1312	2026-05-02	51000000.00	Store Sale
685	2025-08-18	1	Laptop Lenovo	8500000.00	6	51000000.00	396	Darsirah Kurniawan, S.Farm	Jalan Rumah Sakit No. 5\nPasuruan, SR 77779	+62 (064) 495 5349	2025-08-18	51000000.00	Product Sale
686	2026-06-02	1	Laptop Lenovo	8500000.00	8	68000000.00	981	Cut Zahra Sinaga	Gang Waringin No. 27\nProbolinggo, Sulawesi Utara 02426	+62 (614) 519-1537	2026-06-02	68000000.00	Customer Purchase
695	2026-02-08	1	Laptop Lenovo	8500000.00	5	42500000.00	1146	Harsana Mardhiyah	Gg. Kutai No. 02\nSolok, SB 52497	+62 (055) 814 0650	2026-02-08	42500000.00	Online Transaction
697	2026-06-01	1	Laptop Lenovo	8500000.00	4	34000000.00	450	Keisha Hakim	Jl. Ronggowarsito No. 690\nKendari, JK 98415	0801051621	2026-06-01	34000000.00	Customer Purchase
704	2026-02-04	1	Laptop Lenovo	8500000.00	8	68000000.00	593	Xanana Oktaviani, S.Pt	Gg. Rajiman No. 721\nPalu, Maluku 23365	(0734) 881-6832	2026-02-04	68000000.00	Product Sale
705	2025-08-05	1	Laptop Lenovo	8500000.00	2	17000000.00	858	Gilda Mansur	NULL	+62 (92) 573-6542	2025-08-05	17000000.00	Customer Purchase
715	2025-09-16	1	Laptop Lenovo	8500000.00	9	76500000.00	51	Hj. Sadina Mustofa, M.Farm	Jalan Antapani Lama No. 03\nSurakarta, Maluku 70862	0825903962	2025-09-16	76500000.00	Online Transaction
716	2026-04-25	1	Laptop Lenovo	8500000.00	8	68000000.00	1779	Warsa Pangestu	Gang Medokan Ayu No. 9\nBinjai, RI 94652	+62 (0370) 641-3324	2026-04-25	68000000.00	Product Sale
721	2025-09-08	1	Laptop Lenovo	8500000.00	9	76500000.00	776	Bagya Marpaung	Jalan Peta No. 4\nPalangkaraya, JK 79402	+62 (71) 789 9863	2025-09-08	76500000.00	Product Sale
723	2025-12-26	1	Laptop Lenovo	8500000.00	10	85000000.00	1354	R. Violet Widodo	Jalan Kebonjati No. 6\nPariaman, Sumatera Barat 85235	+62-0777-899-3264	2025-12-26	85000000.00	Online Transaction
729	2025-07-17	1	Laptop Lenovo	8500000.00	4	34000000.00	1250	Dr. Elisa Pertiwi	Gg. HOS. Cokroaminoto No. 581\nLhokseumawe, Kalimantan Tengah 67955	(017) 138 6217	2025-07-17	34000000.00	Store Sale
735	2025-12-19	1	Laptop Lenovo	8500000.00	2	17000000.00	1435	Paiman Napitupulu	Jl. Pelajar Pejuang No. 6\nLangsa, KR 23955	+62-076-167-7345	2025-12-19	17000000.00	Product Sale
744	2026-04-25	1	Laptop Lenovo	8500000.00	8	68000000.00	499	Putu Nurdiyanti	Gang Rumah Sakit No. 524\nPayakumbuh, Bengkulu 80020	+62 (0034) 683-2325	2026-04-25	68000000.00	Store Sale
747	2026-07-03	1	Laptop Lenovo	8500000.00	9	76500000.00	214	Padmi Suwarno	Gg. Medokan Ayu No. 7\nBitung, Jambi 64834	+62 (005) 418 4120	2026-07-03	76500000.00	Online Transaction
751	2026-07-05	1	Laptop Lenovo	8500000.00	9	76500000.00	403	Raharja Salahudin, S.H.	Gg. Setiabudhi No. 40\nPalu, KS 22373	+62 (31) 800 9112	2026-07-05	76500000.00	Store Sale
763	2026-01-31	1	Laptop Lenovo	8500000.00	9	76500000.00	1390	Icha Irawan	Jl. Ronggowarsito No. 6\nSibolga, Kalimantan Tengah 17563	084 295 7851	2026-01-31	76500000.00	Product Sale
767	2026-01-05	1	Laptop Lenovo	8500000.00	6	51000000.00	701	drg. Ikhsan Hidayat, S.H.	Jalan Ciumbuleuit No. 71\nSawahlunto, LA 59226	+62-000-824-3956	2026-01-05	51000000.00	Customer Purchase
768	2026-07-02	1	Laptop Lenovo	8500000.00	1	8500000.00	1280	KH. Mursita Pangestu	Gang S. Parman No. 102\nPekalongan, Bali 94018	+62-99-220-9465	2026-07-02	8500000.00	Customer Purchase
772	2025-09-14	1	Laptop Lenovo	8500000.00	8	68000000.00	1333	Ade Santoso	Gang Kutai No. 901\nMakassar, Sulawesi Tenggara 86495	(092) 989-3581	2025-09-14	68000000.00	Product Sale
777	2026-03-03	1	Laptop Lenovo	8500000.00	1	8500000.00	232	R. Yosef Prasetya	Gang Jamika No. 9\nBlitar, Sulawesi Barat 38273	+62 (039) 811-3376	2026-03-03	8500000.00	Store Sale
783	2026-01-09	1	Laptop Lenovo	8500000.00	5	42500000.00	833	Yoga Ardianto	Gg. Gardujati No. 6\nPurwokerto, Kalimantan Tengah 79090	(0648) 400-5488	2026-01-09	42500000.00	Online Transaction
786	2025-11-30	1	Laptop Lenovo	8500000.00	3	25500000.00	127	Sabri Marpaung	Gang Siliwangi No. 65\nTomohon, KR 30699	+62 (017) 933 8079	2025-11-30	25500000.00	Customer Purchase
788	2025-09-03	1	Laptop Lenovo	8500000.00	6	51000000.00	110	Paris Novitasari	Gang Suryakencana No. 938\nTarakan, Kalimantan Utara 94751	(0013) 110 1343	2025-09-03	51000000.00	Store Sale
798	2026-03-25	1	Laptop Lenovo	8500000.00	3	25500000.00	482	Galur Pertiwi	Jalan R.E Martadinata No. 52\nSalatiga, Kepulauan Riau 89603	+62-098-116-8158	2026-03-25	25500000.00	Customer Purchase
802	2025-11-05	1	Laptop Lenovo	8500000.00	1	8500000.00	1265	Cinthia Kuswoyo	Gg. Raya Setiabudhi No. 113\nKota Administrasi Jakarta Timur, Jawa Timur 42340	+62 (468) 061 8805	2025-11-05	8500000.00	Online Transaction
805	2026-06-13	1	Laptop Lenovo	8500000.00	5	42500000.00	971	Vega Wahyuni	Gang Cikapayang No. 508\nPariaman, Aceh 10607	+62 (0822) 232-8885	2026-06-13	42500000.00	Customer Purchase
806	2025-09-21	1	Laptop Lenovo	8500000.00	6	51000000.00	787	Ratih Sinaga	Jalan Jakarta No. 160\nTidore Kepulauan, SR 28984	+62-05-938-2954	2025-09-21	51000000.00	Store Sale
818	2025-09-02	1	Laptop Lenovo	8500000.00	4	34000000.00	1145	Tgk. Soleh Rajata, S.Pt	Gg. Suryakencana No. 8\nSamarinda, KR 41955	+62 (908) 014 9608	2025-09-02	34000000.00	Product Sale
820	2025-07-27	1	Laptop Lenovo	8500000.00	9	76500000.00	752	Dr. Gina Firgantoro	Gg. Jamika No. 9\nTernate, Jambi 63139	+62 (59) 997-5324	2025-07-27	76500000.00	Online Transaction
823	2025-07-08	1	Laptop Lenovo	8500000.00	1	8500000.00	1776	Bagya Marpaung	Jalan Peta No. 4\nPalangkaraya, JK 79402	+62 (71) 789 9863	2025-07-08	8500000.00	Customer Purchase
832	2025-07-10	1	Laptop Lenovo	8500000.00	4	34000000.00	1421	Purwa Gunarto, M.Ak	Gg. Gegerkalong Hilir No. 551\nBanda Aceh, GO 64666	+62 (97) 002-0604	2025-07-10	34000000.00	Online Transaction
837	2025-08-12	1	Laptop Lenovo	8500000.00	5	42500000.00	1693	Viktor Firmansyah	Gang Moch. Toha No. 5\nBitung, NB 63653	+62-262-581-8094	2025-08-12	42500000.00	Online Transaction
840	2025-09-13	1	Laptop Lenovo	8500000.00	5	42500000.00	612	H. Mursinin Mansur	Gg. Ir. H. Djuanda No. 7\nLubuklinggau, BB 91673	+62-013-579-0630	2025-09-13	42500000.00	Online Transaction
842	2026-03-08	1	Laptop Lenovo	8500000.00	1	8500000.00	814	Putri Laksmiwati, S.Kom	Gang Gardujati No. 36\nCirebon, JT 06498	+62 (48) 602 7912	2026-03-08	8500000.00	Customer Purchase
844	2026-07-03	1	Laptop Lenovo	8500000.00	1	8500000.00	317	Cakrabirawa Pudjiastuti, S.Ked	Jalan Antapani Lama No. 4\nPalangkaraya, JB 80039	(090) 785 6645	2026-07-03	8500000.00	Online Transaction
849	2026-06-02	1	Laptop Lenovo	8500000.00	5	42500000.00	1213	Elisa Mahendra	Jl. Cihampelas No. 79\nSabang, Sulawesi Selatan 34062	+62 (0350) 473-8488	2026-06-02	42500000.00	Product Sale
850	2026-05-03	1	Laptop Lenovo	8500000.00	4	34000000.00	1981	Cut Zahra Sinaga	Gang Waringin No. 27\nProbolinggo, Sulawesi Utara 02426	+62 (614) 519-1537	2026-05-03	34000000.00	Online Transaction
857	2025-07-16	1	Laptop Lenovo	8500000.00	10	85000000.00	902	R. Paulin Susanti	Gang Pasir Koja No. 08\nPekalongan, GO 10726	+62 (704) 917 1255	2025-07-16	85000000.00	Product Sale
870	2025-09-06	1	Laptop Lenovo	8500000.00	5	42500000.00	214	Padmi Suwarno	Gg. Medokan Ayu No. 7\nBitung, Jambi 64834	+62 (005) 418 4120	2025-09-06	42500000.00	Online Transaction
876	2025-07-14	1	Laptop Lenovo	8500000.00	9	76500000.00	1635	Martaka Wastuti	Jalan Waringin No. 881\nPadangpanjang, AC 16646	+62 (476) 191 6515	2025-07-14	76500000.00	Customer Purchase
883	2026-01-15	1	Laptop Lenovo	8500000.00	8	68000000.00	1871	Candra Handayani	Jalan Kebonjati No. 893\nSemarang, JT 12650	0805750171	2026-01-15	68000000.00	Store Sale
884	2026-04-01	1	Laptop Lenovo	8500000.00	7	59500000.00	1872	Damu Ardianto	Jl. Cikutra Timur No. 84\nTangerang Selatan, SB 23719	+62-0943-407-3566	2026-04-01	59500000.00	Customer Purchase
888	2025-10-13	1	Laptop Lenovo	8500000.00	3	25500000.00	1479	Opan Permadi	Jalan Raya Setiabudhi No. 4\nTual, Sulawesi Barat 17471	(074) 257 8346	2025-10-13	25500000.00	Store Sale
895	2026-04-05	1	Laptop Lenovo	8500000.00	9	76500000.00	1548	Tgk. Najam Simbolon	Jalan Sukajadi No. 647\nTarakan, AC 72530	(0555) 963 2042	2026-04-05	76500000.00	Online Transaction
907	2026-02-03	1	Laptop Lenovo	8500000.00	4	34000000.00	41	Dewi Pangestu	Gang Pacuan Kuda No. 58\nTual, RI 81051	+62 (0484) 286 7416	2026-02-03	34000000.00	Online Transaction
908	2026-05-08	1	Laptop Lenovo	8500000.00	1	8500000.00	423	Dt. Luluh Yulianti, M.Pd	Jalan Yos Sudarso No. 63\nPalopo, NT 57274	(0830) 692 9316	2026-05-08	8500000.00	Online Transaction
912	2025-10-06	1	Laptop Lenovo	8500000.00	3	25500000.00	1319	Zelda Sinaga	Jl. Kutai No. 2\nBanjarbaru, SB 71187	0884302852	2025-10-06	25500000.00	Store Sale
920	2025-11-07	1	Laptop Lenovo	8500000.00	10	85000000.00	159	Padmi Hidayanto, S.E.I	Gg. Gardujati No. 7\nSurabaya, Papua 07091	(075) 303-2352	2025-11-07	85000000.00	Product Sale
933	2025-12-10	1	Laptop Lenovo	8500000.00	2	17000000.00	1129	Eli Widodo	Jl. Cihampelas No. 78\nKota Administrasi Jakarta Pusat, NB 44594	+62 (06) 988 4453	2025-12-10	17000000.00	Online Transaction
935	2025-07-16	1	Laptop Lenovo	8500000.00	7	59500000.00	869	Wardaya Yolanda, M.Ak	Gang Raya Ujungberung No. 37\nSingkawang, Maluku 83110	+62 (19) 192 6406	2025-07-16	59500000.00	Product Sale
937	2026-01-27	1	Laptop Lenovo	8500000.00	3	25500000.00	1696	Nadine Nasyidah	Jalan Kendalsari No. 533\nTasikmalaya, SU 88576	(0553) 483-7365	2026-01-27	25500000.00	Product Sale
946	2025-09-28	1	Laptop Lenovo	8500000.00	3	25500000.00	106	Dr. Adiarja Maryadi	Gg. Kebonjati No. 7\nCilegon, JT 42338	084 092 9411	2025-09-28	25500000.00	Product Sale
953	2026-05-08	1	Laptop Lenovo	8500000.00	1	8500000.00	986	dr. Kambali Waskita, M.Pd	Gg. S. Parman No. 0\nSolok, MU 69709	+62-811-402-8937	2026-05-08	8500000.00	Store Sale
961	2025-07-24	1	Laptop Lenovo	8500000.00	1	8500000.00	754	Alika Habibi	Jl. Tubagus Ismail No. 1\nCilegon, Papua Barat 60696	(0789) 133 4660	2025-07-24	8500000.00	Online Transaction
970	2025-11-22	1	Laptop Lenovo	8500000.00	10	85000000.00	1382	Oliva Prasetya	Jl. Veteran No. 96\nMalang, Maluku Utara 30927	(071) 376-0588	2025-11-22	85000000.00	Online Transaction
971	2026-05-16	1	Laptop Lenovo	8500000.00	2	17000000.00	1197	KH. Kenari Gunawan, S.E.	Jalan M.H Thamrin No. 504\nTangerang Selatan, PA 51146	+62 (107) 685 7780	2026-05-16	17000000.00	Product Sale
1015	2026-03-13	1	Laptop Lenovo	8500000.00	7	59500000.00	151	Dt. Harsanto Kusumo	Gg. KH Amin Jasuta No. 24\nPekalongan, Sulawesi Selatan 58688	+62 (069) 132-3241	2026-03-13	59500000.00	Product Sale
1021	2026-02-10	1	Laptop Lenovo	8500000.00	6	51000000.00	1406	Oskar Sitorus	Jalan Kiaracondong No. 044\nPalembang, Sulawesi Utara 12147	(0095) 533-7204	2026-02-10	51000000.00	Product Sale
1029	2025-11-18	1	Laptop Lenovo	8500000.00	10	85000000.00	751	Lili Waskita	Gang Monginsidi No. 728\nSemarang, SG 65034	(0364) 291 3204	2025-11-18	85000000.00	Online Transaction
1031	2025-09-12	1	Laptop Lenovo	8500000.00	10	85000000.00	1380	R.A. Yuni Prasetya, S.Ked	Jalan Dr. Djunjunan No. 11\nPagaralam, SG 55871	+62 (90) 551 1888	2025-09-12	85000000.00	Store Sale
1032	2026-07-01	1	Laptop Lenovo	8500000.00	5	42500000.00	1413	Ayu Habibi	NULL	+62-563-623-0838	2026-07-01	42500000.00	Store Sale
1034	2025-11-20	1	Laptop Lenovo	8500000.00	4	34000000.00	1071	R. Michelle Lailasari, S.E.	Gang Gardujati No. 10\nPalembang, Lampung 44149	+62 (207) 583 6836	2025-11-20	34000000.00	Store Sale
1035	2025-10-21	1	Laptop Lenovo	8500000.00	3	25500000.00	461	Najib Aryani	Gg. Dr. Djunjunan No. 57\nBatu, KB 53470	+62-95-882-6750	2025-10-21	25500000.00	Product Sale
1036	2026-01-29	1	Laptop Lenovo	8500000.00	6	51000000.00	1220	Cut Lidya Tarihoran, M.Ak	Gang Ir. H. Djuanda No. 4\nLubuklinggau, MA 85131	+62 (005) 122 6060	2026-01-29	51000000.00	Customer Purchase
1044	2026-01-28	1	Laptop Lenovo	8500000.00	1	8500000.00	354	R. Violet Widodo	Jalan Kebonjati No. 6\nPariaman, Sumatera Barat 85235	+62-0777-899-3264	2026-01-28	8500000.00	Online Transaction
1047	2025-11-04	1	Laptop Lenovo	8500000.00	10	85000000.00	827	Garan Saragih	Gg. Rajawali Timur No. 8\nKota Administrasi Jakarta Pusat, Nusa Tenggara Barat 01826	+62 (92) 172-3972	2025-11-04	85000000.00	Online Transaction
1057	2025-10-02	1	Laptop Lenovo	8500000.00	8	68000000.00	1062	T. Prayogo Budiman	Gang Kebonjati No. 59\nKota Administrasi Jakarta Selatan, Sumatera Barat 59350	+62-0484-548-5874	2025-10-02	68000000.00	Online Transaction
1072	2026-01-20	1	Laptop Lenovo	8500000.00	6	51000000.00	1670	Luwes Maryati	Jl. Gardujati No. 365\nManado, BE 31573	(063) 549-3447	2026-01-20	51000000.00	Store Sale
1074	2025-08-17	1	Laptop Lenovo	8500000.00	5	42500000.00	1195	Leo Mandala	Jalan Sentot Alibasa No. 59\nBukittinggi, JK 06747	(033) 106 6448	2025-08-17	42500000.00	Store Sale
1083	2026-06-15	1	Laptop Lenovo	8500000.00	5	42500000.00	321	Kamila Maulana	Jalan Wonoayu No. 443\nPematangsiantar, Nusa Tenggara Barat 38062	+62-928-474-9857	2026-06-15	42500000.00	Online Transaction
1088	2025-08-28	1	Laptop Lenovo	8500000.00	6	51000000.00	1413	Ayu Habibi	NULL	+62-563-623-0838	2025-08-28	51000000.00	Store Sale
1094	2025-09-29	1	Laptop Lenovo	8500000.00	5	42500000.00	1449	Dt. Darmanto Waskita, S.Kom	Jalan Jend. Sudirman No. 371\nYogyakarta, Maluku Utara 97730	+62 (033) 703-0725	2025-09-29	42500000.00	Product Sale
1095	2026-01-18	1	Laptop Lenovo	8500000.00	10	85000000.00	279	Tgk. Fathonah Nurdiyanti, S.IP	Gg. W.R. Supratman No. 9\nPematangsiantar, Sulawesi Tenggara 69097	+62-53-849-2346	2026-01-18	85000000.00	Online Transaction
1101	2026-07-03	1	Laptop Lenovo	8500000.00	9	76500000.00	1045	Cut Wulan Uyainah, S.Psi	Jalan Moch. Ramdan No. 4\nProbolinggo, LA 61591	082 614 2520	2026-07-03	76500000.00	Product Sale
1110	2025-10-04	1	Laptop Lenovo	8500000.00	4	34000000.00	1353	Gaduh Haryanto	Gang HOS. Cokroaminoto No. 180\nSalatiga, Gorontalo 62126	+62 (0107) 480-9871	2025-10-04	34000000.00	Product Sale
1111	2025-08-04	1	Laptop Lenovo	8500000.00	2	17000000.00	1422	R. Ira Prasetyo	Gg. HOS. Cokroaminoto No. 8\nTanjungpinang, Kalimantan Selatan 47829	+62 (0871) 567-8255	2025-08-04	17000000.00	Product Sale
1112	2025-09-17	1	Laptop Lenovo	8500000.00	1	8500000.00	562	Purwanto Utama	Gang Tebet Barat Dalam No. 953\nTasikmalaya, Sumatera Utara 09970	+62 (0110) 858-2500	2025-09-17	8500000.00	Product Sale
1116	2025-08-15	1	Laptop Lenovo	8500000.00	7	59500000.00	715	Ira Ardianto, S.E.I	Gg. Sukabumi No. 6\nSemarang, NB 21892	(088) 929 5758	2025-08-15	59500000.00	Product Sale
1118	2025-07-22	1	Laptop Lenovo	8500000.00	8	68000000.00	470	Ir. Yunita Ramadan, S.E.	Gang Tubagus Ismail No. 572\nBima, Jawa Barat 15954	+62 (13) 744 3572	2025-07-22	68000000.00	Online Transaction
1122	2025-09-22	1	Laptop Lenovo	8500000.00	2	17000000.00	1959	Vanya Saputra	Jalan Jend. Sudirman No. 1\nMataram, NB 32949	(0866) 187 9328	2025-09-22	17000000.00	Customer Purchase
1124	2026-02-16	1	Laptop Lenovo	8500000.00	3	25500000.00	1872	Damu Ardianto	Jl. Cikutra Timur No. 84\nTangerang Selatan, SB 23719	+62-0943-407-3566	2026-02-16	25500000.00	Customer Purchase
1128	2026-04-27	1	Laptop Lenovo	8500000.00	9	76500000.00	998	Dr. Rusman Tarihoran	Gg. Cihampelas No. 287\nAmbon, Maluku 02718	+62-99-115-0523	2026-04-27	76500000.00	Customer Purchase
1130	2025-10-29	1	Laptop Lenovo	8500000.00	7	59500000.00	382	Oliva Prasetya	Jl. Veteran No. 96\nMalang, Maluku Utara 30927	(071) 376-0588	2025-10-29	59500000.00	Store Sale
1132	2026-01-12	1	Laptop Lenovo	8500000.00	4	34000000.00	808	Raihan Wibisono	Gang Rawamangun No. 4\nAmbon, KT 71315	(0207) 927-7333	2026-01-12	34000000.00	Online Transaction
1140	2026-03-18	1	Laptop Lenovo	8500000.00	9	76500000.00	1211	Gabriella Ramadan	Gg. Pasteur No. 12\nTegal, Maluku 15325	+62-782-222-6941	2026-03-18	76500000.00	Store Sale
1150	2025-07-08	1	Laptop Lenovo	8500000.00	1	8500000.00	1720	Drs. Kayla Pratama, S.Psi	Gang Tubagus Ismail No. 879\nKendari, Kalimantan Barat 46470	087 528 4828	2025-07-08	8500000.00	Product Sale
1152	2026-01-24	1	Laptop Lenovo	8500000.00	5	42500000.00	491	Liman Kusmawati	Jalan Dr. Djunjunan No. 0\nYogyakarta, KI 43005	+62 (0220) 025-1301	2026-01-24	42500000.00	Store Sale
1158	2026-05-16	1	Laptop Lenovo	8500000.00	1	8500000.00	1781	Farhunnisa Hutapea	Jalan Moch. Ramdan No. 922\nPurwokerto, SU 89174	(0970) 350 3642	2026-05-16	8500000.00	Product Sale
1160	2025-08-29	1	Laptop Lenovo	8500000.00	7	59500000.00	1371	Patricia Permadi	Jl. Cihampelas No. 952\nSungai Penuh, SS 96385	+62 (037) 446 5820	2025-08-29	59500000.00	Store Sale
1163	2026-03-01	1	Laptop Lenovo	8500000.00	2	17000000.00	499	Putu Nurdiyanti	Gang Rumah Sakit No. 524\nPayakumbuh, Bengkulu 80020	+62 (0034) 683-2325	2026-03-01	17000000.00	Customer Purchase
1180	2026-02-23	1	Laptop Lenovo	8500000.00	8	68000000.00	747	Warsa Winarsih	Jl. BKR No. 52\nJayapura, PB 25286	(001) 238-8711	2026-02-23	68000000.00	Store Sale
1188	2025-10-13	1	Laptop Lenovo	8500000.00	3	25500000.00	525	Galuh Saputra, M.Farm	Jalan Cihampelas No. 4\nLangsa, KR 52416	+62 (613) 409 8088	2025-10-13	25500000.00	Online Transaction
1192	2026-05-15	1	Laptop Lenovo	8500000.00	1	8500000.00	1536	Cici Habibi	Gg. Surapati No. 7\nParepare, NB 84452	0826504766	2026-05-15	8500000.00	Product Sale
1200	2026-01-02	1	Laptop Lenovo	8500000.00	10	85000000.00	1902	R. Paulin Susanti	Gang Pasir Koja No. 08\nPekalongan, GO 10726	+62 (704) 917 1255	2026-01-02	85000000.00	Store Sale
1209	2026-01-04	1	Laptop Lenovo	8500000.00	6	51000000.00	1005	Okto Puspita	Jalan Cihampelas No. 402\nMalang, Nusa Tenggara Barat 65000	(0162) 053 8179	2026-01-04	51000000.00	Online Transaction
1210	2026-06-24	1	Laptop Lenovo	8500000.00	5	42500000.00	1030	Genta Prasasta	Gang Tubagus Ismail No. 1\nTasikmalaya, NT 03025	+62-30-468-2355	2026-06-24	42500000.00	Customer Purchase
1216	2026-03-27	1	Laptop Lenovo	8500000.00	7	59500000.00	298	Gada Marbun, S.Farm	Gg. Rajiman No. 4\nBengkulu, KR 52986	+62-039-696-0689	2026-03-27	59500000.00	Customer Purchase
1221	2026-02-05	1	Laptop Lenovo	8500000.00	10	85000000.00	684	Makuta Dabukke	Gg. KH Amin Jasuta No. 2\nMagelang, GO 18865	+62 (24) 250-5266	2026-02-05	85000000.00	Online Transaction
1225	2025-12-28	1	Laptop Lenovo	8500000.00	3	25500000.00	1409	Dr. Ganjaran Salahudin, M.Ak	Gg. Indragiri No. 454\nPekalongan, Sulawesi Tenggara 43387	+62 (063) 729-8828	2025-12-28	25500000.00	Product Sale
1243	2025-07-27	1	Laptop Lenovo	8500000.00	5	42500000.00	787	Ratih Sinaga	Jalan Jakarta No. 160\nTidore Kepulauan, SR 28984	+62-05-938-2954	2025-07-27	42500000.00	Online Transaction
1246	2026-05-13	1	Laptop Lenovo	8500000.00	7	59500000.00	1044	Yulia Sihombing, S.Sos	Gang W.R. Supratman No. 72\nBekasi, Riau 56600	+62 (0944) 026 6620	2026-05-13	59500000.00	Product Sale
1254	2025-07-25	1	Laptop Lenovo	8500000.00	7	59500000.00	734	dr. Yusuf Situmorang	Jl. Sadang Serang No. 0\nJambi, Sulawesi Tengah 33092	+62 (49) 540 3840	2025-07-25	59500000.00	Customer Purchase
1255	2026-05-02	1	Laptop Lenovo	8500000.00	4	34000000.00	1170	Daliono Damanik, S.E.	NULL	+62 (27) 797 3571	2026-05-02	34000000.00	Store Sale
1260	2025-08-10	1	Laptop Lenovo	8500000.00	6	51000000.00	1775	Safina Lazuardi	Jl. Cihampelas No. 28\nMetro, GO 69647	(0620) 067-2200	2025-08-10	51000000.00	Product Sale
1264	2025-09-09	1	Laptop Lenovo	8500000.00	9	76500000.00	622	drg. Gaiman Oktaviani	Gg. Ciwastra No. 6\nMagelang, Sulawesi Selatan 77712	+62-712-660-4918	2025-09-09	76500000.00	Product Sale
1268	2026-01-18	1	Laptop Lenovo	8500000.00	3	25500000.00	1252	Kamidin Natsir, S.T.	Gg. Ir. H. Djuanda No. 11\nBekasi, PA 93948	+62 (489) 257 8577	2026-01-18	25500000.00	Product Sale
1270	2025-09-20	1	Laptop Lenovo	8500000.00	7	59500000.00	1960	Umar Agustina	Jl. K.H. Wahid Hasyim No. 3\nTasikmalaya, Lampung 40330	+62 (819) 389-9685	2025-09-20	59500000.00	Product Sale
1276	2026-01-22	1	Laptop Lenovo	8500000.00	3	25500000.00	1244	Bella Nuraini, M.Farm	Gg. Rajawali Barat No. 6\nBanjarbaru, Kalimantan Selatan 39092	+62 (08) 616-5110	2026-01-22	25500000.00	Online Transaction
1282	2026-02-03	1	Laptop Lenovo	8500000.00	9	76500000.00	275	Wardaya Wacana	Jalan Raya Setiabudhi No. 120\nBitung, Kalimantan Tengah 09524	+62 (015) 757-3018	2026-02-03	76500000.00	Store Sale
1287	2025-10-17	1	Laptop Lenovo	8500000.00	4	34000000.00	831	Yani Palastri	Jl. Gegerkalong Hilir No. 660\nMetro, YO 05965	+62-31-847-9150	2025-10-17	34000000.00	Customer Purchase
1292	2025-10-12	1	Laptop Lenovo	8500000.00	6	51000000.00	15	Bakti Susanti	Jl. Pasir Koja No. 0\nBukittinggi, JB 32994	084 036 6967	2025-10-12	51000000.00	Store Sale
1294	2025-07-14	1	Laptop Lenovo	8500000.00	8	68000000.00	71	R. Michelle Lailasari, S.E.	Gang Gardujati No. 10\nPalembang, Lampung 44149	+62 (207) 583 6836	2025-07-14	68000000.00	Product Sale
1304	2025-11-21	1	Laptop Lenovo	8500000.00	8	68000000.00	1896	Sabar Usada	Gg. Rungkut Industri No. 28\nBatu, Sumatera Barat 28974	+62 (088) 785 2516	2025-11-21	68000000.00	Customer Purchase
1305	2025-12-03	1	Laptop Lenovo	8500000.00	3	25500000.00	971	Vega Wahyuni	Gang Cikapayang No. 508\nPariaman, Aceh 10607	+62 (0822) 232-8885	2025-12-03	25500000.00	Store Sale
1307	2026-01-02	1	Laptop Lenovo	8500000.00	2	17000000.00	491	Liman Kusmawati	Jalan Dr. Djunjunan No. 0\nYogyakarta, KI 43005	+62 (0220) 025-1301	2026-01-02	17000000.00	Product Sale
1311	2025-09-11	1	Laptop Lenovo	8500000.00	10	85000000.00	606	Gara Kuswoyo, S.IP	Jl. W.R. Supratman No. 0\nBlitar, KS 48801	(004) 543 9687	2025-09-11	85000000.00	Online Transaction
1315	2026-05-07	1	Laptop Lenovo	8500000.00	6	51000000.00	989	Ilyas Rajasa	Gang Dipenogoro No. 202\nPalopo, MU 70730	+62 (012) 474 8917	2026-05-07	51000000.00	Product Sale
1321	2026-05-30	1	Laptop Lenovo	8500000.00	10	85000000.00	915	Himawan Nababan	Jalan Ahmad Yani No. 035\nPadang Sidempuan, Banten 01618	0802872791	2026-05-30	85000000.00	Store Sale
1326	2026-04-14	1	Laptop Lenovo	8500000.00	10	85000000.00	1284	R.M. Praba Pertiwi	Gang Ciumbuleuit No. 7\nPagaralam, JB 53698	+62 (002) 301 2131	2026-04-14	85000000.00	Customer Purchase
1327	2026-05-10	1	Laptop Lenovo	8500000.00	9	76500000.00	1599	Ida Najmudin	Gang Cikutra Timur No. 9\nSamarinda, Riau 05978	+62-0096-929-0409	2026-05-10	76500000.00	Online Transaction
1332	2026-04-29	1	Laptop Lenovo	8500000.00	8	68000000.00	1604	Tami Simanjuntak	NULL	+62 (0535) 457 7112	2026-04-29	68000000.00	Online Transaction
1335	2026-01-14	1	Laptop Lenovo	8500000.00	4	34000000.00	957	Ika Narpati, M.Farm	Gang Kiaracondong No. 950\nCirebon, Maluku 63958	+62-99-913-7037	2026-01-14	34000000.00	Product Sale
1345	2026-01-01	1	Laptop Lenovo	8500000.00	2	17000000.00	1567	Najib Saptono	Gang W.R. Supratman No. 42\nSungai Penuh, Kalimantan Timur 26981	+62 (493) 527 1626	2026-01-01	17000000.00	Customer Purchase
1354	2025-09-12	1	Laptop Lenovo	8500000.00	1	8500000.00	1570	Dt. Soleh Ardianto, S.Kom	Jalan Gedebage Selatan No. 968\nMalang, Nusa Tenggara Timur 08953	(0950) 626 6844	2025-09-12	8500000.00	Online Transaction
1355	2025-08-27	1	Laptop Lenovo	8500000.00	1	8500000.00	956	T. Tasdik Ardianto, S.E.I	Gang Dipatiukur No. 7\nPagaralam, Kalimantan Tengah 28629	+62-093-116-6724	2025-08-27	8500000.00	Customer Purchase
1364	2026-05-15	1	Laptop Lenovo	8500000.00	7	59500000.00	1811	Novi Fujiati	Jl. Ciwastra No. 9\nPalangkaraya, RI 46026	+62-023-256-2681	2026-05-15	59500000.00	Online Transaction
1368	2026-05-19	1	Laptop Lenovo	8500000.00	3	25500000.00	295	Yani Uyainah	Jl. Otto Iskandardinata No. 6\nSukabumi, MU 07003	(0720) 956 3753	2026-05-19	25500000.00	Customer Purchase
1369	2025-11-30	1	Laptop Lenovo	8500000.00	10	85000000.00	595	Baktiadi Agustina	NULL	0812390277	2025-11-30	85000000.00	Store Sale
1371	2025-08-14	1	Laptop Lenovo	8500000.00	7	59500000.00	315	Juli Halimah	Gang Moch. Toha No. 5\nSingkawang, PB 52856	+62-003-540-8436	2025-08-14	59500000.00	Customer Purchase
1379	2025-10-07	1	Laptop Lenovo	8500000.00	6	51000000.00	418	Jayadi Uyainah	Jalan Tebet Barat Dalam No. 13\nAmbon, Sulawesi Tengah 48303	+62 (069) 434-7466	2025-10-07	51000000.00	Product Sale
1382	2026-02-09	1	Laptop Lenovo	8500000.00	6	51000000.00	748	Dr. Ika Haryanti	Gg. Rajawali Timur No. 9\nBengkulu, BB 28405	+62 (96) 255 1669	2026-02-09	51000000.00	Store Sale
1383	2025-09-14	1	Laptop Lenovo	8500000.00	4	34000000.00	348	Ir. Ani Situmorang	Jl. Pasteur No. 6\nBitung, KR 16238	+62 (055) 838-7316	2025-09-14	34000000.00	Online Transaction
1386	2025-12-15	1	Laptop Lenovo	8500000.00	8	68000000.00	945	Salwa Waskita, M.Ak	Jl. Sadang Serang No. 788\nTanjungbalai, JI 98155	089 973 0056	2025-12-15	68000000.00	Customer Purchase
1395	2026-06-12	1	Laptop Lenovo	8500000.00	4	34000000.00	1393	Cornelia Hasanah	Gang K.H. Wahid Hasyim No. 97\nPalopo, JK 95011	+62 (060) 220-3231	2026-06-12	34000000.00	Store Sale
1398	2025-12-30	1	Laptop Lenovo	8500000.00	5	42500000.00	1396	Darsirah Kurniawan, S.Farm	Jalan Rumah Sakit No. 5\nPasuruan, SR 77779	+62 (064) 495 5349	2025-12-30	42500000.00	Customer Purchase
1411	2026-05-24	1	Laptop Lenovo	8500000.00	4	34000000.00	1943	Titi Winarno, S.I.Kom	Gg. Cempaka No. 2\nSawahlunto, Maluku 04483	(099) 961 3767	2026-05-24	34000000.00	Online Transaction
1419	2026-04-01	1	Laptop Lenovo	8500000.00	10	85000000.00	369	Okto Saragih	Jalan Sukabumi No. 85\nBinjai, JA 61246	(047) 823 6480	2026-04-01	85000000.00	Product Sale
1423	2026-04-02	1	Laptop Lenovo	8500000.00	2	17000000.00	966	Bahuraksa Purwanti	Jl. Waringin No. 388\nTanjungbalai, KR 32851	(0329) 650 4769	2026-04-02	17000000.00	Customer Purchase
1428	2025-10-08	1	Laptop Lenovo	8500000.00	6	51000000.00	1538	Paris Anggraini	Jl. Astana Anyar No. 5\nAmbon, Banten 58048	(0710) 990-7526	2025-10-08	51000000.00	Product Sale
1435	2025-10-02	1	Laptop Lenovo	8500000.00	2	17000000.00	192	Mursita Waluyo	Jalan Sadang Serang No. 9\nJayapura, Bali 31883	+62 (0651) 756 8969	2025-10-02	17000000.00	Customer Purchase
1449	2026-01-19	1	Laptop Lenovo	8500000.00	5	42500000.00	718	Dian Tarihoran, M.Kom.	Gg. Dr. Djunjunan No. 558\nPasuruan, Sumatera Barat 76778	+62-0158-052-9500	2026-01-19	42500000.00	Store Sale
1462	2025-12-04	1	Laptop Lenovo	8500000.00	3	25500000.00	1666	Intan Haryanto	Gang Suniaraja No. 6\nSabang, Sulawesi Utara 18455	(086) 449-4204	2025-12-04	25500000.00	Online Transaction
1465	2025-09-12	1	Laptop Lenovo	8500000.00	10	85000000.00	1199	Nadia Permadi, S.E.	Gang Sadang Serang No. 188\nLhokseumawe, Jawa Barat 92758	+62 (97) 750-1340	2025-09-12	85000000.00	Online Transaction
1470	2025-10-19	1	Laptop Lenovo	8500000.00	6	51000000.00	1965	Tgk. Najam Handayani, S.Gz	Jl. Antapani Lama No. 85\nLubuklinggau, Jawa Tengah 11737	0842750838	2025-10-19	51000000.00	Customer Purchase
1481	2026-02-15	1	Laptop Lenovo	8500000.00	5	42500000.00	1459	Gawati Thamrin	NULL	+62 (913) 663-2157	2026-02-15	42500000.00	Online Transaction
1489	2026-06-24	1	Laptop Lenovo	8500000.00	4	34000000.00	103	Chelsea Damanik	NULL	+62-0066-521-0024	2026-06-24	34000000.00	Product Sale
1497	2025-12-02	1	Laptop Lenovo	8500000.00	4	34000000.00	1578	Dt. Dimaz Sihombing	Gang Lembong No. 1\nBontang, Kalimantan Tengah 26548	+62-584-025-3770	2025-12-02	34000000.00	Product Sale
1501	2025-09-29	1	Laptop Lenovo	8500000.00	8	68000000.00	964	Karma Hasanah	Gg. W.R. Supratman No. 1\nMedan, RI 56832	+62 (05) 305-7111	2025-09-29	68000000.00	Customer Purchase
1502	2026-04-07	1	Laptop Lenovo	8500000.00	10	85000000.00	389	Ir. Halim Laksmiwati	Gg. Kendalsari No. 48\nKotamobagu, MA 56464	+62-004-675-8017	2026-04-07	85000000.00	Store Sale
1507	2025-07-31	1	Laptop Lenovo	8500000.00	5	42500000.00	363	Mutia Sudiati, M.M.	Gg. Setiabudhi No. 270\nTanjungbalai, LA 80708	+62-065-754-6167	2025-07-31	42500000.00	Customer Purchase
1522	2025-12-15	1	Laptop Lenovo	8500000.00	5	42500000.00	150	Mustika Waskita	Jl. KH Amin Jasuta No. 18\nSubulussalam, KT 57742	(004) 947 8311	2025-12-15	42500000.00	Product Sale
1524	2026-06-07	1	Laptop Lenovo	8500000.00	5	42500000.00	1887	Ir. Raisa Halim, M.Pd	Gang Cikapayang No. 748\nPrabumulih, JB 38157	(098) 485-1228	2026-06-07	42500000.00	Product Sale
1526	2025-12-25	1	Laptop Lenovo	8500000.00	2	17000000.00	62	T. Prayogo Budiman	Gang Kebonjati No. 59\nKota Administrasi Jakarta Selatan, Sumatera Barat 59350	+62-0484-548-5874	2025-12-25	17000000.00	Product Sale
1527	2026-06-19	1	Laptop Lenovo	8500000.00	7	59500000.00	31	dr. Lintang Prasasta, S.Kom	Jl. Indragiri No. 720\nBogor, JB 85935	+62-12-211-5969	2026-06-19	59500000.00	Customer Purchase
1532	2025-12-09	1	Laptop Lenovo	8500000.00	6	51000000.00	350	Jamil Jailani	Jl. Veteran No. 359\nPagaralam, Riau 06144	+62 (0959) 007 6103	2025-12-09	51000000.00	Product Sale
1540	2025-12-29	1	Laptop Lenovo	8500000.00	8	68000000.00	603	Banawa Gunarto	Jalan BKR No. 22\nBatam, Gorontalo 71299	+62 (0338) 405-4032	2025-12-29	68000000.00	Online Transaction
1549	2025-10-29	1	Laptop Lenovo	8500000.00	4	34000000.00	1095	Laila Firgantoro, S.T.	Jalan S. Parman No. 10\nDenpasar, SN 51301	+62 (909) 390-9838	2025-10-29	34000000.00	Store Sale
1554	2025-08-11	1	Laptop Lenovo	8500000.00	6	51000000.00	1216	dr. Jati Manullang, S.T.	Jalan Ahmad Dahlan No. 499\nBandung, Nusa Tenggara Barat 49862	(0908) 266-4599	2025-08-11	51000000.00	Store Sale
1557	2025-12-19	1	Laptop Lenovo	8500000.00	3	25500000.00	38	R. Xanana Hidayanto	NULL	089 164 1561	2025-12-19	25500000.00	Store Sale
1562	2026-07-07	1	Laptop Lenovo	8500000.00	5	42500000.00	538	Paris Anggraini	Jl. Astana Anyar No. 5\nAmbon, Banten 58048	(0710) 990-7526	2026-07-07	42500000.00	Product Sale
1566	2025-10-02	1	Laptop Lenovo	8500000.00	2	17000000.00	1851	Drs. Gamblang Anggriawan, S.Farm	Gg. Indragiri No. 29\nPekanbaru, YO 23931	+62 (0502) 324 1639	2025-10-02	17000000.00	Customer Purchase
1567	2025-11-14	1	Laptop Lenovo	8500000.00	5	42500000.00	187	Mahfud Maulana	Jl. Kiaracondong No. 868\nPurwokerto, NB 04028	+62 (020) 484 2760	2025-11-14	42500000.00	Store Sale
1569	2025-09-19	1	Laptop Lenovo	8500000.00	1	8500000.00	1858	Gilda Mansur	NULL	+62 (92) 573-6542	2025-09-19	8500000.00	Online Transaction
1572	2026-06-27	1	Laptop Lenovo	8500000.00	1	8500000.00	27	Adinata Nainggolan, M.Farm	Gang Veteran No. 60\nSungai Penuh, GO 70407	0818762012	2026-06-27	8500000.00	Product Sale
1575	2026-03-30	1	Laptop Lenovo	8500000.00	5	42500000.00	427	R. Amalia Hutasoit, M.M.	Jalan Gardujati No. 2\nTernate, Nusa Tenggara Barat 58505	+62 (075) 202-6773	2026-03-30	42500000.00	Product Sale
1576	2026-05-10	1	Laptop Lenovo	8500000.00	7	59500000.00	721	Umi Uyainah	Jl. Raya Ujungberung No. 798\nSubulussalam, SS 32179	+62 (0865) 171 8945	2026-05-10	59500000.00	Store Sale
1579	2025-12-03	1	Laptop Lenovo	8500000.00	4	34000000.00	1089	Dimas Hartati, S.Ked	Jl. Rungkut Industri No. 37\nPagaralam, Kalimantan Barat 06320	+62 (060) 954 9484	2025-12-03	34000000.00	Store Sale
1611	2025-10-10	1	Laptop Lenovo	8500000.00	1	8500000.00	1415	Yani Dabukke, S.E.I	Gg. Indragiri No. 585\nLubuklinggau, Sulawesi Barat 53707	+62 (013) 696-6150	2025-10-10	8500000.00	Product Sale
1619	2025-09-10	1	Laptop Lenovo	8500000.00	8	68000000.00	1174	drg. Raditya Wibowo, S.Farm	Jl. Rajiman No. 045\nYogyakarta, SB 12238	+62-262-664-5442	2025-09-10	68000000.00	Online Transaction
1621	2025-08-03	1	Laptop Lenovo	8500000.00	5	42500000.00	1260	Nyoman Nurdiyanti	Jl. Kiaracondong No. 52\nSurakarta, PB 19304	(084) 657 3223	2025-08-03	42500000.00	Store Sale
1624	2025-10-01	1	Laptop Lenovo	8500000.00	6	51000000.00	566	Ulya Suwarno	Gang Gegerkalong Hilir No. 093\nPalu, Kepulauan Bangka Belitung 71219	+62 (086) 927-3358	2025-10-01	51000000.00	Customer Purchase
1625	2025-09-21	1	Laptop Lenovo	8500000.00	9	76500000.00	719	Yance Sitompul	Gg. Dipatiukur No. 10\nKota Administrasi Jakarta Utara, Gorontalo 51623	(0631) 288 1820	2025-09-21	76500000.00	Customer Purchase
1626	2025-07-16	1	Laptop Lenovo	8500000.00	10	85000000.00	1185	Embuh Prasetyo	Jalan Yos Sudarso No. 53\nKota Administrasi Jakarta Pusat, SS 01072	+62 (83) 495 1954	2025-07-16	85000000.00	Product Sale
1645	2026-05-31	1	Laptop Lenovo	8500000.00	6	51000000.00	1428	Ir. Caturangga Firmansyah	Jl. Ahmad Dahlan No. 97\nPasuruan, JI 05568	(0954) 572 6410	2026-05-31	51000000.00	Product Sale
1649	2026-04-06	1	Laptop Lenovo	8500000.00	9	76500000.00	1924	Drs. Adinata Hutasoit	Jalan Peta No. 96\nMojokerto, Kalimantan Tengah 89525	+62 (38) 154 3646	2026-04-06	76500000.00	Customer Purchase
1650	2026-01-13	1	Laptop Lenovo	8500000.00	5	42500000.00	696	Nadine Nasyidah	Jalan Kendalsari No. 533\nTasikmalaya, SU 88576	(0553) 483-7365	2026-01-13	42500000.00	Store Sale
1652	2025-12-25	1	Laptop Lenovo	8500000.00	5	42500000.00	241	Jelita Dongoran	Gang Jayawijaya No. 4\nDumai, PB 21565	+62-808-651-4949	2025-12-25	42500000.00	Customer Purchase
1653	2025-08-13	1	Laptop Lenovo	8500000.00	1	8500000.00	686	R. Puti Sinaga	Jalan Kapten Muslihat No. 20\nKediri, DI Yogyakarta 47073	0862691348	2025-08-13	8500000.00	Customer Purchase
1660	2026-01-22	1	Laptop Lenovo	8500000.00	6	51000000.00	905	Jaga Nababan	Jalan Raya Setiabudhi No. 966\nTomohon, Sulawesi Tengah 97129	+62 (131) 007-0059	2026-01-22	51000000.00	Store Sale
1661	2026-01-18	1	Laptop Lenovo	8500000.00	6	51000000.00	1742	R. Maria Winarsih, S.Farm	NULL	087 966 0106	2026-01-18	51000000.00	Customer Purchase
1665	2025-11-11	1	Laptop Lenovo	8500000.00	1	8500000.00	248	Atma Zulkarnain	Jl. Cempaka No. 1\nPalembang, BT 53457	+62-78-614-2379	2025-11-11	8500000.00	Store Sale
1674	2026-02-26	1	Laptop Lenovo	8500000.00	7	59500000.00	929	Limar Ardianto	Gg. Sukajadi No. 673\nPagaralam, Nusa Tenggara Barat 62208	+62 (089) 274-2116	2026-02-26	59500000.00	Online Transaction
1675	2025-09-28	1	Laptop Lenovo	8500000.00	3	25500000.00	371	Patricia Permadi	Jl. Cihampelas No. 952\nSungai Penuh, SS 96385	+62 (037) 446 5820	2025-09-28	25500000.00	Product Sale
1680	2026-06-28	1	Laptop Lenovo	8500000.00	9	76500000.00	1269	Anggabaya Napitupulu, S.Pt	Gang Joyoboyo No. 43\nKupang, PA 68662	(0068) 377 8636	2026-06-28	76500000.00	Store Sale
1687	2026-06-24	1	Laptop Lenovo	8500000.00	5	42500000.00	243	Lalita Hutagalung, S.I.Kom	Jalan M.H Thamrin No. 62\nBanjarbaru, BT 46890	+62 (326) 015 7811	2026-06-24	42500000.00	Store Sale
1695	2026-06-18	1	Laptop Lenovo	8500000.00	6	51000000.00	907	Bagiya Usamah	Gang Cihampelas No. 702\nPrabumulih, SS 13562	(0363) 183 3326	2026-06-18	51000000.00	Store Sale
1701	2025-07-19	1	Laptop Lenovo	8500000.00	5	42500000.00	494	Dian Tarihoran, M.Kom.	Gang Raya Ujungberung No. 7\nPasuruan, Jawa Barat 13429	(0942) 267-2828	2025-07-19	42500000.00	Product Sale
1702	2025-07-22	1	Laptop Lenovo	8500000.00	4	34000000.00	744	Farhunnisa Saputra	Jl. Cikutra Barat No. 660\nPalu, Nusa Tenggara Barat 57292	+62 (580) 398-9431	2025-07-22	34000000.00	Store Sale
1704	2026-01-07	1	Laptop Lenovo	8500000.00	7	59500000.00	155	Parman Dabukke	Jl. M.T Haryono No. 28\nPariaman, SG 55603	080 820 7185	2026-01-07	59500000.00	Online Transaction
1716	2025-07-19	1	Laptop Lenovo	8500000.00	5	42500000.00	487	Bagus Maryati	Jl. Antapani Lama No. 739\nMagelang, Papua Barat 58459	+62 (0595) 630-7086	2025-07-19	42500000.00	Product Sale
1719	2025-09-29	1	Laptop Lenovo	8500000.00	5	42500000.00	1728	Bella Wibisono	Gang Cikutra Timur No. 37\nTangerang Selatan, Sumatera Utara 40246	+62 (029) 580 5197	2025-09-29	42500000.00	Customer Purchase
1728	2025-09-11	1	Laptop Lenovo	8500000.00	10	85000000.00	1433	Okto Uwais, S.Pt	Gang Merdeka No. 531\nPalangkaraya, Sulawesi Tenggara 54422	+62-964-082-1338	2025-09-11	85000000.00	Product Sale
1729	2026-02-28	1	Laptop Lenovo	8500000.00	1	8500000.00	54	Yulia Ardianto	Gg. Jend. Sudirman No. 516\nAmbon, Jambi 27822	+62 (0520) 058 3646	2026-02-28	8500000.00	Product Sale
1731	2025-12-19	1	Laptop Lenovo	8500000.00	10	85000000.00	1469	Ir. Legawa Tampubolon, S.T.	Gg. BKR No. 2\nBogor, GO 20820	+62 (225) 952-8088	2025-12-19	85000000.00	Product Sale
1737	2025-12-08	1	Laptop Lenovo	8500000.00	7	59500000.00	1754	Alika Habibi	Jl. Tubagus Ismail No. 1\nCilegon, Papua Barat 60696	(0789) 133 4660	2025-12-08	59500000.00	Store Sale
1738	2026-02-17	1	Laptop Lenovo	8500000.00	6	51000000.00	816	Hari Winarno	NULL	(0251) 624-3675	2026-02-17	51000000.00	Online Transaction
1742	2025-07-23	1	Laptop Lenovo	8500000.00	1	8500000.00	106	Dr. Adiarja Maryadi	Gg. Kebonjati No. 7\nCilegon, JT 42338	084 092 9411	2025-07-23	8500000.00	Product Sale
1744	2025-09-21	1	Laptop Lenovo	8500000.00	10	85000000.00	745	drg. Kamila Andriani	Gg. Bangka Raya No. 67\nJayapura, AC 73291	+62 (037) 375 3849	2025-09-21	85000000.00	Online Transaction
1749	2026-03-28	1	Laptop Lenovo	8500000.00	3	25500000.00	669	Devi Mangunsong	NULL	+62 (023) 934 3836	2026-03-28	25500000.00	Online Transaction
1753	2025-12-31	1	Laptop Lenovo	8500000.00	5	42500000.00	549	Emil Andriani	Gang Tebet Barat Dalam No. 3\nKota Administrasi Jakarta Pusat, Jambi 73543	+62 (0713) 673 4973	2025-12-31	42500000.00	Online Transaction
1756	2025-11-20	1	Laptop Lenovo	8500000.00	4	34000000.00	533	Dt. Edward Iswahyudi, M.Ak	Jalan Kendalsari No. 303\nTangerang, Kepulauan Bangka Belitung 24684	(080) 891-1967	2025-11-20	34000000.00	Customer Purchase
1758	2025-12-09	1	Laptop Lenovo	8500000.00	2	17000000.00	1318	Puput Puspita	Gg. Jend. A. Yani No. 72\nMakassar, Nusa Tenggara Timur 83090	+62 (080) 893-7103	2025-12-09	17000000.00	Product Sale
1760	2025-12-09	1	Laptop Lenovo	8500000.00	4	34000000.00	1307	Kairav Putra	Jl. Ahmad Yani No. 531\nPagaralam, Sulawesi Tengah 27904	(040) 172 5121	2025-12-09	34000000.00	Store Sale
1761	2025-12-05	1	Laptop Lenovo	8500000.00	1	8500000.00	198	Azalea Sihombing	Jalan Cempaka No. 771\nMadiun, Bengkulu 54637	+62-020-998-3110	2025-12-05	8500000.00	Store Sale
1764	2026-07-08	1	Laptop Lenovo	8500000.00	3	25500000.00	1560	Tgk. Cecep Wijaya, S.Psi	Gg. Ronggowarsito No. 11\nPalopo, LA 86739	+62 (556) 168 4579	2026-07-08	25500000.00	Store Sale
1771	2025-12-03	1	Laptop Lenovo	8500000.00	3	25500000.00	766	Cici Astuti	Jalan PHH. Mustofa No. 03\nPariaman, Bali 27114	(0792) 119-1987	2025-12-03	25500000.00	Customer Purchase
1777	2025-07-18	1	Laptop Lenovo	8500000.00	1	8500000.00	1639	drg. Ajeng Tamba, S.Farm	Gg. Siliwangi No. 7\nPariaman, JT 45107	+62 (47) 532-4395	2025-07-18	8500000.00	Product Sale
1797	2025-07-22	1	Laptop Lenovo	8500000.00	2	17000000.00	561	Siti Wahyuni	Jalan Rawamangun No. 887\nSamarinda, Sumatera Utara 47664	(041) 780-4876	2025-07-22	17000000.00	Store Sale
1798	2026-02-23	1	Laptop Lenovo	8500000.00	7	59500000.00	1706	Bella Prasetya	Gg. Gardujati No. 1\nSungai Penuh, Sulawesi Selatan 58734	+62-0419-351-1998	2026-02-23	59500000.00	Online Transaction
1800	2026-03-02	1	Laptop Lenovo	8500000.00	6	51000000.00	129	Eli Widodo	Jl. Cihampelas No. 78\nKota Administrasi Jakarta Pusat, NB 44594	+62 (06) 988 4453	2026-03-02	51000000.00	Online Transaction
1809	2025-12-16	1	Laptop Lenovo	8500000.00	8	68000000.00	981	Cut Zahra Sinaga	Gang Waringin No. 27\nProbolinggo, Sulawesi Utara 02426	+62 (614) 519-1537	2025-12-16	68000000.00	Online Transaction
1819	2026-04-18	1	Laptop Lenovo	8500000.00	9	76500000.00	1254	Ami Maheswara, M.Pd	Gg. KH Amin Jasuta No. 163\nCimahi, KI 96855	(076) 899 5526	2026-04-18	76500000.00	Online Transaction
1822	2025-09-17	1	Laptop Lenovo	8500000.00	1	8500000.00	684	Makuta Dabukke	Gg. KH Amin Jasuta No. 2\nMagelang, GO 18865	+62 (24) 250-5266	2025-09-17	8500000.00	Store Sale
1824	2026-03-05	1	Laptop Lenovo	8500000.00	6	51000000.00	540	Aurora Farida	Gang BKR No. 7\nDenpasar, Riau 44196	+62 (832) 119-8854	2026-03-05	51000000.00	Customer Purchase
1827	2025-11-10	1	Laptop Lenovo	8500000.00	1	8500000.00	1757	Azalea Sirait	Gang Sukabumi No. 4\nTangerang Selatan, Kepulauan Riau 21697	+62-219-961-6720	2025-11-10	8500000.00	Store Sale
1833	2025-09-11	1	Laptop Lenovo	8500000.00	9	76500000.00	1466	Estiono Santoso	Gang Raya Setiabudhi No. 670\nMojokerto, JK 03511	+62 (0701) 708-4570	2025-09-11	76500000.00	Store Sale
1841	2026-06-28	1	Laptop Lenovo	8500000.00	10	85000000.00	1867	T. Harto Hutagalung, S.Pt	Gang Bangka Raya No. 547\nPontianak, PB 21866	+62 (89) 386 0030	2026-06-28	85000000.00	Store Sale
1842	2025-10-22	1	Laptop Lenovo	8500000.00	5	42500000.00	1395	Ir. Dartono Pranowo, S.Psi	Jalan H.J Maemunah No. 66\nPalu, LA 42580	+62 (22) 689-7884	2025-10-22	42500000.00	Store Sale
1848	2026-01-04	1	Laptop Lenovo	8500000.00	7	59500000.00	1031	dr. Lintang Prasasta, S.Kom	Jl. Indragiri No. 720\nBogor, JB 85935	+62-12-211-5969	2026-01-04	59500000.00	Product Sale
1856	2026-06-19	1	Laptop Lenovo	8500000.00	4	34000000.00	834	Teddy Thamrin	Jalan Pasirkoja No. 58\nMataram, KI 62247	+62 (0492) 492 3542	2026-06-19	34000000.00	Product Sale
1859	2025-08-26	1	Laptop Lenovo	8500000.00	3	25500000.00	959	Vanya Saputra	Jalan Jend. Sudirman No. 1\nMataram, NB 32949	(0866) 187 9328	2025-08-26	25500000.00	Online Transaction
1864	2025-12-18	1	Laptop Lenovo	8500000.00	8	68000000.00	1143	Tgk. Mahdi Natsir, S.Gz	Jalan H.J Maemunah No. 67\nBatu, SU 34279	(055) 341-7303	2025-12-18	68000000.00	Customer Purchase
1869	2025-10-21	1	Laptop Lenovo	8500000.00	8	68000000.00	1404	Baktiadi Prasasta, S.E.I	Gg. Merdeka No. 669\nPasuruan, KB 81763	(0820) 423-3667	2025-10-21	68000000.00	Product Sale
1872	2026-04-03	1	Laptop Lenovo	8500000.00	4	34000000.00	515	Irma Wacana	Gg. Ronggowarsito No. 687\nKota Administrasi Jakarta Barat, SN 42533	(0502) 228-7281	2026-04-03	34000000.00	Product Sale
1873	2025-10-29	1	Laptop Lenovo	8500000.00	10	85000000.00	1214	Padmi Suwarno	Gg. Medokan Ayu No. 7\nBitung, Jambi 64834	+62 (005) 418 4120	2025-10-29	85000000.00	Product Sale
1878	2026-03-20	1	Laptop Lenovo	8500000.00	10	85000000.00	685	Drs. Mujur Permadi, M.TI.	Gg. Sadang Serang No. 492\nMadiun, Sulawesi Tengah 98806	(0363) 716 0945	2026-03-20	85000000.00	Product Sale
1885	2026-06-02	1	Laptop Lenovo	8500000.00	1	8500000.00	1427	R. Amalia Hutasoit, M.M.	Jalan Gardujati No. 2\nTernate, Nusa Tenggara Barat 58505	+62 (075) 202-6773	2026-06-02	8500000.00	Product Sale
1886	2025-08-12	1	Laptop Lenovo	8500000.00	2	17000000.00	280	KH. Mursita Pangestu	Gang S. Parman No. 102\nPekalongan, Bali 94018	+62-99-220-9465	2025-08-12	17000000.00	Store Sale
1889	2026-03-27	1	Laptop Lenovo	8500000.00	1	8500000.00	1392	Hj. Ciaobella Suryatmi	Jl. Gedebage Selatan No. 34\nMagelang, Kalimantan Utara 67065	(0840) 589-3518	2026-03-27	8500000.00	Store Sale
1900	2026-04-27	1	Laptop Lenovo	8500000.00	9	76500000.00	288	Alambana Widiastuti	Gg. Sentot Alibasa No. 28\nBalikpapan, GO 50624	+62 (086) 911 4315	2026-04-27	76500000.00	Customer Purchase
1913	2025-07-11	1	Laptop Lenovo	8500000.00	8	68000000.00	1522	drg. Irma Suartini, S.Pd	Jl. Ciumbuleuit No. 654\nPekanbaru, SR 62054	+62 (77) 424-7654	2025-07-11	68000000.00	Online Transaction
1914	2026-05-06	1	Laptop Lenovo	8500000.00	8	68000000.00	1141	Hj. Amalia Pangestu, S.Kom	NULL	+62 (376) 336 8097	2026-05-06	68000000.00	Product Sale
1920	2026-01-05	1	Laptop Lenovo	8500000.00	10	85000000.00	1775	Safina Lazuardi	Jl. Cihampelas No. 28\nMetro, GO 69647	(0620) 067-2200	2026-01-05	85000000.00	Online Transaction
1922	2026-03-09	1	Laptop Lenovo	8500000.00	6	51000000.00	313	Purwanto Nurdiyanti	NULL	+62 (0823) 235-3156	2026-03-09	51000000.00	Online Transaction
1930	2025-09-08	1	Laptop Lenovo	8500000.00	4	34000000.00	425	R. Unjani Siregar	Gg. Setiabudhi No. 631\nPurwokerto, Papua Barat 25422	0854449235	2025-09-08	34000000.00	Store Sale
1934	2025-08-10	1	Laptop Lenovo	8500000.00	1	8500000.00	1915	Himawan Nababan	Jalan Ahmad Yani No. 035\nPadang Sidempuan, Banten 01618	0802872791	2025-08-10	8500000.00	Customer Purchase
1936	2026-02-15	1	Laptop Lenovo	8500000.00	8	68000000.00	1228	Gasti Suwarno	Gg. Pasirkoja No. 4\nBekasi, MU 22416	0860238662	2026-02-15	68000000.00	Product Sale
1947	2026-04-20	1	Laptop Lenovo	8500000.00	10	85000000.00	1721	Umi Uyainah	Jl. Raya Ujungberung No. 798\nSubulussalam, SS 32179	+62 (0865) 171 8945	2026-04-20	85000000.00	Customer Purchase
1952	2026-02-23	1	Laptop Lenovo	8500000.00	5	42500000.00	1427	R. Amalia Hutasoit, M.M.	Jalan Gardujati No. 2\nTernate, Nusa Tenggara Barat 58505	+62 (075) 202-6773	2026-02-23	42500000.00	Product Sale
1967	2025-12-20	1	Laptop Lenovo	8500000.00	5	42500000.00	1764	Cahyono Pudjiastuti	Gang Merdeka No. 094\nTidore Kepulauan, LA 73068	+62-76-677-1329	2025-12-20	42500000.00	Product Sale
1971	2026-04-11	1	Laptop Lenovo	8500000.00	3	25500000.00	248	Atma Zulkarnain	Jl. Cempaka No. 1\nPalembang, BT 53457	+62-78-614-2379	2026-04-11	25500000.00	Online Transaction
1975	2026-04-22	1	Laptop Lenovo	8500000.00	9	76500000.00	685	Drs. Mujur Permadi, M.TI.	Gg. Sadang Serang No. 492\nMadiun, Sulawesi Tengah 98806	(0363) 716 0945	2026-04-22	76500000.00	Online Transaction
1978	2026-01-19	1	Laptop Lenovo	8500000.00	2	17000000.00	724	Wawan Mulyani	Gg. Ciumbuleuit No. 88\nPekanbaru, Maluku Utara 94768	+62-093-301-8679	2026-01-19	17000000.00	Store Sale
1983	2025-09-14	1	Laptop Lenovo	8500000.00	8	68000000.00	1340	Viktor Gunawan	Gang Suniaraja No. 28\nSurakarta, MA 15599	+62 (497) 904-9411	2025-09-14	68000000.00	Customer Purchase
1988	2026-01-04	1	Laptop Lenovo	8500000.00	9	76500000.00	1880	R. Ulya Habibi, M.Farm	Gg. Lembong No. 684\nSurabaya, Lampung 45708	+62-635-148-2378	2026-01-04	76500000.00	Online Transaction
1990	2026-06-19	1	Laptop Lenovo	8500000.00	10	85000000.00	486	Marsito Jailani	Gg. Rajawali Timur No. 4\nPangkalpinang, Maluku Utara 48185	(069) 716-8518	2026-06-19	85000000.00	Store Sale
1991	2026-03-11	1	Laptop Lenovo	8500000.00	7	59500000.00	587	Lili Mustofa	Jl. Kutai No. 050\nLubuklinggau, Jawa Tengah 95282	+62 (0150) 191-5597	2026-03-11	59500000.00	Store Sale
1998	2026-05-29	1	Laptop Lenovo	8500000.00	8	68000000.00	986	dr. Kambali Waskita, M.Pd	Gg. S. Parman No. 0\nSolok, MU 69709	+62-811-402-8937	2026-05-29	68000000.00	Product Sale
2000	2026-06-24	1	Laptop Lenovo	8500000.00	10	85000000.00	821	Maya Gunawan	Gg. Suryakencana No. 0\nTarakan, JI 04603	+62 (949) 222 7827	2026-06-24	85000000.00	Product Sale
2003	2026-06-23	1	Laptop Lenovo	8500000.00	3	25500000.00	1254	Ami Maheswara, M.Pd	Gg. KH Amin Jasuta No. 163\nCimahi, KI 96855	(076) 899 5526	2026-06-23	25500000.00	Product Sale
2012	2026-05-01	1	Laptop Lenovo	8500000.00	3	25500000.00	1254	Ami Maheswara, M.Pd	Gg. KH Amin Jasuta No. 163\nCimahi, KI 96855	(076) 899 5526	2026-05-01	25500000.00	Online Transaction
2017	2025-08-14	1	Laptop Lenovo	8500000.00	3	25500000.00	347	Ana Nurdiyanti	Jl. Suryakencana No. 9\nDepok, KU 68714	+62 (0194) 996-0169	2025-08-14	25500000.00	Product Sale
2025	2026-06-27	1	Laptop Lenovo	8500000.00	10	85000000.00	1864	KH. Artanto Winarsih, S.E.I	Gang Ir. H. Djuanda No. 99\nSamarinda, Sumatera Utara 74590	+62 (709) 138-3862	2026-06-27	85000000.00	Product Sale
2051	2025-11-08	1	Laptop Lenovo	8500000.00	6	51000000.00	1857	Rika Anggraini	Jalan Kutai No. 7\nTangerang, Kepulauan Riau 05153	(0495) 916 9892	2025-11-08	51000000.00	Store Sale
2060	2025-11-26	1	Laptop Lenovo	8500000.00	6	51000000.00	1715	Ira Ardianto, S.E.I	Gg. Sukabumi No. 6\nSemarang, NB 21892	(088) 929 5758	2025-11-26	51000000.00	Store Sale
2061	2026-06-05	1	Laptop Lenovo	8500000.00	2	17000000.00	1082	Gada Pradana	NULL	+62 (685) 668-3157	2026-06-05	17000000.00	Online Transaction
2067	2026-04-25	1	Laptop Lenovo	8500000.00	10	85000000.00	1471	Puspa Pradana	Gg. Monginsidi No. 9\nMeulaboh, NB 29056	+62 (823) 397-3688	2026-04-25	85000000.00	Customer Purchase
2068	2025-12-27	1	Laptop Lenovo	8500000.00	9	76500000.00	378	Utama Puspita, S.IP	Jalan Medokan Ayu No. 21\nLangsa, KI 17185	(086) 668 2625	2025-12-27	76500000.00	Product Sale
2070	2025-10-03	1	Laptop Lenovo	8500000.00	10	85000000.00	169	Purwadi Waskita	Jalan Kiaracondong No. 1\nParepare, Riau 24340	(016) 886 1328	2025-10-03	85000000.00	Customer Purchase
2073	2025-09-01	1	Laptop Lenovo	8500000.00	10	85000000.00	1894	Karja Megantara	Gang Sukajadi No. 4\nProbolinggo, JK 44194	(004) 922 6330	2025-09-01	85000000.00	Product Sale
2074	2026-01-11	1	Laptop Lenovo	8500000.00	10	85000000.00	912	Dr. Ajiono Purnawati, S.I.Kom	Gg. Surapati No. 9\nKota Administrasi Jakarta Barat, Kalimantan Tengah 46365	089 715 9081	2026-01-11	85000000.00	Store Sale
2081	2026-06-01	1	Laptop Lenovo	8500000.00	5	42500000.00	1503	Daliono Najmudin	NULL	(0956) 279-0786	2026-06-01	42500000.00	Customer Purchase
2085	2025-09-27	1	Laptop Lenovo	8500000.00	2	17000000.00	1770	Karman Suwarno	Gg. Joyoboyo No. 0\nBengkulu, Sulawesi Barat 65387	(001) 271-5153	2025-09-27	17000000.00	Product Sale
2087	2025-10-22	1	Laptop Lenovo	8500000.00	8	68000000.00	1681	Adinata Nainggolan, M.Farm	Gang Gegerkalong Hilir No. 60\nTegal, Riau 60681	088 187 4304	2025-10-22	68000000.00	Online Transaction
2089	2025-08-17	1	Laptop Lenovo	8500000.00	1	8500000.00	209	Maya Hakim	Jl. Cempaka No. 04\nPalangkaraya, ST 25140	+62-752-401-6435	2025-08-17	8500000.00	Store Sale
2092	2026-06-18	1	Laptop Lenovo	8500000.00	2	17000000.00	25	Drs. Ifa Budiman, M.Kom.	Jl. Antapani Lama No. 6\nLhokseumawe, Sulawesi Tengah 16275	(0286) 362-6536	2026-06-18	17000000.00	Product Sale
2093	2026-06-04	1	Laptop Lenovo	8500000.00	1	8500000.00	690	Darsirah Usada, S.Sos	Gg. K.H. Wahid Hasyim No. 4\nMeulaboh, SR 62337	+62 (062) 346 2914	2026-06-04	8500000.00	Product Sale
2100	2025-09-08	1	Laptop Lenovo	8500000.00	8	68000000.00	223	Ratih Lailasari, S.E.	Gg. Jakarta No. 395\nPariaman, Jawa Barat 19328	(008) 460-1584	2025-09-08	68000000.00	Online Transaction
2101	2025-11-26	1	Laptop Lenovo	8500000.00	2	17000000.00	1658	Jati Mandala	Gang Cihampelas No. 551\nSurakarta, JI 15764	(0954) 146-6608	2025-11-26	17000000.00	Product Sale
2102	2026-01-28	1	Laptop Lenovo	8500000.00	1	8500000.00	1372	Amelia Sirait	Jl. S. Parman No. 78\nLangsa, Aceh 05907	(0302) 342 4183	2026-01-28	8500000.00	Online Transaction
2107	2026-02-10	1	Laptop Lenovo	8500000.00	8	68000000.00	1257	Jelita Melani	Gang Pacuan Kuda No. 535\nTernate, Nusa Tenggara Barat 94843	+62 (0861) 480 3094	2026-02-10	68000000.00	Online Transaction
2109	2025-08-07	1	Laptop Lenovo	8500000.00	4	34000000.00	841	Cakrajiya Mustofa, S.IP	Jalan M.T Haryono No. 929\nBanjarbaru, Papua 51366	(006) 630-9700	2025-08-07	34000000.00	Online Transaction
2119	2026-02-01	1	Laptop Lenovo	8500000.00	5	42500000.00	1110	Paris Novitasari	Gang Suryakencana No. 938\nTarakan, Kalimantan Utara 94751	(0013) 110 1343	2026-02-01	42500000.00	Customer Purchase
2136	2026-05-24	1	Laptop Lenovo	8500000.00	2	17000000.00	142	Zizi Mandala	Jalan Ronggowarsito No. 265\nTanjungpinang, Maluku 32707	(098) 402-5466	2026-05-24	17000000.00	Store Sale
2143	2026-01-11	1	Laptop Lenovo	8500000.00	2	17000000.00	880	R. Ulya Habibi, M.Farm	Gg. Lembong No. 684\nSurabaya, Lampung 45708	+62-635-148-2378	2026-01-11	17000000.00	Customer Purchase
2146	2025-11-28	1	Laptop Lenovo	8500000.00	3	25500000.00	1464	Niyaga Mayasari	Gang Asia Afrika No. 9\nBinjai, Riau 90977	(073) 997 1771	2025-11-28	25500000.00	Store Sale
2147	2026-05-04	1	Laptop Lenovo	8500000.00	8	68000000.00	302	Bagya Tarihoran	Gg. Rungkut Industri No. 09\nBanjar, BE 39599	+62 (0399) 619-2520	2026-05-04	68000000.00	Product Sale
2150	2025-09-30	1	Laptop Lenovo	8500000.00	2	17000000.00	1458	Estiono Hasanah	Gg. Cihampelas No. 5\nKendari, BT 55977	+62 (41) 027-8083	2025-09-30	17000000.00	Product Sale
2160	2025-10-31	1	Laptop Lenovo	8500000.00	10	85000000.00	1508	Tirtayasa Usamah, M.M.	Jalan KH Amin Jasuta No. 6\nPayakumbuh, SS 60137	081 374 8206	2025-10-31	85000000.00	Customer Purchase
2162	2026-05-09	1	Laptop Lenovo	8500000.00	2	17000000.00	244	Bella Nuraini, M.Farm	Gg. Rajawali Barat No. 6\nBanjarbaru, Kalimantan Selatan 39092	+62 (08) 616-5110	2026-05-09	17000000.00	Product Sale
2165	2026-05-05	1	Laptop Lenovo	8500000.00	7	59500000.00	1902	R. Paulin Susanti	Gang Pasir Koja No. 08\nPekalongan, GO 10726	+62 (704) 917 1255	2026-05-05	59500000.00	Online Transaction
2168	2026-04-15	1	Laptop Lenovo	8500000.00	3	25500000.00	293	Drs. Winda Saragih	Jalan Gegerkalong Hilir No. 0\nSolok, NB 05787	+62 (0777) 863 6310	2026-04-15	25500000.00	Online Transaction
2178	2025-07-29	1	Laptop Lenovo	8500000.00	3	25500000.00	1045	Cut Wulan Uyainah, S.Psi	Jalan Moch. Ramdan No. 4\nProbolinggo, LA 61591	082 614 2520	2025-07-29	25500000.00	Product Sale
2182	2026-02-23	1	Laptop Lenovo	8500000.00	10	85000000.00	1149	Rizki Saefullah	Gg. Stasiun Wonokromo No. 9\nCirebon, MA 05661	+62 (10) 608-2658	2026-02-23	85000000.00	Store Sale
2186	2026-02-11	1	Laptop Lenovo	8500000.00	10	85000000.00	440	Lantar Prasetyo	Gang S. Parman No. 35\nSabang, JI 95202	(0956) 471-5365	2026-02-11	85000000.00	Online Transaction
2187	2025-11-10	1	Laptop Lenovo	8500000.00	10	85000000.00	405	Akarsana Irawan	Jalan Suryakencana No. 9\nTasikmalaya, AC 78612	(056) 814 1459	2025-11-10	85000000.00	Store Sale
2192	2025-08-20	1	Laptop Lenovo	8500000.00	7	59500000.00	509	Balamantri Wibisono	NULL	+62-019-972-4019	2025-08-20	59500000.00	Product Sale
2198	2025-11-24	1	Laptop Lenovo	8500000.00	8	68000000.00	1701	drg. Ikhsan Hidayat, S.H.	Jalan Ciumbuleuit No. 71\nSawahlunto, LA 59226	+62-000-824-3956	2025-11-24	68000000.00	Product Sale
2199	2025-08-08	1	Laptop Lenovo	8500000.00	3	25500000.00	752	Dr. Gina Firgantoro	Gg. Jamika No. 9\nTernate, Jambi 63139	+62 (59) 997-5324	2025-08-08	25500000.00	Online Transaction
2201	2025-12-24	1	Laptop Lenovo	8500000.00	8	68000000.00	1162	Karman Suwarno	Gang Moch. Ramdan No. 67\nPrabumulih, BT 55916	(069) 464-6031	2025-12-24	68000000.00	Store Sale
2202	2025-10-08	1	Laptop Lenovo	8500000.00	9	76500000.00	268	Edi Mustofa	Gang Raya Setiabudhi No. 14\nLangsa, Sumatera Utara 37892	(0447) 442-6867	2025-10-08	76500000.00	Customer Purchase
2203	2026-04-29	1	Laptop Lenovo	8500000.00	4	34000000.00	977	Tgk. Martana Permata, S.Pt	Jl. Asia Afrika No. 6\nTarakan, Aceh 88741	+62 (42) 317-8653	2026-04-29	34000000.00	Online Transaction
2205	2026-03-29	1	Laptop Lenovo	8500000.00	2	17000000.00	119	Gilda Rajata, S.T.	NULL	+62 (560) 506-6805	2026-03-29	17000000.00	Store Sale
2208	2026-03-09	1	Laptop Lenovo	8500000.00	10	85000000.00	344	Prakosa Hakim	Jl. Sukabumi No. 38\nKota Administrasi Jakarta Pusat, Bali 02291	+62-81-095-0461	2026-03-09	85000000.00	Customer Purchase
2209	2025-12-24	1	Laptop Lenovo	8500000.00	5	42500000.00	1448	Dr. Utama Utami	Jl. Joyoboyo No. 01\nMakassar, SG 07135	+62 (064) 641-9155	2025-12-24	42500000.00	Online Transaction
2214	2025-12-12	1	Laptop Lenovo	8500000.00	2	17000000.00	121	dr. Dewi Purwanti	Jalan HOS. Cokroaminoto No. 44\nBanjarmasin, Kalimantan Timur 14048	(0661) 916-5988	2025-12-12	17000000.00	Online Transaction
2217	2025-12-11	1	Laptop Lenovo	8500000.00	2	17000000.00	1532	Fitria Saptono	Jalan Suniaraja No. 0\nTebingtinggi, Jawa Tengah 61025	086 522 5147	2025-12-11	17000000.00	Online Transaction
2226	2025-12-02	1	Laptop Lenovo	8500000.00	6	51000000.00	1169	Purwadi Waskita	Jalan Kiaracondong No. 1\nParepare, Riau 24340	(016) 886 1328	2025-12-02	51000000.00	Product Sale
2235	2026-06-25	1	Laptop Lenovo	8500000.00	1	8500000.00	1640	KH. Mulya Haryanti	Gg. Rajawali Barat No. 48\nSubulussalam, PB 20722	+62-951-558-4374	2026-06-25	8500000.00	Online Transaction
2239	2026-03-27	1	Laptop Lenovo	8500000.00	10	85000000.00	3	Uchita Anggriawan	Gg. Ahmad Yani No. 25\nPalangkaraya, BB 98251	086 982 2313	2026-03-27	85000000.00	Online Transaction
2242	2025-12-31	1	Laptop Lenovo	8500000.00	3	25500000.00	1505	Sabrina Natsir	Gg. Dipenogoro No. 77\nBanjar, LA 79422	+62 (08) 518-8480	2025-12-31	25500000.00	Store Sale
2246	2025-07-29	1	Laptop Lenovo	8500000.00	2	17000000.00	205	T. Raden Iswahyudi, S.IP	Jl. Peta No. 144\nKediri, Lampung 17148	+62 (023) 824 5453	2025-07-29	17000000.00	Product Sale
2247	2026-01-27	1	Laptop Lenovo	8500000.00	5	42500000.00	14	Silvia Hutasoit	Gg. Pacuan Kuda No. 46\nCimahi, KT 49208	+62 (0075) 340 6538	2026-01-27	42500000.00	Online Transaction
2251	2026-02-20	1	Laptop Lenovo	8500000.00	6	51000000.00	606	Gara Kuswoyo, S.IP	Jl. W.R. Supratman No. 0\nBlitar, KS 48801	(004) 543 9687	2026-02-20	51000000.00	Product Sale
2254	2025-08-13	1	Laptop Lenovo	8500000.00	6	51000000.00	1145	Tgk. Soleh Rajata, S.Pt	Gg. Suryakencana No. 8\nSamarinda, KR 41955	+62 (908) 014 9608	2025-08-13	51000000.00	Online Transaction
2255	2025-08-06	1	Laptop Lenovo	8500000.00	9	76500000.00	1467	dr. Tira Pratama	Jl. Ir. H. Djuanda No. 825\nManado, Kepulauan Riau 35165	(075) 456-3372	2025-08-06	76500000.00	Product Sale
2256	2026-03-25	1	Laptop Lenovo	8500000.00	5	42500000.00	899	Gawati Sinaga	Jl. Setiabudhi No. 869\nDumai, Kalimantan Timur 40701	+62 (573) 072 0616	2026-03-25	42500000.00	Store Sale
2258	2025-12-12	1	Laptop Lenovo	8500000.00	8	68000000.00	1117	Cakrawangsa Wibisono	Jalan Dipenogoro No. 10\nSerang, AC 73757	(063) 602-3544	2025-12-12	68000000.00	Online Transaction
2260	2026-05-21	1	Laptop Lenovo	8500000.00	9	76500000.00	1575	Puti Nadine Simbolon	Jalan Raya Ujungberung No. 81\nSemarang, KS 21979	+62 (0912) 110-0939	2026-05-21	76500000.00	Customer Purchase
2262	2026-03-02	1	Laptop Lenovo	8500000.00	1	8500000.00	925	R. Queen Prakasa	Jl. Moch. Ramdan No. 12\nBanjarbaru, BE 64951	+62-533-954-5542	2026-03-02	8500000.00	Product Sale
2266	2026-06-06	1	Laptop Lenovo	8500000.00	7	59500000.00	1235	Ozy Usada	Gg. Suryakencana No. 798\nMeulaboh, PB 25729	083 711 8516	2026-06-06	59500000.00	Customer Purchase
2268	2026-02-13	1	Laptop Lenovo	8500000.00	2	17000000.00	113	Lili Hutapea	Jalan Sadang Serang No. 63\nPrabumulih, MA 91405	+62 (23) 488-1161	2026-02-13	17000000.00	Store Sale
2269	2026-01-27	1	Laptop Lenovo	8500000.00	5	42500000.00	1419	Tgk. Novi Saefullah, M.Kom.	Jl. Gegerkalong Hilir No. 953\nPalangkaraya, SR 91647	(040) 432-7170	2026-01-27	42500000.00	Online Transaction
2271	2025-12-07	1	Laptop Lenovo	8500000.00	3	25500000.00	508	Tirtayasa Usamah, M.M.	Jalan KH Amin Jasuta No. 6\nPayakumbuh, SS 60137	081 374 8206	2025-12-07	25500000.00	Product Sale
2274	2026-02-08	1	Laptop Lenovo	8500000.00	8	68000000.00	1691	Hj. Hesti Namaga, M.TI.	Jalan Kutai No. 76\nTasikmalaya, NB 29546	+62 (0154) 578 5985	2026-02-08	68000000.00	Online Transaction
2289	2025-09-28	1	Laptop Lenovo	8500000.00	7	59500000.00	1996	Humaira Marpaung, S.Kom	Gg. Kendalsari No. 054\nDenpasar, SB 66170	+62-0195-910-9530	2025-09-28	59500000.00	Online Transaction
2292	2025-12-15	1	Laptop Lenovo	8500000.00	5	42500000.00	478	Eli Pratama	Jl. KH Amin Jasuta No. 448\nBalikpapan, GO 50413	+62-553-402-3161	2025-12-15	42500000.00	Online Transaction
2294	2025-12-20	1	Laptop Lenovo	8500000.00	2	17000000.00	1607	Salwa Nasyiah	Jl. Ronggowarsito No. 47\nPadangpanjang, Sulawesi Utara 48903	+62 (018) 126 5499	2025-12-20	17000000.00	Online Transaction
2310	2026-01-03	1	Laptop Lenovo	8500000.00	9	76500000.00	572	Gilang Hariyah	Gang Suniaraja No. 7\nPagaralam, Jawa Tengah 00599	(0372) 778 3426	2026-01-03	76500000.00	Customer Purchase
2322	2026-03-31	1	Laptop Lenovo	8500000.00	3	25500000.00	1827	Garan Saragih	Gg. Rajawali Timur No. 8\nKota Administrasi Jakarta Pusat, Nusa Tenggara Barat 01826	+62 (92) 172-3972	2026-03-31	25500000.00	Product Sale
2323	2025-12-04	1	Laptop Lenovo	8500000.00	4	34000000.00	1486	Marsito Jailani	Gg. Rajawali Timur No. 4\nPangkalpinang, Maluku Utara 48185	(069) 716-8518	2025-12-04	34000000.00	Online Transaction
2328	2025-12-01	1	Laptop Lenovo	8500000.00	2	17000000.00	1773	Nadia Budiyanto	Gg. Suniaraja No. 64\nPangkalpinang, Kepulauan Riau 69177	+62 (36) 061 0882	2025-12-01	17000000.00	Customer Purchase
2338	2026-06-26	1	Laptop Lenovo	8500000.00	3	25500000.00	1357	Ir. Ganjaran Manullang	Gang Laswi No. 65\nBau-Bau, Kalimantan Timur 19118	(055) 499 2418	2026-06-26	25500000.00	Online Transaction
2339	2025-10-10	1	Laptop Lenovo	8500000.00	4	34000000.00	171	Bakidin Nurdiyanti	Jl. Kiaracondong No. 89\nKota Administrasi Jakarta Pusat, JI 94766	0872193735	2025-10-10	34000000.00	Customer Purchase
2342	2026-01-08	1	Laptop Lenovo	8500000.00	2	17000000.00	1600	Tgk. Najam Handayani, S.Gz	Gang Erlangga No. 8\nPekalongan, KI 56230	0890057378	2026-01-08	17000000.00	Product Sale
2345	2026-01-09	1	Laptop Lenovo	8500000.00	6	51000000.00	1069	Dr. Ika Utama	Jalan Abdul Muis No. 6\nBatu, DI Yogyakarta 47125	(059) 877-7025	2026-01-09	51000000.00	Customer Purchase
2346	2026-04-28	1	Laptop Lenovo	8500000.00	7	59500000.00	1221	Aris Wahyudin	Jalan Antapani Lama No. 12\nSolok, Lampung 63627	+62-599-280-7609	2026-04-28	59500000.00	Product Sale
2353	2026-03-14	1	Laptop Lenovo	8500000.00	5	42500000.00	1146	Harsana Mardhiyah	Gg. Kutai No. 02\nSolok, SB 52497	+62 (055) 814 0650	2026-03-14	42500000.00	Store Sale
2355	2026-04-05	1	Laptop Lenovo	8500000.00	5	42500000.00	983	Restu Tamba	Gg. Raya Ujungberung No. 6\nDenpasar, MA 60452	+62 (75) 828 1593	2026-04-05	42500000.00	Online Transaction
2356	2025-10-23	1	Laptop Lenovo	8500000.00	9	76500000.00	1860	Puti Paramita Sudiati	Jl. Jend. A. Yani No. 0\nPariaman, SS 77385	+62-017-033-9931	2025-10-23	76500000.00	Product Sale
2367	2025-09-25	1	Laptop Lenovo	8500000.00	5	42500000.00	1247	Lanang Sitompul, S.Pt	Jl. Cikutra Timur No. 050\nBatam, PA 88775	+62-053-078-2313	2025-09-25	42500000.00	Store Sale
2382	2025-08-30	1	Laptop Lenovo	8500000.00	1	8500000.00	1503	Daliono Najmudin	NULL	(0956) 279-0786	2025-08-30	8500000.00	Online Transaction
2383	2025-10-13	1	Laptop Lenovo	8500000.00	2	17000000.00	610	Septi Pranowo, S.E.	Jl. Raya Setiabudhi No. 7\nBekasi, AC 00942	(094) 919 8747	2025-10-13	17000000.00	Online Transaction
2384	2025-08-30	1	Laptop Lenovo	8500000.00	10	85000000.00	1681	Adinata Nainggolan, M.Farm	Gang Gegerkalong Hilir No. 60\nTegal, Riau 60681	088 187 4304	2025-08-30	85000000.00	Customer Purchase
2389	2025-12-03	1	Laptop Lenovo	8500000.00	5	42500000.00	205	T. Raden Iswahyudi, S.IP	Jl. Peta No. 144\nKediri, Lampung 17148	+62 (023) 824 5453	2025-12-03	42500000.00	Online Transaction
2392	2026-02-21	1	Laptop Lenovo	8500000.00	4	34000000.00	180	Rendy Saptono	Jl. Pasirkoja No. 4\nTernate, Papua Barat 68603	(041) 025-2209	2026-02-21	34000000.00	Customer Purchase
2395	2025-08-05	1	Laptop Lenovo	8500000.00	5	42500000.00	1760	Eva Pratama	Jalan Pasirkoja No. 528\nTomohon, MA 80010	+62 (086) 635 1324	2025-08-05	42500000.00	Online Transaction
2396	2026-04-24	1	Laptop Lenovo	8500000.00	5	42500000.00	1301	Nardi Saragih, S.Gz	Gang Dipatiukur No. 50\nMagelang, KS 08269	+62-0212-659-0774	2026-04-24	42500000.00	Online Transaction
2400	2026-01-22	1	Laptop Lenovo	8500000.00	8	68000000.00	110	Paris Novitasari	Gang Suryakencana No. 938\nTarakan, Kalimantan Utara 94751	(0013) 110 1343	2026-01-22	68000000.00	Customer Purchase
2401	2026-02-08	1	Laptop Lenovo	8500000.00	3	25500000.00	126	Padmi Utama	Jalan Rawamangun No. 20\nCilegon, SU 21050	+62 (0619) 231-6097	2026-02-08	25500000.00	Customer Purchase
2404	2026-01-28	1	Laptop Lenovo	8500000.00	2	17000000.00	1635	Martaka Wastuti	Jalan Waringin No. 881\nPadangpanjang, AC 16646	+62 (476) 191 6515	2026-01-28	17000000.00	Online Transaction
2405	2025-08-25	1	Laptop Lenovo	8500000.00	2	17000000.00	1526	Wardaya Sirait	Gg. Erlangga No. 911\nPariaman, KB 55927	+62 (840) 785-5077	2025-08-25	17000000.00	Online Transaction
2413	2026-03-20	1	Laptop Lenovo	8500000.00	3	25500000.00	147	Vera Sitorus	Gang Jakarta No. 58\nMetro, MA 06382	+62 (480) 403 3536	2026-03-20	25500000.00	Product Sale
2414	2026-05-28	1	Laptop Lenovo	8500000.00	3	25500000.00	97	Jais Mangunsong, S.E.I	Gg. H.J Maemunah No. 97\nDenpasar, Kalimantan Timur 04060	+62 (951) 491 3821	2026-05-28	25500000.00	Online Transaction
2415	2026-06-12	1	Laptop Lenovo	8500000.00	8	68000000.00	415	Yani Dabukke, S.E.I	Gg. Indragiri No. 585\nLubuklinggau, Sulawesi Barat 53707	+62 (013) 696-6150	2026-06-12	68000000.00	Online Transaction
2417	2026-01-22	1	Laptop Lenovo	8500000.00	5	42500000.00	603	Banawa Gunarto	Jalan BKR No. 22\nBatam, Gorontalo 71299	+62 (0338) 405-4032	2026-01-22	42500000.00	Online Transaction
2421	2026-06-12	1	Laptop Lenovo	8500000.00	8	68000000.00	654	Queen Pradipta	Jl. M.H Thamrin No. 71\nCirebon, Gorontalo 66111	081 095 9439	2026-06-12	68000000.00	Customer Purchase
2430	2026-01-12	1	Laptop Lenovo	8500000.00	1	8500000.00	1292	Puji Prasetyo	Jl. Jend. A. Yani No. 15\nSamarinda, Kalimantan Selatan 59018	+62 (027) 797-4303	2026-01-12	8500000.00	Online Transaction
2434	2026-01-24	1	Laptop Lenovo	8500000.00	4	34000000.00	1710	Galak Wasita	Gg. Ciwastra No. 306\nBanjarmasin, Jambi 05900	+62 (020) 576 3241	2026-01-24	34000000.00	Online Transaction
2435	2025-12-12	1	Laptop Lenovo	8500000.00	7	59500000.00	768	Purwadi Putra	Jl. Sentot Alibasa No. 46\nMagelang, JB 16921	+62 (098) 200 1229	2025-12-12	59500000.00	Store Sale
2441	2026-02-14	1	Laptop Lenovo	8500000.00	6	51000000.00	70	Anom Rahimah	Jl. PHH. Mustofa No. 031\nKota Administrasi Jakarta Barat, Kalimantan Barat 91918	(0746) 092-8397	2026-02-14	51000000.00	Product Sale
2444	2026-05-21	1	Laptop Lenovo	8500000.00	9	76500000.00	517	Emil Riyanti	Gg. S. Parman No. 3\nTarakan, ST 03945	+62 (460) 118 8949	2026-05-21	76500000.00	Online Transaction
2448	2026-03-21	1	Laptop Lenovo	8500000.00	5	42500000.00	1537	Dr. Jatmiko Nasyiah, S.IP	Jalan Sukajadi No. 48\nTidore Kepulauan, BA 65656	(0908) 006 2693	2026-03-21	42500000.00	Customer Purchase
2450	2025-12-31	1	Laptop Lenovo	8500000.00	7	59500000.00	1553	Yessi Purwanti	Gang Moch. Toha No. 3\nDepok, KU 84832	+62 (967) 492 4299	2025-12-31	59500000.00	Customer Purchase
2460	2026-03-06	1	Laptop Lenovo	8500000.00	3	25500000.00	1643	Mala Hartati	Jalan Raya Ujungberung No. 90\nMedan, AC 21833	+62 (0636) 423-1249	2026-03-06	25500000.00	Product Sale
2468	2025-08-20	1	Laptop Lenovo	8500000.00	10	85000000.00	345	Martaka Puspasari	Jl. Ahmad Dahlan No. 505\nBatu, Bengkulu 51286	+62 (771) 758-0803	2025-08-20	85000000.00	Store Sale
2475	2026-03-01	1	Laptop Lenovo	8500000.00	5	42500000.00	1214	Padmi Suwarno	Gg. Medokan Ayu No. 7\nBitung, Jambi 64834	+62 (005) 418 4120	2026-03-01	42500000.00	Store Sale
2478	2026-04-15	1	Laptop Lenovo	8500000.00	2	17000000.00	1318	Puput Puspita	Gg. Jend. A. Yani No. 72\nMakassar, Nusa Tenggara Timur 83090	+62 (080) 893-7103	2026-04-15	17000000.00	Customer Purchase
2479	2026-06-30	1	Laptop Lenovo	8500000.00	6	51000000.00	754	Alika Habibi	Jl. Tubagus Ismail No. 1\nCilegon, Papua Barat 60696	(0789) 133 4660	2026-06-30	51000000.00	Online Transaction
2482	2025-10-30	1	Laptop Lenovo	8500000.00	3	25500000.00	1072	Ami Lazuardi	Jl. Pasteur No. 8\nSerang, SS 84619	+62-536-922-2211	2025-10-30	25500000.00	Customer Purchase
2489	2025-10-26	1	Laptop Lenovo	8500000.00	6	51000000.00	145	Tgk. Soleh Rajata, S.Pt	Gg. Suryakencana No. 8\nSamarinda, KR 41955	+62 (908) 014 9608	2025-10-26	51000000.00	Online Transaction
2493	2025-12-24	1	Laptop Lenovo	8500000.00	8	68000000.00	216	dr. Jati Manullang, S.T.	Jalan Ahmad Dahlan No. 499\nBandung, Nusa Tenggara Barat 49862	(0908) 266-4599	2025-12-24	68000000.00	Store Sale
2495	2026-03-29	1	Laptop Lenovo	8500000.00	2	17000000.00	928	Samiah Tampubolon, S.Gz	Jl. Jend. A. Yani No. 363\nBengkulu, KS 82089	(077) 904 6974	2026-03-29	17000000.00	Store Sale
2496	2026-06-18	1	Laptop Lenovo	8500000.00	3	25500000.00	1255	Tgk. Salwa Puspita	Gang Wonoayu No. 7\nBekasi, Gorontalo 23445	+62 (00) 628 7912	2026-06-18	25500000.00	Online Transaction
2497	2026-04-14	1	Laptop Lenovo	8500000.00	1	8500000.00	1686	R. Puti Sinaga	Jalan Kapten Muslihat No. 20\nKediri, DI Yogyakarta 47073	0862691348	2026-04-14	8500000.00	Store Sale
2501	2025-12-06	1	Laptop Lenovo	8500000.00	2	17000000.00	957	Ika Narpati, M.Farm	Gang Kiaracondong No. 950\nCirebon, Maluku 63958	+62-99-913-7037	2025-12-06	17000000.00	Online Transaction
2507	2026-01-05	1	Laptop Lenovo	8500000.00	10	85000000.00	281	Safina Tarihoran	NULL	+62-15-051-0463	2026-01-05	85000000.00	Product Sale
2518	2026-02-06	1	Laptop Lenovo	8500000.00	7	59500000.00	1246	Oskar Ardianto	Gg. Gedebage Selatan No. 9\nYogyakarta, JK 82719	+62-78-138-2110	2026-02-06	59500000.00	Product Sale
2524	2025-08-21	1	Laptop Lenovo	8500000.00	1	8500000.00	1485	Zalindra Riyanti	Jl. Ahmad Yani No. 56\nKota Administrasi Jakarta Utara, Sulawesi Tengah 22180	(011) 601-3969	2025-08-21	8500000.00	Online Transaction
2539	2025-10-10	1	Laptop Lenovo	8500000.00	10	85000000.00	1427	R. Amalia Hutasoit, M.M.	Jalan Gardujati No. 2\nTernate, Nusa Tenggara Barat 58505	+62 (075) 202-6773	2025-10-10	85000000.00	Customer Purchase
2540	2026-03-11	1	Laptop Lenovo	8500000.00	1	8500000.00	535	Kala Pradana	Gang Moch. Toha No. 4\nSingkawang, DI Yogyakarta 73345	+62 (28) 019 2323	2026-03-11	8500000.00	Online Transaction
2548	2025-11-11	1	Laptop Lenovo	8500000.00	10	85000000.00	576	Alika Maryati	Gg. Cihampelas No. 5\nBatam, AC 91201	+62-780-731-9937	2025-11-11	85000000.00	Online Transaction
2551	2025-09-06	1	Laptop Lenovo	8500000.00	1	8500000.00	1359	Zamira Andriani, M.M.	Jl. Raya Setiabudhi No. 43\nBima, SR 24795	083 900 9754	2025-09-06	8500000.00	Product Sale
2559	2025-08-03	1	Laptop Lenovo	8500000.00	9	76500000.00	609	R. Usman Adriansyah, M.Ak	Jalan Sentot Alibasa No. 2\nBalikpapan, Sumatera Barat 73435	+62 (0628) 875 9244	2025-08-03	76500000.00	Product Sale
2565	2025-12-31	1	Laptop Lenovo	8500000.00	3	25500000.00	837	R. Siti Susanti	Gg. H.J Maemunah No. 5\nMalang, BB 55878	+62 (042) 819-5176	2025-12-31	25500000.00	Store Sale
2567	2026-06-13	1	Laptop Lenovo	8500000.00	1	8500000.00	1843	Puji Wijayanti	Jl. Dipenogoro No. 5\nMagelang, Jawa Tengah 55251	+62-082-933-8227	2026-06-13	8500000.00	Store Sale
2571	2025-08-07	1	Laptop Lenovo	8500000.00	10	85000000.00	836	Dr. Cindy Damanik	Gg. Rajawali Timur No. 86\nSibolga, BT 48755	+62 (001) 103-6096	2025-08-07	85000000.00	Online Transaction
2579	2026-07-03	1	Laptop Lenovo	8500000.00	4	34000000.00	1237	Novi Gunarto	Gg. Otto Iskandardinata No. 9\nPadang, BA 45947	+62 (0291) 200 9058	2026-07-03	34000000.00	Customer Purchase
2592	2026-06-14	1	Laptop Lenovo	8500000.00	9	76500000.00	300	Calista Situmorang	Jalan Erlangga No. 19\nKota Administrasi Jakarta Selatan, NB 30097	(070) 579 8255	2026-06-14	76500000.00	Online Transaction
2597	2025-12-02	1	Laptop Lenovo	8500000.00	4	34000000.00	986	dr. Kambali Waskita, M.Pd	Gg. S. Parman No. 0\nSolok, MU 69709	+62-811-402-8937	2025-12-02	34000000.00	Customer Purchase
2599	2026-05-06	1	Laptop Lenovo	8500000.00	1	8500000.00	1781	Farhunnisa Hutapea	Jalan Moch. Ramdan No. 922\nPurwokerto, SU 89174	(0970) 350 3642	2026-05-06	8500000.00	Store Sale
2601	2025-08-30	1	Laptop Lenovo	8500000.00	9	76500000.00	1047	Endra Wacana, S.T.	Gg. Suniaraja No. 324\nPematangsiantar, JT 76800	+62-199-894-7802	2025-08-30	76500000.00	Store Sale
2607	2026-03-26	1	Laptop Lenovo	8500000.00	10	85000000.00	1258	Olga Ardianto	Jl. Soekarno Hatta No. 8\nDenpasar, BB 56231	(060) 675-5496	2026-03-26	85000000.00	Customer Purchase
2610	2025-12-03	1	Laptop Lenovo	8500000.00	3	25500000.00	512	Ikhsan Hutapea	Jalan Kiaracondong No. 531\nSorong, SR 65758	(054) 129-6561	2025-12-03	25500000.00	Customer Purchase
2617	2026-05-26	1	Laptop Lenovo	8500000.00	2	17000000.00	216	dr. Jati Manullang, S.T.	Jalan Ahmad Dahlan No. 499\nBandung, Nusa Tenggara Barat 49862	(0908) 266-4599	2026-05-26	17000000.00	Customer Purchase
2621	2026-04-27	1	Laptop Lenovo	8500000.00	3	25500000.00	705	Jail Nasyiah, S.IP	Gg. Monginsidi No. 46\nCirebon, YO 22071	+62 (0010) 863-9985	2026-04-27	25500000.00	Product Sale
2622	2025-11-19	1	Laptop Lenovo	8500000.00	6	51000000.00	1694	Tina Yuniar	Jalan W.R. Supratman No. 7\nKediri, Kepulauan Riau 87093	+62-589-933-4686	2025-11-19	51000000.00	Store Sale
2624	2026-06-09	1	Laptop Lenovo	8500000.00	8	68000000.00	628	Ciaobella Suryono	Gang Rumah Sakit No. 7\nSingkawang, MA 07466	+62 (85) 355 7252	2026-06-09	68000000.00	Product Sale
2625	2025-09-29	1	Laptop Lenovo	8500000.00	4	34000000.00	882	Sutan Marwata Pangestu	Gg. Cikutra Barat No. 720\nTangerang, RI 05277	+62 (0757) 525 5112	2025-09-29	34000000.00	Product Sale
2627	2026-06-04	1	Laptop Lenovo	8500000.00	8	68000000.00	710	Galak Wasita	Gg. Ciwastra No. 306\nBanjarmasin, Jambi 05900	+62 (020) 576 3241	2026-06-04	68000000.00	Customer Purchase
2634	2026-03-07	1	Laptop Lenovo	8500000.00	10	85000000.00	1140	Saiful Hidayat	Gang Dipatiukur No. 185\nSurakarta, AC 96418	+62-87-430-1477	2026-03-07	85000000.00	Customer Purchase
2637	2025-07-28	1	Laptop Lenovo	8500000.00	6	51000000.00	460	dr. Prayoga Putra, M.TI.	Jl. Sukabumi No. 440\nBanjar, NT 25105	0815333028	2025-07-28	51000000.00	Store Sale
2642	2025-12-22	1	Laptop Lenovo	8500000.00	1	8500000.00	1807	KH. Maryanto Suryono, M.Pd	Gang Astana Anyar No. 47\nDepok, BE 68634	(0216) 168-9688	2025-12-22	8500000.00	Product Sale
2655	2026-01-29	1	Laptop Lenovo	8500000.00	8	68000000.00	1865	Prayoga Hakim	Jl. Erlangga No. 90\nKota Administrasi Jakarta Barat, KU 51664	+62 (71) 110-5978	2026-01-29	68000000.00	Store Sale
2660	2026-05-20	1	Laptop Lenovo	8500000.00	6	51000000.00	1348	Ir. Ani Situmorang	Jl. Pasteur No. 6\nBitung, KR 16238	+62 (055) 838-7316	2026-05-20	51000000.00	Online Transaction
2666	2025-11-26	1	Laptop Lenovo	8500000.00	8	68000000.00	1807	KH. Maryanto Suryono, M.Pd	Gang Astana Anyar No. 47\nDepok, BE 68634	(0216) 168-9688	2025-11-26	68000000.00	Product Sale
2668	2025-11-04	1	Laptop Lenovo	8500000.00	3	25500000.00	217	Sakura Dongoran	Gang Pasirkoja No. 534\nBima, Papua 10748	(052) 179 9983	2025-11-04	25500000.00	Customer Purchase
2669	2026-04-06	1	Laptop Lenovo	8500000.00	2	17000000.00	1923	drg. Nalar Yuniar	Gg. Ahmad Dahlan No. 4\nPalangkaraya, Jawa Barat 65452	+62 (16) 302 6272	2026-04-06	17000000.00	Store Sale
2678	2026-01-25	1	Laptop Lenovo	8500000.00	4	34000000.00	123	R. Hamima Zulkarnain, S.Farm	Gang Rajawali Timur No. 77\nSerang, YO 63607	(0895) 673 6626	2026-01-25	34000000.00	Customer Purchase
2685	2025-11-28	1	Laptop Lenovo	8500000.00	2	17000000.00	372	Amelia Sirait	Jl. S. Parman No. 78\nLangsa, Aceh 05907	(0302) 342 4183	2025-11-28	17000000.00	Online Transaction
2688	2025-12-24	1	Laptop Lenovo	8500000.00	4	34000000.00	1381	Soleh Padmasari	Gang Pelajar Pejuang No. 00\nDenpasar, BT 17587	+62-411-275-6733	2025-12-24	34000000.00	Store Sale
2692	2026-02-05	1	Laptop Lenovo	8500000.00	9	76500000.00	141	Hj. Amalia Pangestu, S.Kom	NULL	+62 (376) 336 8097	2026-02-05	76500000.00	Online Transaction
2705	2026-06-13	1	Laptop Lenovo	8500000.00	9	76500000.00	42	Hamima Wasita	Gang Jamika No. 92\nCilegon, Papua 53369	+62 (50) 795 1807	2026-06-13	76500000.00	Store Sale
2707	2026-02-18	1	Laptop Lenovo	8500000.00	4	34000000.00	227	KH. Opan Sirait	Jl. Peta No. 87\nDumai, Kalimantan Utara 07807	+62 (067) 854-8979	2026-02-18	34000000.00	Product Sale
2709	2025-07-26	1	Laptop Lenovo	8500000.00	10	85000000.00	195	Leo Mandala	Jalan Sentot Alibasa No. 59\nBukittinggi, JK 06747	(033) 106 6448	2025-07-26	85000000.00	Product Sale
2712	2025-10-06	1	Laptop Lenovo	8500000.00	2	17000000.00	1813	Kartika Sihotang	Jalan Pelajar Pejuang No. 9\nBandar Lampung, Jawa Tengah 83928	+62 (42) 960-3907	2025-10-06	17000000.00	Product Sale
2722	2025-10-24	1	Laptop Lenovo	8500000.00	2	17000000.00	723	dr. Yuni Handayani, S.E.I	Jalan Wonoayu No. 677\nSerang, GO 75236	080 632 8301	2025-10-24	17000000.00	Product Sale
2727	2025-09-18	1	Laptop Lenovo	8500000.00	9	76500000.00	409	Dr. Ganjaran Salahudin, M.Ak	Gg. Indragiri No. 454\nPekalongan, Sulawesi Tenggara 43387	+62 (063) 729-8828	2025-09-18	76500000.00	Store Sale
2734	2025-10-14	1	Laptop Lenovo	8500000.00	3	25500000.00	165	R. Usman Saragih	Jl. Jakarta No. 1\nTomohon, Banten 05292	+62-067-917-9531	2025-10-14	25500000.00	Online Transaction
2755	2025-10-17	1	Laptop Lenovo	8500000.00	3	25500000.00	1936	Septi Gunawan	Gg. Rajiman No. 606\nDumai, Aceh 08442	+62-0525-521-7489	2025-10-17	25500000.00	Online Transaction
2758	2026-01-10	1	Laptop Lenovo	8500000.00	7	59500000.00	827	Garan Saragih	Gg. Rajawali Timur No. 8\nKota Administrasi Jakarta Pusat, Nusa Tenggara Barat 01826	+62 (92) 172-3972	2026-01-10	59500000.00	Store Sale
2761	2025-12-22	1	Laptop Lenovo	8500000.00	3	25500000.00	1837	R. Siti Susanti	Gg. H.J Maemunah No. 5\nMalang, BB 55878	+62 (042) 819-5176	2025-12-22	25500000.00	Store Sale
2771	2025-12-03	1	Laptop Lenovo	8500000.00	5	42500000.00	533	Dt. Edward Iswahyudi, M.Ak	Jalan Kendalsari No. 303\nTangerang, Kepulauan Bangka Belitung 24684	(080) 891-1967	2025-12-03	42500000.00	Store Sale
2774	2026-01-30	1	Laptop Lenovo	8500000.00	10	85000000.00	243	Lalita Hutagalung, S.I.Kom	Jalan M.H Thamrin No. 62\nBanjarbaru, BT 46890	+62 (326) 015 7811	2026-01-30	85000000.00	Store Sale
2775	2026-03-22	1	Laptop Lenovo	8500000.00	7	59500000.00	1485	Zalindra Riyanti	Jl. Ahmad Yani No. 56\nKota Administrasi Jakarta Utara, Sulawesi Tengah 22180	(011) 601-3969	2026-03-22	59500000.00	Store Sale
2786	2026-05-02	1	Laptop Lenovo	8500000.00	5	42500000.00	605	R. Wani Lestari	Gg. Gegerkalong Hilir No. 037\nTasikmalaya, ST 89606	+62 (063) 139-2687	2026-05-02	42500000.00	Store Sale
2792	2026-05-31	1	Laptop Lenovo	8500000.00	4	34000000.00	23	Bahuraksa Wijayanti	Jalan Cihampelas No. 16\nKotamobagu, Jawa Barat 21624	+62-0156-894-3564	2026-05-31	34000000.00	Customer Purchase
2799	2026-02-04	1	Laptop Lenovo	8500000.00	7	59500000.00	59	Tgk. Fathonah Nurdiyanti, S.IP	Gang Dipenogoro No. 71\nBitung, Sulawesi Selatan 07399	+62-715-710-0695	2026-02-04	59500000.00	Product Sale
2800	2025-10-24	1	Laptop Lenovo	8500000.00	9	76500000.00	1366	Cecep Dabukke	Gang M.T Haryono No. 18\nLhokseumawe, BB 95511	(0036) 887-4029	2025-10-24	76500000.00	Customer Purchase
2806	2026-06-26	1	Laptop Lenovo	8500000.00	10	85000000.00	1260	Nyoman Nurdiyanti	Jl. Kiaracondong No. 52\nSurakarta, PB 19304	(084) 657 3223	2026-06-26	85000000.00	Online Transaction
2807	2025-11-20	1	Laptop Lenovo	8500000.00	3	25500000.00	1313	Purwanto Nurdiyanti	NULL	+62 (0823) 235-3156	2025-11-20	25500000.00	Customer Purchase
2809	2026-05-18	1	Laptop Lenovo	8500000.00	7	59500000.00	1334	Cakrawangsa Najmudin	Jalan Dipenogoro No. 781\nSamarinda, Papua Barat 76972	+62 (045) 854-0634	2026-05-18	59500000.00	Product Sale
2812	2025-09-15	1	Laptop Lenovo	8500000.00	2	17000000.00	323	Tgk. Dodo Siregar, M.Farm	Gang Ahmad Yani No. 58\nTangerang Selatan, PB 93677	+62 (38) 866 1289	2025-09-15	17000000.00	Customer Purchase
2821	2026-01-21	1	Laptop Lenovo	8500000.00	4	34000000.00	602	Drs. Ulya Yolanda, S.Pt	Jl. KH Amin Jasuta No. 32\nSemarang, SS 58735	(067) 086-5751	2026-01-21	34000000.00	Store Sale
2822	2025-09-06	1	Laptop Lenovo	8500000.00	5	42500000.00	1023	Bahuraksa Wijayanti	Jalan Cihampelas No. 16\nKotamobagu, Jawa Barat 21624	+62-0156-894-3564	2025-09-06	42500000.00	Store Sale
2824	2026-03-14	1	Laptop Lenovo	8500000.00	3	25500000.00	989	Ilyas Rajasa	Gang Dipenogoro No. 202\nPalopo, MU 70730	+62 (012) 474 8917	2026-03-14	25500000.00	Product Sale
2826	2026-04-02	1	Laptop Lenovo	8500000.00	5	42500000.00	1445	Dinda Nababan	Jl. Pacuan Kuda No. 5\nBanjarbaru, Jawa Tengah 98257	+62-56-765-2277	2026-04-02	42500000.00	Store Sale
2828	2025-10-18	1	Laptop Lenovo	8500000.00	5	42500000.00	1006	Aditya Utami	Jalan Siliwangi No. 1\nBau-Bau, SB 53322	+62 (0281) 802-0729	2025-10-18	42500000.00	Store Sale
2833	2026-05-16	1	Laptop Lenovo	8500000.00	5	42500000.00	651	Olga Laksita	Jalan Kapten Muslihat No. 27\nTanjungpinang, Banten 36498	+62 (090) 289-1266	2026-05-16	42500000.00	Product Sale
2836	2025-12-14	1	Laptop Lenovo	8500000.00	2	17000000.00	1907	Bagiya Usamah	Gang Cihampelas No. 702\nPrabumulih, SS 13562	(0363) 183 3326	2025-12-14	17000000.00	Product Sale
2844	2025-09-24	1	Laptop Lenovo	8500000.00	8	68000000.00	1857	Rika Anggraini	Jalan Kutai No. 7\nTangerang, Kepulauan Riau 05153	(0495) 916 9892	2025-09-24	68000000.00	Customer Purchase
2848	2026-01-16	1	Laptop Lenovo	8500000.00	5	42500000.00	1639	drg. Ajeng Tamba, S.Farm	Gg. Siliwangi No. 7\nPariaman, JT 45107	+62 (47) 532-4395	2026-01-16	42500000.00	Store Sale
2851	2026-02-23	1	Laptop Lenovo	8500000.00	9	76500000.00	79	Halima Anggriawan, M.Kom.	Gang Yos Sudarso No. 2\nSamarinda, BB 87518	(000) 756-4341	2026-02-23	76500000.00	Product Sale
2852	2025-09-03	1	Laptop Lenovo	8500000.00	7	59500000.00	1556	Puti Irawan	Gg. Indragiri No. 682\nSolok, JT 15932	+62 (0706) 115 0519	2025-09-03	59500000.00	Customer Purchase
2858	2026-02-07	1	Laptop Lenovo	8500000.00	8	68000000.00	883	Najam Simbolon	Jl. Pacuan Kuda No. 0\nManado, SS 41536	+62 (43) 750-1352	2026-02-07	68000000.00	Product Sale
2859	2026-04-05	1	Laptop Lenovo	8500000.00	4	34000000.00	424	Dr. Patricia Wastuti	Jalan Sukabumi No. 806\nCirebon, ST 48537	086 780 8699	2026-04-05	34000000.00	Product Sale
2863	2025-09-09	1	Laptop Lenovo	8500000.00	3	25500000.00	1261	Padma Hariyah, S.E.I	Jl. Gardujati No. 1\nBinjai, Nusa Tenggara Timur 01632	0827537861	2025-09-09	25500000.00	Online Transaction
2867	2025-09-08	1	Laptop Lenovo	8500000.00	4	34000000.00	739	Paiman Saefullah, S.Farm	Jalan Ronggowarsito No. 1\nBukittinggi, Kalimantan Utara 21123	(065) 764 0567	2025-09-08	34000000.00	Customer Purchase
2873	2025-12-20	1	Laptop Lenovo	8500000.00	10	85000000.00	1611	Nadia Waluyo	Gg. Suniaraja No. 6\nTasikmalaya, Maluku 94574	+62 (0448) 245-5585	2025-12-20	85000000.00	Store Sale
2883	2025-09-22	1	Laptop Lenovo	8500000.00	7	59500000.00	965	Tgk. Najam Handayani, S.Gz	Jl. Antapani Lama No. 85\nLubuklinggau, Jawa Tengah 11737	0842750838	2025-09-22	59500000.00	Customer Purchase
2888	2026-01-26	1	Laptop Lenovo	8500000.00	4	34000000.00	383	Tri Mayasari	Jl. Peta No. 2\nPadang Sidempuan, Nusa Tenggara Timur 38880	+62-332-520-4496	2026-01-26	34000000.00	Customer Purchase
2894	2026-01-23	1	Laptop Lenovo	8500000.00	6	51000000.00	174	drg. Raditya Wibowo, S.Farm	Jl. Rajiman No. 045\nYogyakarta, SB 12238	+62-262-664-5442	2026-01-23	51000000.00	Customer Purchase
2904	2025-09-25	1	Laptop Lenovo	8500000.00	2	17000000.00	880	R. Ulya Habibi, M.Farm	Gg. Lembong No. 684\nSurabaya, Lampung 45708	+62-635-148-2378	2025-09-25	17000000.00	Product Sale
2906	2025-08-05	1	Laptop Lenovo	8500000.00	4	34000000.00	502	Tgk. Gaman Simbolon	NULL	+62 (04) 328-6218	2025-08-05	34000000.00	Product Sale
2911	2026-01-04	1	Laptop Lenovo	8500000.00	5	42500000.00	772	Saiful Mustofa	Jl. Kendalsari No. 935\nLubuklinggau, Sulawesi Selatan 68947	+62 (0979) 407 1255	2026-01-04	42500000.00	Store Sale
2915	2026-01-16	1	Laptop Lenovo	8500000.00	10	85000000.00	672	Kamila Iswahyudi, S.Sos	NULL	0848356989	2026-01-16	85000000.00	Store Sale
2927	2026-07-01	1	Laptop Lenovo	8500000.00	9	76500000.00	1567	Najib Saptono	Gang W.R. Supratman No. 42\nSungai Penuh, Kalimantan Timur 26981	+62 (493) 527 1626	2026-07-01	76500000.00	Product Sale
2928	2025-12-27	1	Laptop Lenovo	8500000.00	3	25500000.00	550	dr. Utama Haryanti, S.Pd	Gang Gedebage Selatan No. 45\nPadang Sidempuan, Gorontalo 96056	+62 (59) 588-2449	2025-12-27	25500000.00	Store Sale
2931	2026-06-26	1	Laptop Lenovo	8500000.00	1	8500000.00	1758	Ina Laksmiwati, M.TI.	Gang Waringin No. 714\nSurabaya, JK 32275	+62 (046) 649-0632	2026-06-26	8500000.00	Store Sale
2935	2025-08-10	1	Laptop Lenovo	8500000.00	4	34000000.00	810	Jagapati Wasita	Gg. Moch. Ramdan No. 215\nSalatiga, Gorontalo 21614	+62 (028) 835 7845	2025-08-10	34000000.00	Online Transaction
2941	2025-07-15	1	Laptop Lenovo	8500000.00	3	25500000.00	1995	Yunita Nashiruddin	Jl. Gegerkalong Hilir No. 133\nBanjarmasin, Jawa Barat 19986	(092) 928 6539	2025-07-15	25500000.00	Customer Purchase
2945	2026-01-05	1	Laptop Lenovo	8500000.00	4	34000000.00	1684	Makuta Dabukke	Gg. KH Amin Jasuta No. 2\nMagelang, GO 18865	+62 (24) 250-5266	2026-01-05	34000000.00	Customer Purchase
2948	2025-09-16	1	Laptop Lenovo	8500000.00	7	59500000.00	1748	Dr. Ika Haryanti	Gg. Rajawali Timur No. 9\nBengkulu, BB 28405	+62 (96) 255 1669	2025-09-16	59500000.00	Store Sale
2950	2026-07-01	1	Laptop Lenovo	8500000.00	7	59500000.00	429	Tgk. Chandra Astuti, M.Kom.	Jalan Asia Afrika No. 657\nPadang Sidempuan, Nusa Tenggara Timur 47596	0835510263	2026-07-01	59500000.00	Customer Purchase
2952	2026-04-13	1	Laptop Lenovo	8500000.00	8	68000000.00	887	Ir. Raisa Halim, M.Pd	Gang Cikapayang No. 748\nPrabumulih, JB 38157	(098) 485-1228	2026-04-13	68000000.00	Product Sale
2953	2026-04-24	1	Laptop Lenovo	8500000.00	7	59500000.00	656	Tgk. Jagapati Pranowo	Gang Rawamangun No. 87\nPalu, GO 03885	+62 (0190) 309-3295	2026-04-24	59500000.00	Online Transaction
2954	2026-06-07	1	Laptop Lenovo	8500000.00	10	85000000.00	322	Cindy Kusumo, S.E.I	Gang Rajawali Barat No. 06\nManado, JK 59961	+62 (388) 543 0985	2026-06-07	85000000.00	Product Sale
2957	2026-02-22	1	Laptop Lenovo	8500000.00	10	85000000.00	614	R.A. Ida Marbun	Jl. M.T Haryono No. 7\nSurakarta, Papua Barat 44787	+62 (091) 833-1955	2026-02-22	85000000.00	Online Transaction
2960	2026-01-30	1	Laptop Lenovo	8500000.00	6	51000000.00	1188	Kenes Iswahyudi	Jalan Lembong No. 1\nBandung, Jawa Barat 32901	+62-008-882-5718	2026-01-30	51000000.00	Product Sale
2961	2025-07-18	1	Laptop Lenovo	8500000.00	4	34000000.00	540	Aurora Farida	Gang BKR No. 7\nDenpasar, Riau 44196	+62 (832) 119-8854	2025-07-18	34000000.00	Customer Purchase
2967	2025-12-30	1	Laptop Lenovo	8500000.00	7	59500000.00	1531	Daliono Damanik, S.E.	Jl. Kapten Muslihat No. 6\nPadangpanjang, Sumatera Utara 31892	(052) 495 5333	2025-12-30	59500000.00	Customer Purchase
2968	2025-08-04	1	Laptop Lenovo	8500000.00	8	68000000.00	1789	R.A. Tiara Zulkarnain	Jalan K.H. Wahid Hasyim No. 972\nMalang, LA 29436	+62-043-558-1542	2025-08-04	68000000.00	Store Sale
2973	2026-01-23	1	Laptop Lenovo	8500000.00	3	25500000.00	17	Galih Zulkarnain, S.Sos	Jalan Bangka Raya No. 907\nSorong, AC 24262	+62 (0595) 605-3970	2026-01-23	25500000.00	Product Sale
2977	2026-05-10	1	Laptop Lenovo	8500000.00	1	8500000.00	1021	Muni Melani	Gg. Ciumbuleuit No. 2\nBatu, Nusa Tenggara Timur 55343	0856152478	2026-05-10	8500000.00	Store Sale
2981	2025-12-06	1	Laptop Lenovo	8500000.00	1	8500000.00	816	Hari Winarno	NULL	(0251) 624-3675	2025-12-06	8500000.00	Store Sale
2982	2026-02-24	1	Laptop Lenovo	8500000.00	5	42500000.00	1329	Vivi Sihombing	Jl. Kapten Muslihat No. 8\nSingkawang, Sumatera Utara 37383	+62 (0869) 190 0279	2026-02-24	42500000.00	Online Transaction
2984	2025-10-29	1	Laptop Lenovo	8500000.00	1	8500000.00	1430	Cengkal Farida	Jl. Abdul Muis No. 066\nBukittinggi, PA 51106	+62 (652) 209 4581	2025-10-29	8500000.00	Online Transaction
2985	2026-04-01	1	Laptop Lenovo	8500000.00	1	8500000.00	846	R.A. Ulya Palastri, S.I.Kom	Jl. Jend. Sudirman No. 64\nManado, BA 47376	+62 (401) 370 6859	2026-04-01	8500000.00	Customer Purchase
2988	2026-06-02	1	Laptop Lenovo	8500000.00	2	17000000.00	1305	Tgk. Najam Handayani, S.Gz	Gang W.R. Supratman No. 080\nBontang, YO 81616	081 068 9713	2026-06-02	17000000.00	Customer Purchase
2989	2025-07-19	1	Laptop Lenovo	8500000.00	8	68000000.00	1303	Siska Agustina	Jalan Wonoayu No. 8\nBanda Aceh, DI Yogyakarta 24487	+62 (091) 302-3615	2025-07-19	68000000.00	Product Sale
2991	2025-12-28	1	Laptop Lenovo	8500000.00	3	25500000.00	1170	Daliono Damanik, S.E.	NULL	+62 (27) 797 3571	2025-12-28	25500000.00	Product Sale
3002	2025-11-21	1	Laptop Lenovo	8500000.00	1	8500000.00	1986	dr. Kambali Waskita, M.Pd	Gg. S. Parman No. 0\nSolok, MU 69709	+62-811-402-8937	2025-11-21	8500000.00	Customer Purchase
3004	2026-06-04	1	Laptop Lenovo	8500000.00	2	17000000.00	999	Candra Hidayat, S.Sos	Jalan Monginsidi No. 0\nSolok, DI Yogyakarta 89072	(0481) 889 2972	2026-06-04	17000000.00	Online Transaction
3005	2026-03-13	1	Laptop Lenovo	8500000.00	1	8500000.00	627	Darmanto Nainggolan	Jl. Kiaracondong No. 944\nPalembang, Papua 42999	+62 (35) 558 4636	2026-03-13	8500000.00	Store Sale
3008	2025-12-05	1	Laptop Lenovo	8500000.00	5	42500000.00	1154	Makuta Sihotang	Gang Jend. Sudirman No. 912\nMeulaboh, YO 43532	0895216617	2025-12-05	42500000.00	Online Transaction
3014	2025-09-12	1	Laptop Lenovo	8500000.00	6	51000000.00	245	Drs. Qori Zulkarnain	Jalan Rungkut Industri No. 5\nDenpasar, Jambi 83943	+62-82-592-3041	2025-09-12	51000000.00	Customer Purchase
3022	2026-05-30	1	Laptop Lenovo	8500000.00	10	85000000.00	464	Niyaga Mayasari	Gang Asia Afrika No. 9\nBinjai, Riau 90977	(073) 997 1771	2026-05-30	85000000.00	Online Transaction
3023	2026-01-25	1	Laptop Lenovo	8500000.00	5	42500000.00	1460	dr. Prayoga Putra, M.TI.	Jl. Sukabumi No. 440\nBanjar, NT 25105	0815333028	2026-01-25	42500000.00	Store Sale
3028	2026-02-25	1	Laptop Lenovo	8500000.00	5	42500000.00	1324	Sutan Pranawa Hassanah, S.Pd	Jl. H.J Maemunah No. 04\nProbolinggo, SN 06589	+62 (0392) 041 2651	2026-02-25	42500000.00	Store Sale
3030	2026-04-28	1	Laptop Lenovo	8500000.00	7	59500000.00	1620	Natalia Andriani	Gg. Cikutra Barat No. 868\nSawahlunto, KU 78966	+62-0595-541-8433	2026-04-28	59500000.00	Product Sale
3031	2026-01-18	1	Laptop Lenovo	8500000.00	1	8500000.00	1559	Galar Manullang	Jl. Rajawali Barat No. 82\nKediri, Gorontalo 78383	+62-035-771-3085	2026-01-18	8500000.00	Product Sale
3035	2025-11-21	1	Laptop Lenovo	8500000.00	10	85000000.00	493	Dacin Oktaviani	Jl. Cikutra Timur No. 5\nSukabumi, Nusa Tenggara Barat 09302	+62 (63) 187 8599	2025-11-21	85000000.00	Product Sale
3044	2026-02-24	1	Laptop Lenovo	8500000.00	4	34000000.00	1020	Dodo Januar	Jl. Ir. H. Djuanda No. 3\nJambi, Kepulauan Bangka Belitung 01230	+62 (00) 266 9602	2026-02-24	34000000.00	Product Sale
3045	2025-07-10	1	Laptop Lenovo	8500000.00	10	85000000.00	1556	Puti Irawan	Gg. Indragiri No. 682\nSolok, JT 15932	+62 (0706) 115 0519	2025-07-10	85000000.00	Store Sale
3046	2025-12-19	1	Laptop Lenovo	8500000.00	9	76500000.00	174	drg. Raditya Wibowo, S.Farm	Jl. Rajiman No. 045\nYogyakarta, SB 12238	+62-262-664-5442	2025-12-19	76500000.00	Store Sale
3053	2025-09-12	1	Laptop Lenovo	8500000.00	2	17000000.00	1836	Dr. Cindy Damanik	Gg. Rajawali Timur No. 86\nSibolga, BT 48755	+62 (001) 103-6096	2025-09-12	17000000.00	Online Transaction
3054	2025-11-06	1	Laptop Lenovo	8500000.00	9	76500000.00	1763	Patricia Tampubolon	Gg. Medokan Ayu No. 34\nPangkalpinang, SN 29231	(006) 783 7630	2025-11-06	76500000.00	Product Sale
3056	2025-10-17	1	Laptop Lenovo	8500000.00	4	34000000.00	1651	Olga Laksita	Jalan Kapten Muslihat No. 27\nTanjungpinang, Banten 36498	+62 (090) 289-1266	2025-10-17	34000000.00	Online Transaction
3058	2026-01-27	1	Laptop Lenovo	8500000.00	6	51000000.00	609	R. Usman Adriansyah, M.Ak	Jalan Sentot Alibasa No. 2\nBalikpapan, Sumatera Barat 73435	+62 (0628) 875 9244	2026-01-27	51000000.00	Product Sale
3066	2025-08-29	1	Laptop Lenovo	8500000.00	1	8500000.00	1709	R. Virman Winarno	Gang Merdeka No. 933\nTasikmalaya, ST 31350	+62 (333) 727-3655	2025-08-29	8500000.00	Store Sale
3068	2025-10-09	1	Laptop Lenovo	8500000.00	9	76500000.00	5	Okto Puspita	Jalan Cihampelas No. 402\nMalang, Nusa Tenggara Barat 65000	(0162) 053 8179	2025-10-09	76500000.00	Store Sale
3071	2026-05-28	1	Laptop Lenovo	8500000.00	1	8500000.00	625	Jessica Siregar	Jalan Sukabumi No. 087\nSamarinda, Sulawesi Tengah 53375	+62 (0819) 708-1259	2026-05-28	8500000.00	Customer Purchase
3076	2026-05-27	1	Laptop Lenovo	8500000.00	2	17000000.00	1546	Fitria Maheswara	Jalan Otto Iskandardinata No. 3\nKota Administrasi Jakarta Selatan, LA 91864	+62 (062) 330-9690	2026-05-27	17000000.00	Product Sale
3079	2026-06-30	1	Laptop Lenovo	8500000.00	4	34000000.00	1926	Shania Simanjuntak	NULL	084 236 0553	2026-06-30	34000000.00	Store Sale
3091	2025-08-25	1	Laptop Lenovo	8500000.00	6	51000000.00	500	Prayogo Zulaika, S.Farm	Jalan Cikutra Barat No. 9\nTangerang Selatan, KR 08665	+62 (96) 140 6934	2025-08-25	51000000.00	Product Sale
3092	2025-08-03	1	Laptop Lenovo	8500000.00	10	85000000.00	801	Paiman Nababan	Jl. Merdeka No. 93\nKota Administrasi Jakarta Utara, SG 20392	+62-029-657-6789	2025-08-03	85000000.00	Product Sale
3093	2026-05-10	1	Laptop Lenovo	8500000.00	2	17000000.00	1043	Nalar Laksita, S.Pt	Gg. Merdeka No. 28\nBukittinggi, DKI Jakarta 10292	+62-018-259-5101	2026-05-10	17000000.00	Product Sale
3117	2026-04-24	1	Laptop Lenovo	8500000.00	9	76500000.00	1466	Estiono Santoso	Gang Raya Setiabudhi No. 670\nMojokerto, JK 03511	+62 (0701) 708-4570	2026-04-24	76500000.00	Online Transaction
3121	2026-06-28	1	Laptop Lenovo	8500000.00	10	85000000.00	1855	Hilda Usada	Gang Rajiman No. 5\nPadangpanjang, Kepulauan Bangka Belitung 60665	+62 (0241) 093-8634	2026-06-28	85000000.00	Customer Purchase
3122	2026-07-07	1	Laptop Lenovo	8500000.00	5	42500000.00	1392	Hj. Ciaobella Suryatmi	Jl. Gedebage Selatan No. 34\nMagelang, Kalimantan Utara 67065	(0840) 589-3518	2026-07-07	42500000.00	Store Sale
3123	2025-12-07	1	Laptop Lenovo	8500000.00	7	59500000.00	361	Banawi Widodo	Jl. Asia Afrika No. 4\nTidore Kepulauan, Sumatera Barat 37623	(065) 250 9954	2025-12-07	59500000.00	Customer Purchase
3128	2026-06-19	1	Laptop Lenovo	8500000.00	8	68000000.00	253	dr. Amalia Pudjiastuti	Gg. Gegerkalong Hilir No. 6\nParepare, JT 41262	+62 (072) 669 4825	2026-06-19	68000000.00	Online Transaction
3132	2025-07-30	1	Laptop Lenovo	8500000.00	10	85000000.00	1198	Azalea Sihombing	Jalan Cempaka No. 771\nMadiun, Bengkulu 54637	+62-020-998-3110	2025-07-30	85000000.00	Online Transaction
3134	2025-10-14	1	Laptop Lenovo	8500000.00	3	25500000.00	1951	H. Mursinin Mansur	Gg. Rawamangun No. 03\nBukittinggi, Kalimantan Tengah 36830	+62 (0338) 117 8887	2025-10-14	25500000.00	Customer Purchase
3135	2026-05-25	1	Laptop Lenovo	8500000.00	3	25500000.00	1517	Emil Riyanti	Gg. S. Parman No. 3\nTarakan, ST 03945	+62 (460) 118 8949	2026-05-25	25500000.00	Customer Purchase
3139	2026-05-07	1	Laptop Lenovo	8500000.00	5	42500000.00	863	Citra Waskita	Gg. Joyoboyo No. 79\nSibolga, DKI Jakarta 85816	(0285) 149 6121	2026-05-07	42500000.00	Product Sale
3145	2025-09-28	1	Laptop Lenovo	8500000.00	5	42500000.00	1876	Aslijan Purnawati	Gang Jend. Sudirman No. 122\nBanjarmasin, Maluku Utara 29511	+62 (015) 868-2563	2025-09-28	42500000.00	Product Sale
3146	2025-08-23	1	Laptop Lenovo	8500000.00	6	51000000.00	563	Drs. Endah Fujiati, S.E.I	Jl. K.H. Wahid Hasyim No. 13\nTidore Kepulauan, Maluku 97929	+62 (04) 075 7410	2025-08-23	51000000.00	Customer Purchase
3148	2025-09-21	1	Laptop Lenovo	8500000.00	2	17000000.00	1832	Prasetya Wibisono	Gg. Peta No. 135\nPontianak, PB 21464	(073) 607-4068	2025-09-21	17000000.00	Product Sale
3153	2026-05-21	1	Laptop Lenovo	8500000.00	7	59500000.00	251	Bagiya Megantara	Jl. Cihampelas No. 53\nSawahlunto, Kalimantan Selatan 37528	+62 (42) 514 3974	2026-05-21	59500000.00	Product Sale
3160	2025-10-26	1	Laptop Lenovo	8500000.00	8	68000000.00	1933	Hasna Prasetyo	Gg. Tubagus Ismail No. 43\nMalang, NB 45880	+62 (0908) 421 8434	2025-10-26	68000000.00	Store Sale
3173	2025-11-08	1	Laptop Lenovo	8500000.00	4	34000000.00	755	Paiman Sinaga	Jl. Sukajadi No. 8\nKota Administrasi Jakarta Timur, Kalimantan Barat 69835	+62 (810) 609-4057	2025-11-08	34000000.00	Online Transaction
3180	2026-06-07	1	Laptop Lenovo	8500000.00	2	17000000.00	609	R. Usman Adriansyah, M.Ak	Jalan Sentot Alibasa No. 2\nBalikpapan, Sumatera Barat 73435	+62 (0628) 875 9244	2026-06-07	17000000.00	Product Sale
3186	2025-12-10	1	Laptop Lenovo	8500000.00	2	17000000.00	577	Zamira Mulyani, M.Ak	Jl. Cempaka No. 0\nProbolinggo, Sulawesi Tenggara 06036	(0355) 124-8986	2025-12-10	17000000.00	Customer Purchase
3193	2026-02-17	1	Laptop Lenovo	8500000.00	5	42500000.00	555	Nardi Saragih, S.Gz	NULL	+62 (097) 666-8785	2026-02-17	42500000.00	Online Transaction
3202	2025-11-17	1	Laptop Lenovo	8500000.00	8	68000000.00	344	Prakosa Hakim	Jl. Sukabumi No. 38\nKota Administrasi Jakarta Pusat, Bali 02291	+62-81-095-0461	2025-11-17	68000000.00	Product Sale
3207	2026-02-22	1	Laptop Lenovo	8500000.00	9	76500000.00	1640	KH. Mulya Haryanti	Gg. Rajawali Barat No. 48\nSubulussalam, PB 20722	+62-951-558-4374	2026-02-22	76500000.00	Store Sale
3208	2025-12-30	1	Laptop Lenovo	8500000.00	5	42500000.00	170	Daliono Damanik, S.E.	NULL	+62 (27) 797 3571	2025-12-30	42500000.00	Store Sale
3223	2025-08-26	1	Laptop Lenovo	8500000.00	9	76500000.00	351	Gilda Najmudin	Jalan Ciwastra No. 178\nCimahi, MA 26714	0866113649	2025-08-26	76500000.00	Store Sale
3224	2026-05-18	1	Laptop Lenovo	8500000.00	9	76500000.00	1230	Radika Putra	Gg. Joyoboyo No. 249\nCilegon, AC 99869	(000) 251 4782	2026-05-18	76500000.00	Online Transaction
3226	2025-10-05	1	Laptop Lenovo	8500000.00	9	76500000.00	198	Azalea Sihombing	Jalan Cempaka No. 771\nMadiun, Bengkulu 54637	+62-020-998-3110	2025-10-05	76500000.00	Product Sale
3231	2026-06-06	1	Laptop Lenovo	8500000.00	8	68000000.00	145	Tgk. Soleh Rajata, S.Pt	Gg. Suryakencana No. 8\nSamarinda, KR 41955	+62 (908) 014 9608	2026-06-06	68000000.00	Product Sale
3247	2025-11-14	1	Laptop Lenovo	8500000.00	2	17000000.00	1535	Kala Pradana	Gang Moch. Toha No. 4\nSingkawang, DI Yogyakarta 73345	+62 (28) 019 2323	2025-11-14	17000000.00	Store Sale
3255	2026-04-21	1	Laptop Lenovo	8500000.00	10	85000000.00	38	R. Xanana Hidayanto	NULL	089 164 1561	2026-04-21	85000000.00	Store Sale
3256	2025-10-21	1	Laptop Lenovo	8500000.00	9	76500000.00	370	Utama Puspita, S.IP	Jalan Medokan Ayu No. 78\nGorontalo, BA 88444	+62-402-257-6768	2025-10-21	76500000.00	Customer Purchase
3260	2025-11-12	1	Laptop Lenovo	8500000.00	3	25500000.00	1840	Cayadi Halim	Jl. Gegerkalong Hilir No. 8\nTasikmalaya, JI 70094	(008) 919-4817	2025-11-12	25500000.00	Product Sale
3263	2026-05-19	1	Laptop Lenovo	8500000.00	4	34000000.00	454	Galih Hasanah	Jl. Cihampelas No. 1\nBanda Aceh, Sulawesi Utara 08479	+62 (845) 712-4032	2026-05-19	34000000.00	Online Transaction
3267	2026-04-12	1	Laptop Lenovo	8500000.00	10	85000000.00	512	Ikhsan Hutapea	Jalan Kiaracondong No. 531\nSorong, SR 65758	(054) 129-6561	2026-04-12	85000000.00	Online Transaction
3270	2025-09-24	1	Laptop Lenovo	8500000.00	6	51000000.00	1512	Ikhsan Hutapea	Jalan Kiaracondong No. 531\nSorong, SR 65758	(054) 129-6561	2025-09-24	51000000.00	Store Sale
3278	2025-07-12	1	Laptop Lenovo	8500000.00	5	42500000.00	262	Laila Firgantoro, S.T.	Gang Stasiun Wonokromo No. 0\nKendari, KB 02830	(0969) 056 1266	2025-07-12	42500000.00	Customer Purchase
3282	2026-05-20	1	Laptop Lenovo	8500000.00	6	51000000.00	637	Gambira Utami	Jalan Rumah Sakit No. 6\nMadiun, Sulawesi Utara 90615	+62 (02) 698 9125	2026-05-20	51000000.00	Customer Purchase
3283	2026-02-15	1	Laptop Lenovo	8500000.00	4	34000000.00	1939	Jinawi Budiman	Jl. Abdul Muis No. 4\nCimahi, JI 66904	+62-72-446-3878	2026-02-15	34000000.00	Online Transaction
3284	2026-05-08	1	Laptop Lenovo	8500000.00	7	59500000.00	1698	Drs. Sabri Maryati, S.T.	Gang Gegerkalong Hilir No. 6\nPadang, JK 72303	+62-084-664-2148	2026-05-08	59500000.00	Store Sale
3286	2026-03-26	1	Laptop Lenovo	8500000.00	6	51000000.00	524	Harsanto Samosir	Gg. PHH. Mustofa No. 86\nTanjungpinang, Nusa Tenggara Timur 22557	(020) 231 5513	2026-03-26	51000000.00	Customer Purchase
3288	2026-01-02	1	Laptop Lenovo	8500000.00	3	25500000.00	1420	Karna Prasetya, S.I.Kom	Jalan Gardujati No. 0\nBanjarbaru, Nusa Tenggara Barat 97908	+62-029-380-4691	2026-01-02	25500000.00	Store Sale
3295	2026-05-30	1	Laptop Lenovo	8500000.00	7	59500000.00	1133	Yulia Maryadi	Gang HOS. Cokroaminoto No. 4\nKota Administrasi Jakarta Utara, Maluku Utara 22818	+62-39-057-0324	2026-05-30	59500000.00	Customer Purchase
3304	2026-03-01	1	Laptop Lenovo	8500000.00	3	25500000.00	1202	Dr. Tina Ramadan, S.Pt	Jalan Gardujati No. 03\nProbolinggo, Sulawesi Selatan 01692	+62-93-455-3843	2026-03-01	25500000.00	Online Transaction
3308	2025-11-12	1	Laptop Lenovo	8500000.00	9	76500000.00	158	Bajragin Utama	Gang Bangka Raya No. 32\nSukabumi, LA 99944	(0074) 971-5142	2025-11-12	76500000.00	Product Sale
3309	2026-06-03	1	Laptop Lenovo	8500000.00	5	42500000.00	421	Purwa Gunarto, M.Ak	Gg. Gegerkalong Hilir No. 551\nBanda Aceh, GO 64666	+62 (97) 002-0604	2026-06-03	42500000.00	Product Sale
3311	2025-07-26	1	Laptop Lenovo	8500000.00	7	59500000.00	1902	R. Paulin Susanti	Gang Pasir Koja No. 08\nPekalongan, GO 10726	+62 (704) 917 1255	2025-07-26	59500000.00	Customer Purchase
3316	2025-11-11	1	Laptop Lenovo	8500000.00	10	85000000.00	1639	drg. Ajeng Tamba, S.Farm	Gg. Siliwangi No. 7\nPariaman, JT 45107	+62 (47) 532-4395	2025-11-11	85000000.00	Store Sale
3318	2026-04-02	1	Laptop Lenovo	8500000.00	2	17000000.00	774	Enteng Hasanah, S.H.	Gang Gardujati No. 0\nKota Administrasi Jakarta Utara, Maluku Utara 30804	0857096614	2026-04-02	17000000.00	Online Transaction
3320	2026-06-06	1	Laptop Lenovo	8500000.00	1	8500000.00	1339	Samiah Prayoga	NULL	+62 (221) 352 5312	2026-06-06	8500000.00	Store Sale
3322	2025-11-01	1	Laptop Lenovo	8500000.00	3	25500000.00	733	Jessica Susanti	Gg. W.R. Supratman No. 003\nCirebon, KS 72191	(094) 948-1486	2025-11-01	25500000.00	Product Sale
3323	2026-05-17	1	Laptop Lenovo	8500000.00	9	76500000.00	731	Ir. Nrima Novitasari, S.Pd	Gang Veteran No. 05\nPayakumbuh, Sulawesi Selatan 79613	+62 (82) 234 9531	2026-05-17	76500000.00	Online Transaction
3325	2026-01-12	1	Laptop Lenovo	8500000.00	10	85000000.00	110	Paris Novitasari	Gang Suryakencana No. 938\nTarakan, Kalimantan Utara 94751	(0013) 110 1343	2026-01-12	85000000.00	Online Transaction
3330	2026-02-13	1	Laptop Lenovo	8500000.00	1	8500000.00	596	Drs. Paramita Sitompul, S.Sos	Gg. R.E Martadinata No. 3\nMetro, Nusa Tenggara Barat 78945	(0944) 378 5319	2026-02-13	8500000.00	Product Sale
3332	2025-11-06	1	Laptop Lenovo	8500000.00	8	68000000.00	61	Ana Nurdiyanti	Gg. Asia Afrika No. 9\nTasikmalaya, SU 89817	+62-013-775-4071	2025-11-06	68000000.00	Store Sale
3333	2025-10-09	1	Laptop Lenovo	8500000.00	1	8500000.00	598	Dt. Cakrawangsa Megantara	Jl. Jamika No. 1\nBontang, AC 25298	0828349035	2025-10-09	8500000.00	Customer Purchase
3340	2025-10-27	1	Laptop Lenovo	8500000.00	5	42500000.00	1906	Nyoman Winarno	Gang Ahmad Yani No. 380\nParepare, Aceh 39565	(0432) 905 1050	2025-10-27	42500000.00	Product Sale
3342	2026-05-25	1	Laptop Lenovo	8500000.00	10	85000000.00	804	Prabowo Wibowo	Jl. Cikutra Barat No. 209\nTual, SG 65713	+62 (783) 377-5259	2026-05-25	85000000.00	Store Sale
3343	2026-03-17	1	Laptop Lenovo	8500000.00	4	34000000.00	1091	Bala Irawan	Gang Indragiri No. 6\nBanjarmasin, Aceh 12762	(045) 754 1974	2026-03-17	34000000.00	Customer Purchase
3350	2026-03-14	1	Laptop Lenovo	8500000.00	8	68000000.00	1757	Azalea Sirait	Gang Sukabumi No. 4\nTangerang Selatan, Kepulauan Riau 21697	+62-219-961-6720	2026-03-14	68000000.00	Online Transaction
3353	2026-01-03	1	Laptop Lenovo	8500000.00	7	59500000.00	939	Jinawi Budiman	Jl. Abdul Muis No. 4\nCimahi, JI 66904	+62-72-446-3878	2026-01-03	59500000.00	Online Transaction
3357	2026-02-14	1	Laptop Lenovo	8500000.00	8	68000000.00	870	Zaenab Utama	Jalan K.H. Wahid Hasyim No. 837\nBekasi, Jambi 56157	+62-053-167-4075	2026-02-14	68000000.00	Product Sale
3362	2026-06-20	1	Laptop Lenovo	8500000.00	7	59500000.00	191	dr. Ira Suryatmi, S.T.	Gang Kapten Muslihat No. 7\nDepok, JI 83681	+62 (44) 854-0654	2026-06-20	59500000.00	Online Transaction
3396	2025-09-06	1	Laptop Lenovo	8500000.00	8	68000000.00	1696	Nadine Nasyidah	Jalan Kendalsari No. 533\nTasikmalaya, SU 88576	(0553) 483-7365	2025-09-06	68000000.00	Store Sale
3400	2026-04-26	1	Laptop Lenovo	8500000.00	6	51000000.00	1636	T. Agus Hutapea, M.M.	Gg. Asia Afrika No. 375\nSukabumi, Nusa Tenggara Barat 77080	+62 (046) 486-4771	2026-04-26	51000000.00	Store Sale
3413	2026-02-24	1	Laptop Lenovo	8500000.00	6	51000000.00	235	Ozy Usada	Gg. Suryakencana No. 798\nMeulaboh, PB 25729	083 711 8516	2026-02-24	51000000.00	Store Sale
3418	2026-03-14	1	Laptop Lenovo	8500000.00	1	8500000.00	1034	Tgk. Kariman Budiyanto, M.Farm	Jalan HOS. Cokroaminoto No. 93\nMagelang, Jawa Timur 52537	(074) 361-3628	2026-03-14	8500000.00	Online Transaction
3419	2025-07-21	1	Laptop Lenovo	8500000.00	3	25500000.00	468	Dt. Karman Suartini	Jalan Dipenogoro No. 8\nMeulaboh, Maluku Utara 29252	+62-412-341-0886	2025-07-21	25500000.00	Product Sale
3429	2025-08-09	1	Laptop Lenovo	8500000.00	2	17000000.00	1479	Opan Permadi	Jalan Raya Setiabudhi No. 4\nTual, Sulawesi Barat 17471	(074) 257 8346	2025-08-09	17000000.00	Customer Purchase
3431	2025-10-23	1	Laptop Lenovo	8500000.00	10	85000000.00	223	Ratih Lailasari, S.E.	Gg. Jakarta No. 395\nPariaman, Jawa Barat 19328	(008) 460-1584	2025-10-23	85000000.00	Customer Purchase
3435	2025-10-11	1	Laptop Lenovo	8500000.00	3	25500000.00	1683	dr. Irfan Marpaung, S.E.I	Gg. Cempaka No. 0\nBanjar, KI 33255	+62 (0192) 131-8554	2025-10-11	25500000.00	Online Transaction
3439	2026-03-30	1	Laptop Lenovo	8500000.00	5	42500000.00	1347	Ana Nurdiyanti	Jl. Suryakencana No. 9\nDepok, KU 68714	+62 (0194) 996-0169	2026-03-30	42500000.00	Store Sale
3442	2025-12-27	1	Laptop Lenovo	8500000.00	8	68000000.00	1236	R. Gilda Damanik	Gg. Moch. Ramdan No. 2\nParepare, Bali 07713	+62 (312) 888-6657	2025-12-27	68000000.00	Store Sale
3444	2026-01-23	1	Laptop Lenovo	8500000.00	6	51000000.00	645	Kasiyah Pudjiastuti	Jl. Sukabumi No. 4\nPadang, SS 53462	+62 (0622) 010-9216	2026-01-23	51000000.00	Product Sale
3454	2025-09-15	1	Laptop Lenovo	8500000.00	1	8500000.00	1059	Tgk. Fathonah Nurdiyanti, S.IP	Gang Dipenogoro No. 71\nBitung, Sulawesi Selatan 07399	+62-715-710-0695	2025-09-15	8500000.00	Online Transaction
3455	2025-08-02	1	Laptop Lenovo	8500000.00	3	25500000.00	247	Lanang Sitompul, S.Pt	Jl. Cikutra Timur No. 050\nBatam, PA 88775	+62-053-078-2313	2025-08-02	25500000.00	Store Sale
3466	2026-05-15	1	Laptop Lenovo	8500000.00	6	51000000.00	53	Purwanto Utama	Jalan Jakarta No. 23\nPadangpanjang, BT 02526	+62 (0714) 686-3784	2026-05-15	51000000.00	Product Sale
3467	2025-12-26	1	Laptop Lenovo	8500000.00	10	85000000.00	650	dr. Kalim Waluyo, S.E.I	Jalan Pelajar Pejuang No. 56\nJayapura, JB 79087	+62-35-614-5517	2025-12-26	85000000.00	Customer Purchase
3468	2025-11-09	1	Laptop Lenovo	8500000.00	1	8500000.00	1457	Liman Saefullah, S.E.I	Gang Cikutra Barat No. 6\nPontianak, Sulawesi Utara 34464	+62-0326-722-9704	2025-11-09	8500000.00	Customer Purchase
3474	2026-02-13	1	Laptop Lenovo	8500000.00	6	51000000.00	1600	Tgk. Najam Handayani, S.Gz	Gang Erlangga No. 8\nPekalongan, KI 56230	0890057378	2026-02-13	51000000.00	Product Sale
3475	2026-03-21	1	Laptop Lenovo	8500000.00	4	34000000.00	1773	Nadia Budiyanto	Gg. Suniaraja No. 64\nPangkalpinang, Kepulauan Riau 69177	+62 (36) 061 0882	2026-03-21	34000000.00	Customer Purchase
3476	2025-07-31	1	Laptop Lenovo	8500000.00	5	42500000.00	1411	Daniswara Waluyo	Gg. H.J Maemunah No. 92\nSurabaya, Kepulauan Bangka Belitung 70409	+62-0755-562-1037	2025-07-31	42500000.00	Store Sale
3478	2026-04-06	1	Laptop Lenovo	8500000.00	2	17000000.00	969	Nova Mansur, S.Ked	Gg. K.H. Wahid Hasyim No. 8\nTernate, SB 92580	+62-23-762-8483	2026-04-06	17000000.00	Customer Purchase
3479	2025-11-14	1	Laptop Lenovo	8500000.00	5	42500000.00	1785	Diana Manullang	Gang Indragiri No. 34\nTual, SU 96968	+62 (021) 583 4907	2025-11-14	42500000.00	Online Transaction
3493	2025-10-15	1	Laptop Lenovo	8500000.00	4	34000000.00	1858	Gilda Mansur	NULL	+62 (92) 573-6542	2025-10-15	34000000.00	Customer Purchase
3495	2025-12-17	1	Laptop Lenovo	8500000.00	8	68000000.00	1551	Ifa Iswahyudi	Jl. Ahmad Yani No. 6\nKota Administrasi Jakarta Timur, Maluku 39552	(046) 140 5524	2025-12-17	68000000.00	Online Transaction
3503	2025-09-13	1	Laptop Lenovo	8500000.00	8	68000000.00	665	Najam Wijayanti, M.M.	Jalan Kapten Muslihat No. 2\nTual, Jambi 01452	+62-214-902-5110	2025-09-13	68000000.00	Online Transaction
3523	2026-04-05	1	Laptop Lenovo	8500000.00	5	42500000.00	262	Laila Firgantoro, S.T.	Gang Stasiun Wonokromo No. 0\nKendari, KB 02830	(0969) 056 1266	2026-04-05	42500000.00	Store Sale
3525	2025-07-19	1	Laptop Lenovo	8500000.00	10	85000000.00	1768	Purwadi Putra	Jl. Sentot Alibasa No. 46\nMagelang, JB 16921	+62 (098) 200 1229	2025-07-19	85000000.00	Store Sale
3528	2026-03-05	1	Laptop Lenovo	8500000.00	1	8500000.00	332	Pardi Megantara	Gg. Kebonjati No. 0\nPasuruan, BE 83703	+62-520-275-2627	2026-03-05	8500000.00	Customer Purchase
3532	2026-05-18	1	Laptop Lenovo	8500000.00	4	34000000.00	1328	Vera Hakim	Jl. Rumah Sakit No. 73\nMeulaboh, DKI Jakarta 35174	0882182500	2026-05-18	34000000.00	Store Sale
3542	2025-11-18	1	Laptop Lenovo	8500000.00	3	25500000.00	1091	Bala Irawan	Gang Indragiri No. 6\nBanjarmasin, Aceh 12762	(045) 754 1974	2025-11-18	25500000.00	Store Sale
3543	2026-02-01	1	Laptop Lenovo	8500000.00	9	76500000.00	768	Purwadi Putra	Jl. Sentot Alibasa No. 46\nMagelang, JB 16921	+62 (098) 200 1229	2026-02-01	76500000.00	Store Sale
3547	2025-12-29	1	Laptop Lenovo	8500000.00	9	76500000.00	580	Ika Wijayanti	Gang Jayawijaya No. 2\nPadang, KS 75449	+62-81-132-6470	2025-12-29	76500000.00	Customer Purchase
3550	2025-11-23	1	Laptop Lenovo	8500000.00	2	17000000.00	1704	Harsana Maryadi	Jalan Setiabudhi No. 600\nPagaralam, Bali 65899	+62 (22) 631-8647	2025-11-23	17000000.00	Customer Purchase
3560	2026-01-19	1	Laptop Lenovo	8500000.00	5	42500000.00	645	Kasiyah Pudjiastuti	Jl. Sukabumi No. 4\nPadang, SS 53462	+62 (0622) 010-9216	2026-01-19	42500000.00	Customer Purchase
3563	2025-07-08	1	Laptop Lenovo	8500000.00	10	85000000.00	1926	Shania Simanjuntak	NULL	084 236 0553	2025-07-08	85000000.00	Product Sale
3572	2025-12-23	1	Laptop Lenovo	8500000.00	4	34000000.00	893	H. Mursita Farida, S.Sos	Jalan Rumah Sakit No. 71\nPekalongan, Riau 73325	+62 (092) 169 9776	2025-12-23	34000000.00	Product Sale
3578	2026-03-06	1	Laptop Lenovo	8500000.00	6	51000000.00	1270	Umar Hakim	Gang Jend. A. Yani No. 11\nMetro, LA 02909	+62 (68) 174-4745	2026-03-06	51000000.00	Online Transaction
3580	2026-01-02	1	Laptop Lenovo	8500000.00	1	8500000.00	1489	Kenzie Santoso, S.H.	Jl. Jamika No. 8\nGorontalo, Maluku Utara 81086	+62-678-955-1084	2026-01-02	8500000.00	Store Sale
3582	2025-11-23	1	Laptop Lenovo	8500000.00	8	68000000.00	719	Yance Sitompul	Gg. Dipatiukur No. 10\nKota Administrasi Jakarta Utara, Gorontalo 51623	(0631) 288 1820	2025-11-23	68000000.00	Customer Purchase
3584	2025-08-30	1	Laptop Lenovo	8500000.00	7	59500000.00	396	Darsirah Kurniawan, S.Farm	Jalan Rumah Sakit No. 5\nPasuruan, SR 77779	+62 (064) 495 5349	2025-08-30	59500000.00	Online Transaction
3596	2026-03-18	1	Laptop Lenovo	8500000.00	9	76500000.00	1908	Intan Irawan, M.Farm	Gg. Dipatiukur No. 93\nPalangkaraya, Banten 30391	+62-87-707-7866	2026-03-18	76500000.00	Product Sale
3600	2025-09-26	1	Laptop Lenovo	8500000.00	6	51000000.00	587	Lili Mustofa	Jl. Kutai No. 050\nLubuklinggau, Jawa Tengah 95282	+62 (0150) 191-5597	2025-09-26	51000000.00	Store Sale
3602	2026-06-07	1	Laptop Lenovo	8500000.00	9	76500000.00	1243	Lalita Hutagalung, S.I.Kom	Jalan M.H Thamrin No. 62\nBanjarbaru, BT 46890	+62 (326) 015 7811	2026-06-07	76500000.00	Store Sale
3604	2025-12-05	1	Laptop Lenovo	8500000.00	5	42500000.00	1025	Drs. Ifa Budiman, M.Kom.	Jl. Antapani Lama No. 6\nLhokseumawe, Sulawesi Tengah 16275	(0286) 362-6536	2025-12-05	42500000.00	Product Sale
3605	2025-09-02	1	Laptop Lenovo	8500000.00	1	8500000.00	1197	KH. Kenari Gunawan, S.E.	Jalan M.H Thamrin No. 504\nTangerang Selatan, PA 51146	+62 (107) 685 7780	2025-09-02	8500000.00	Online Transaction
3635	2025-08-02	1	Laptop Lenovo	8500000.00	10	85000000.00	605	R. Wani Lestari	Gg. Gegerkalong Hilir No. 037\nTasikmalaya, ST 89606	+62 (063) 139-2687	2025-08-02	85000000.00	Customer Purchase
3645	2026-03-04	1	Laptop Lenovo	8500000.00	7	59500000.00	736	Nurul Kuswandari	Jalan K.H. Wahid Hasyim No. 43\nTegal, Kalimantan Barat 69102	+62 (370) 450 2108	2026-03-04	59500000.00	Store Sale
3646	2025-09-28	1	Laptop Lenovo	8500000.00	1	8500000.00	1353	Gaduh Haryanto	Gang HOS. Cokroaminoto No. 180\nSalatiga, Gorontalo 62126	+62 (0107) 480-9871	2025-09-28	8500000.00	Product Sale
3654	2026-01-04	1	Laptop Lenovo	8500000.00	7	59500000.00	1014	Silvia Hutasoit	Gg. Pacuan Kuda No. 46\nCimahi, KT 49208	+62 (0075) 340 6538	2026-01-04	59500000.00	Online Transaction
3661	2025-11-18	1	Laptop Lenovo	8500000.00	2	17000000.00	1834	Teddy Thamrin	Jalan Pasirkoja No. 58\nMataram, KI 62247	+62 (0492) 492 3542	2025-11-18	17000000.00	Store Sale
3662	2025-11-09	1	Laptop Lenovo	8500000.00	5	42500000.00	1583	dr. Arta Dongoran	Jalan Cempaka No. 880\nCirebon, SS 63865	089 197 3884	2025-11-09	42500000.00	Customer Purchase
3663	2025-10-07	1	Laptop Lenovo	8500000.00	2	17000000.00	1537	Dr. Jatmiko Nasyiah, S.IP	Jalan Sukajadi No. 48\nTidore Kepulauan, BA 65656	(0908) 006 2693	2025-10-07	17000000.00	Customer Purchase
3666	2026-05-18	1	Laptop Lenovo	8500000.00	6	51000000.00	743	Jasmin Pradana	Jalan S. Parman No. 38\nKupang, JI 40890	(0553) 138-9361	2026-05-18	51000000.00	Store Sale
3668	2025-12-14	1	Laptop Lenovo	8500000.00	3	25500000.00	296	Prayitna Rahayu, S.Sos	Jalan Indragiri No. 26\nTarakan, Jawa Tengah 36129	+62-155-299-8916	2025-12-14	25500000.00	Customer Purchase
3674	2025-08-01	1	Laptop Lenovo	8500000.00	6	51000000.00	647	Dr. Chelsea Zulkarnain, S.Farm	Gang Rawamangun No. 60\nBogor, KU 32684	(0524) 800 7207	2025-08-01	51000000.00	Product Sale
3679	2026-04-20	1	Laptop Lenovo	8500000.00	6	51000000.00	1704	Harsana Maryadi	Jalan Setiabudhi No. 600\nPagaralam, Bali 65899	+62 (22) 631-8647	2026-04-20	51000000.00	Online Transaction
3681	2026-04-29	1	Laptop Lenovo	8500000.00	8	68000000.00	1664	Adinata Januar, M.M.	Gang Rungkut Industri No. 12\nSurabaya, KU 16978	+62 (0886) 539 4108	2026-04-29	68000000.00	Product Sale
3682	2025-08-03	1	Laptop Lenovo	8500000.00	4	34000000.00	1479	Opan Permadi	Jalan Raya Setiabudhi No. 4\nTual, Sulawesi Barat 17471	(074) 257 8346	2025-08-03	34000000.00	Online Transaction
3694	2025-11-30	1	Laptop Lenovo	8500000.00	1	8500000.00	196	Icha Zulkarnain, M.TI.	Gg. Tubagus Ismail No. 2\nKendari, DKI Jakarta 56682	+62 (0551) 151-6622	2025-11-30	8500000.00	Product Sale
3701	2026-03-18	1	Laptop Lenovo	8500000.00	6	51000000.00	731	Ir. Nrima Novitasari, S.Pd	Gang Veteran No. 05\nPayakumbuh, Sulawesi Selatan 79613	+62 (82) 234 9531	2026-03-18	51000000.00	Online Transaction
3711	2026-04-16	1	Laptop Lenovo	8500000.00	5	42500000.00	813	Kartika Sihotang	Jalan Pelajar Pejuang No. 9\nBandar Lampung, Jawa Tengah 83928	+62 (42) 960-3907	2026-04-16	42500000.00	Store Sale
3719	2025-11-15	1	Laptop Lenovo	8500000.00	5	42500000.00	314	Kenes Wasita	Gg. Cempaka No. 7\nKota Administrasi Jakarta Selatan, Gorontalo 27012	+62 (065) 195-8953	2025-11-15	42500000.00	Store Sale
3721	2025-11-30	1	Laptop Lenovo	8500000.00	2	17000000.00	389	Ir. Halim Laksmiwati	Gg. Kendalsari No. 48\nKotamobagu, MA 56464	+62-004-675-8017	2025-11-30	17000000.00	Store Sale
3725	2026-05-01	1	Laptop Lenovo	8500000.00	9	76500000.00	1527	Drs. Gandewa Wacana	Jalan Kutisari Selatan No. 13\nBandung, Nusa Tenggara Timur 86334	+62 (479) 889-9957	2026-05-01	76500000.00	Online Transaction
3728	2026-03-03	1	Laptop Lenovo	8500000.00	4	34000000.00	1310	Dr. Marsudi Halimah, S.I.Kom	Jl. Gardujati No. 52\nMalang, Riau 31527	+62 (0732) 564-2337	2026-03-03	34000000.00	Customer Purchase
3733	2026-02-07	1	Laptop Lenovo	8500000.00	5	42500000.00	184	R.A. Eli Rahayu	Jalan Cihampelas No. 62\nTanjungbalai, BE 69856	(0279) 192 0134	2026-02-07	42500000.00	Store Sale
3741	2025-12-20	1	Laptop Lenovo	8500000.00	8	68000000.00	1228	Gasti Suwarno	Gg. Pasirkoja No. 4\nBekasi, MU 22416	0860238662	2025-12-20	68000000.00	Customer Purchase
3752	2026-01-24	1	Laptop Lenovo	8500000.00	8	68000000.00	171	Bakidin Nurdiyanti	Jl. Kiaracondong No. 89\nKota Administrasi Jakarta Pusat, JI 94766	0872193735	2026-01-24	68000000.00	Product Sale
3753	2025-09-30	1	Laptop Lenovo	8500000.00	3	25500000.00	1771	Irnanto Wijaya	Gg. Rajiman No. 925\nPadang Sidempuan, DI Yogyakarta 66931	+62-0543-988-1942	2025-09-30	25500000.00	Store Sale
3755	2026-05-17	1	Laptop Lenovo	8500000.00	9	76500000.00	1337	Eli Nugroho	Gg. Medokan Ayu No. 9\nSawahlunto, Riau 77405	+62 (851) 823-4694	2026-05-17	76500000.00	Product Sale
3756	2026-03-18	1	Laptop Lenovo	8500000.00	1	8500000.00	421	Purwa Gunarto, M.Ak	Gg. Gegerkalong Hilir No. 551\nBanda Aceh, GO 64666	+62 (97) 002-0604	2026-03-18	8500000.00	Online Transaction
3761	2026-01-18	1	Laptop Lenovo	8500000.00	7	59500000.00	788	Hamima Rahmawati, S.Farm	NULL	+62-0310-073-9317	2026-01-18	59500000.00	Customer Purchase
3777	2026-05-15	1	Laptop Lenovo	8500000.00	9	76500000.00	753	Jagapati Kuswoyo	NULL	+62 (841) 764-7608	2026-05-15	76500000.00	Store Sale
3778	2026-04-11	1	Laptop Lenovo	8500000.00	10	85000000.00	1851	Drs. Gamblang Anggriawan, S.Farm	Gg. Indragiri No. 29\nPekanbaru, YO 23931	+62 (0502) 324 1639	2026-04-11	85000000.00	Online Transaction
3792	2025-07-14	1	Laptop Lenovo	8500000.00	8	68000000.00	1560	Tgk. Cecep Wijaya, S.Psi	Gg. Ronggowarsito No. 11\nPalopo, LA 86739	+62 (556) 168 4579	2025-07-14	68000000.00	Customer Purchase
3794	2026-04-25	1	Laptop Lenovo	8500000.00	5	42500000.00	412	Mala Sihotang, S.Ked	Gg. Pacuan Kuda No. 0\nBengkulu, Jawa Barat 21995	+62 (91) 212-4033	2026-04-25	42500000.00	Product Sale
3795	2025-12-09	1	Laptop Lenovo	8500000.00	10	85000000.00	591	dr. Lasmanto Hidayat	Gg. Merdeka No. 72\nParepare, Papua Barat 91172	(0233) 845-1633	2025-12-09	85000000.00	Online Transaction
3797	2026-04-16	1	Laptop Lenovo	8500000.00	3	25500000.00	1835	Prayogo Dongoran, M.M.	Gg. Monginsidi No. 3\nPayakumbuh, Gorontalo 36968	+62 (12) 477 1184	2026-04-16	25500000.00	Product Sale
3798	2025-09-07	1	Laptop Lenovo	8500000.00	3	25500000.00	1707	Mursinin Saptono	Gg. K.H. Wahid Hasyim No. 66\nMagelang, SU 36806	+62-650-587-8589	2025-09-07	25500000.00	Store Sale
3807	2026-04-03	1	Laptop Lenovo	8500000.00	8	68000000.00	416	Tgk. Zelda Sitorus, S.I.Kom	Gg. Cikutra Timur No. 191\nSurabaya, RI 14560	+62-0245-571-7206	2026-04-03	68000000.00	Product Sale
3814	2025-09-13	1	Laptop Lenovo	8500000.00	1	8500000.00	804	Prabowo Wibowo	Jl. Cikutra Barat No. 209\nTual, SG 65713	+62 (783) 377-5259	2025-09-13	8500000.00	Product Sale
3815	2026-03-04	1	Laptop Lenovo	8500000.00	1	8500000.00	1914	Johan Mandala	Gg. Siliwangi No. 95\nTarakan, Kalimantan Selatan 03612	+62 (06) 486 3997	2026-03-04	8500000.00	Online Transaction
3843	2026-05-07	1	Laptop Lenovo	8500000.00	6	51000000.00	1840	Cayadi Halim	Jl. Gegerkalong Hilir No. 8\nTasikmalaya, JI 70094	(008) 919-4817	2026-05-07	51000000.00	Online Transaction
3852	2026-06-29	1	Laptop Lenovo	8500000.00	2	17000000.00	1694	Tina Yuniar	Jalan W.R. Supratman No. 7\nKediri, Kepulauan Riau 87093	+62-589-933-4686	2026-06-29	17000000.00	Customer Purchase
3854	2026-05-19	1	Laptop Lenovo	8500000.00	8	68000000.00	615	Gada Lailasari	Jalan Monginsidi No. 75\nSubulussalam, Papua Barat 18409	+62 (27) 284-9378	2026-05-19	68000000.00	Store Sale
3857	2026-01-27	1	Laptop Lenovo	8500000.00	6	51000000.00	1262	Laila Firgantoro, S.T.	Gang Stasiun Wonokromo No. 0\nKendari, KB 02830	(0969) 056 1266	2026-01-27	51000000.00	Customer Purchase
3858	2025-12-14	1	Laptop Lenovo	8500000.00	4	34000000.00	1820	Nadia Waluyo	Jl. H.J Maemunah No. 21\nBatu, ST 15027	+62 (762) 510 3570	2025-12-14	34000000.00	Product Sale
3864	2026-04-02	1	Laptop Lenovo	8500000.00	4	34000000.00	1688	Zulaikha Irawan	Jl. PHH. Mustofa No. 635\nBandar Lampung, BE 38504	+62 (60) 738-2992	2026-04-02	34000000.00	Online Transaction
3872	2026-05-29	1	Laptop Lenovo	8500000.00	4	34000000.00	1763	Patricia Tampubolon	Gg. Medokan Ayu No. 34\nPangkalpinang, SN 29231	(006) 783 7630	2026-05-29	34000000.00	Online Transaction
3873	2025-09-27	1	Laptop Lenovo	8500000.00	10	85000000.00	1242	Kanda Prasasta	Gg. Cikutra Barat No. 5\nKupang, Sulawesi Selatan 75936	+62-0074-253-6820	2025-09-27	85000000.00	Product Sale
3875	2026-06-10	1	Laptop Lenovo	8500000.00	2	17000000.00	1128	Septi Maryati	NULL	+62-078-853-5787	2026-06-10	17000000.00	Product Sale
3876	2026-04-17	1	Laptop Lenovo	8500000.00	7	59500000.00	695	Yessi Farida	Jalan Moch. Toha No. 296\nKendari, Kalimantan Timur 66002	+62-69-800-9123	2026-04-17	59500000.00	Store Sale
3877	2026-02-23	1	Laptop Lenovo	8500000.00	6	51000000.00	1419	Tgk. Novi Saefullah, M.Kom.	Jl. Gegerkalong Hilir No. 953\nPalangkaraya, SR 91647	(040) 432-7170	2026-02-23	51000000.00	Online Transaction
3878	2026-04-03	1	Laptop Lenovo	8500000.00	3	25500000.00	1494	Dian Tarihoran, M.Kom.	Gang Raya Ujungberung No. 7\nPasuruan, Jawa Barat 13429	(0942) 267-2828	2026-04-03	25500000.00	Customer Purchase
3879	2025-12-31	1	Laptop Lenovo	8500000.00	5	42500000.00	1329	Vivi Sihombing	Jl. Kapten Muslihat No. 8\nSingkawang, Sumatera Utara 37383	+62 (0869) 190 0279	2025-12-31	42500000.00	Online Transaction
3882	2026-01-11	1	Laptop Lenovo	8500000.00	3	25500000.00	832	Prasetya Wibisono	Gg. Peta No. 135\nPontianak, PB 21464	(073) 607-4068	2026-01-11	25500000.00	Store Sale
3895	2025-12-16	1	Laptop Lenovo	8500000.00	2	17000000.00	698	Drs. Sabri Maryati, S.T.	Gang Gegerkalong Hilir No. 6\nPadang, JK 72303	+62-084-664-2148	2025-12-16	17000000.00	Online Transaction
3896	2026-05-17	1	Laptop Lenovo	8500000.00	5	42500000.00	230	Radika Putra	Gg. Joyoboyo No. 249\nCilegon, AC 99869	(000) 251 4782	2026-05-17	42500000.00	Store Sale
3906	2025-08-04	1	Laptop Lenovo	8500000.00	1	8500000.00	487	Bagus Maryati	Jl. Antapani Lama No. 739\nMagelang, Papua Barat 58459	+62 (0595) 630-7086	2025-08-04	8500000.00	Customer Purchase
3913	2026-04-09	1	Laptop Lenovo	8500000.00	4	34000000.00	523	Usman Andriani	NULL	+62-0921-463-3461	2026-04-09	34000000.00	Product Sale
3914	2025-10-02	1	Laptop Lenovo	8500000.00	9	76500000.00	653	drg. Iriana Damanik, M.Pd	Gg. Erlangga No. 0\nKota Administrasi Jakarta Selatan, Aceh 17383	+62 (069) 258-1232	2025-10-02	76500000.00	Customer Purchase
3917	2026-01-06	1	Laptop Lenovo	8500000.00	4	34000000.00	1470	Ir. Yunita Ramadan, S.E.	Gang Tubagus Ismail No. 572\nBima, Jawa Barat 15954	+62 (13) 744 3572	2026-01-06	34000000.00	Product Sale
3920	2025-07-15	1	Laptop Lenovo	8500000.00	3	25500000.00	693	Viktor Firmansyah	Gang Moch. Toha No. 5\nBitung, NB 63653	+62-262-581-8094	2025-07-15	25500000.00	Online Transaction
3928	2026-06-27	1	Laptop Lenovo	8500000.00	2	17000000.00	214	Padmi Suwarno	Gg. Medokan Ayu No. 7\nBitung, Jambi 64834	+62 (005) 418 4120	2026-06-27	17000000.00	Customer Purchase
3931	2026-02-17	1	Laptop Lenovo	8500000.00	10	85000000.00	1156	Cici Zulaika	Jl. Rumah Sakit No. 9\nSerang, Banten 71514	086 263 7251	2026-02-17	85000000.00	Store Sale
3934	2025-12-10	1	Laptop Lenovo	8500000.00	9	76500000.00	1614	R.A. Ida Marbun	Jl. M.T Haryono No. 7\nSurakarta, Papua Barat 44787	+62 (091) 833-1955	2025-12-10	76500000.00	Customer Purchase
3936	2026-02-18	1	Laptop Lenovo	8500000.00	4	34000000.00	991	Cinthia Utama	Jalan Raya Setiabudhi No. 0\nBima, Sumatera Utara 74210	084 199 1431	2026-02-18	34000000.00	Product Sale
3946	2026-04-21	1	Laptop Lenovo	8500000.00	1	8500000.00	634	Mala Dabukke	Jalan Abdul Muis No. 09\nPekalongan, Papua Barat 17089	+62-07-269-6440	2026-04-21	8500000.00	Online Transaction
3951	2025-11-09	1	Laptop Lenovo	8500000.00	6	51000000.00	375	Restu Haryanto, S.E.	Gang R.E Martadinata No. 32\nCilegon, Sumatera Selatan 18950	+62 (084) 114-5716	2025-11-09	51000000.00	Store Sale
3954	2026-06-27	1	Laptop Lenovo	8500000.00	7	59500000.00	297	Kani Kusmawati	Gg. Rajawali Timur No. 038\nMalang, SN 25600	(058) 558-0263	2026-06-27	59500000.00	Product Sale
3958	2025-10-05	1	Laptop Lenovo	8500000.00	6	51000000.00	1946	Hj. Paramita Safitri	Jl. KH Amin Jasuta No. 3\nJambi, Kalimantan Timur 85422	+62 (36) 040-5187	2025-10-05	51000000.00	Online Transaction
3959	2026-03-15	1	Laptop Lenovo	8500000.00	6	51000000.00	1856	Mila Saputra	Jalan Dipenogoro No. 9\nSamarinda, SB 89816	+62 (0126) 711-2638	2026-03-15	51000000.00	Product Sale
3965	2026-05-20	1	Laptop Lenovo	8500000.00	3	25500000.00	536	Cici Habibi	Gg. Surapati No. 7\nParepare, NB 84452	0826504766	2026-05-20	25500000.00	Customer Purchase
3967	2026-01-20	1	Laptop Lenovo	8500000.00	10	85000000.00	55	Kamidin Prabowo	Jalan Cihampelas No. 42\nPadang Sidempuan, Maluku Utara 41483	+62 (001) 753 0137	2026-01-20	85000000.00	Customer Purchase
3970	2026-04-25	1	Laptop Lenovo	8500000.00	2	17000000.00	1426	Okto Hassanah, S.Gz	Gang Cikutra Timur No. 57\nKota Administrasi Jakarta Pusat, Kepulauan Riau 87611	+62 (0771) 184 9135	2026-04-25	17000000.00	Online Transaction
3974	2026-02-28	1	Laptop Lenovo	8500000.00	6	51000000.00	580	Ika Wijayanti	Gang Jayawijaya No. 2\nPadang, KS 75449	+62-81-132-6470	2026-02-28	51000000.00	Store Sale
3979	2026-02-26	1	Laptop Lenovo	8500000.00	2	17000000.00	1756	Mila Yuniar	Jalan Cihampelas No. 63\nTebingtinggi, ST 12547	+62-034-893-1840	2026-02-26	17000000.00	Online Transaction
3986	2026-05-14	1	Laptop Lenovo	8500000.00	4	34000000.00	357	Ir. Ganjaran Manullang	Gang Laswi No. 65\nBau-Bau, Kalimantan Timur 19118	(055) 499 2418	2026-05-14	34000000.00	Store Sale
3999	2026-05-27	1	Laptop Lenovo	8500000.00	6	51000000.00	942	Dt. Cengkal Napitupulu, S.Pd	Jl. Suryakencana No. 54\nMakassar, KI 56314	(037) 007-8697	2026-05-27	51000000.00	Customer Purchase
4010	2026-07-06	1	Laptop Lenovo	8500000.00	5	42500000.00	1967	Nabila Hutasoit	Jl. BKR No. 99\nParepare, SU 23709	+62 (0338) 830 7790	2026-07-06	42500000.00	Product Sale
4013	2025-07-12	1	Laptop Lenovo	8500000.00	8	68000000.00	1697	Dr. Agnes Habibi	Jalan Ahmad Yani No. 401\nBandung, KS 31865	+62 (072) 793-2281	2025-07-12	68000000.00	Online Transaction
4014	2025-08-04	1	Laptop Lenovo	8500000.00	9	76500000.00	1963	Drs. Ega Jailani	Gang Rumah Sakit No. 21\nSurakarta, Banten 94966	+62 (61) 719 2666	2025-08-04	76500000.00	Store Sale
4016	2025-12-31	1	Laptop Lenovo	8500000.00	10	85000000.00	1908	Intan Irawan, M.Farm	Gg. Dipatiukur No. 93\nPalangkaraya, Banten 30391	+62-87-707-7866	2025-12-31	85000000.00	Product Sale
4026	2025-09-03	1	Laptop Lenovo	8500000.00	9	76500000.00	1059	Tgk. Fathonah Nurdiyanti, S.IP	Gang Dipenogoro No. 71\nBitung, Sulawesi Selatan 07399	+62-715-710-0695	2025-09-03	76500000.00	Product Sale
4028	2025-08-16	1	Laptop Lenovo	8500000.00	2	17000000.00	1342	Hasna Pratiwi	Jalan Sukabumi No. 455\nSawahlunto, BA 90079	+62 (051) 958 7399	2025-08-16	17000000.00	Product Sale
4033	2026-03-16	1	Laptop Lenovo	8500000.00	3	25500000.00	570	Dt. Soleh Ardianto, S.Kom	Jalan Gedebage Selatan No. 968\nMalang, Nusa Tenggara Timur 08953	(0950) 626 6844	2026-03-16	25500000.00	Online Transaction
4034	2025-09-27	1	Laptop Lenovo	8500000.00	1	8500000.00	623	Ifa Hutapea	Gang Raya Setiabudhi No. 24\nPadangpanjang, Kalimantan Utara 84257	+62 (079) 304-6002	2025-09-27	8500000.00	Store Sale
4038	2026-04-25	1	Laptop Lenovo	8500000.00	10	85000000.00	1623	Ifa Hutapea	Gang Raya Setiabudhi No. 24\nPadangpanjang, Kalimantan Utara 84257	+62 (079) 304-6002	2026-04-25	85000000.00	Product Sale
4039	2025-09-10	1	Laptop Lenovo	8500000.00	3	25500000.00	1678	Surya Halim	Jalan Rajawali Timur No. 094\nBinjai, BA 05451	(0335) 314 3841	2025-09-10	25500000.00	Store Sale
4041	2026-06-12	1	Laptop Lenovo	8500000.00	3	25500000.00	1461	Najib Aryani	Gg. Dr. Djunjunan No. 57\nBatu, KB 53470	+62-95-882-6750	2026-06-12	25500000.00	Product Sale
4045	2025-10-12	1	Laptop Lenovo	8500000.00	9	76500000.00	1126	Padmi Utama	Jalan Rawamangun No. 20\nCilegon, SU 21050	+62 (0619) 231-6097	2025-10-12	76500000.00	Store Sale
4047	2025-09-27	1	Laptop Lenovo	8500000.00	9	76500000.00	192	Mursita Waluyo	Jalan Sadang Serang No. 9\nJayapura, Bali 31883	+62 (0651) 756 8969	2025-09-27	76500000.00	Product Sale
4077	2026-05-02	1	Laptop Lenovo	8500000.00	5	42500000.00	1059	Tgk. Fathonah Nurdiyanti, S.IP	Gang Dipenogoro No. 71\nBitung, Sulawesi Selatan 07399	+62-715-710-0695	2026-05-02	42500000.00	Customer Purchase
4078	2026-06-21	1	Laptop Lenovo	8500000.00	1	8500000.00	163	Raihan Rahmawati, S.Pd	Gg. Pacuan Kuda No. 84\nLubuklinggau, SR 71097	+62 (009) 374 9466	2026-06-21	8500000.00	Customer Purchase
4079	2026-04-25	1	Laptop Lenovo	8500000.00	10	85000000.00	670	Luwes Maryati	Jl. Gardujati No. 365\nManado, BE 31573	(063) 549-3447	2026-04-25	85000000.00	Online Transaction
4083	2026-04-28	1	Laptop Lenovo	8500000.00	3	25500000.00	860	Puti Paramita Sudiati	Jl. Jend. A. Yani No. 0\nPariaman, SS 77385	+62-017-033-9931	2026-04-28	25500000.00	Product Sale
4091	2025-12-20	1	Laptop Lenovo	8500000.00	6	51000000.00	702	Unjani Rahimah, S.H.	Jalan Kapten Muslihat No. 175\nKota Administrasi Jakarta Selatan, KR 87104	+62 (302) 748-6919	2025-12-20	51000000.00	Store Sale
4096	2026-04-17	1	Laptop Lenovo	8500000.00	6	51000000.00	967	Nabila Hutasoit	Jl. BKR No. 99\nParepare, SU 23709	+62 (0338) 830 7790	2026-04-17	51000000.00	Store Sale
4100	2025-11-18	1	Laptop Lenovo	8500000.00	1	8500000.00	1378	Utama Puspita, S.IP	Jalan Medokan Ayu No. 21\nLangsa, KI 17185	(086) 668 2625	2025-11-18	8500000.00	Online Transaction
4106	2026-04-30	1	Laptop Lenovo	8500000.00	8	68000000.00	572	Gilang Hariyah	Gang Suniaraja No. 7\nPagaralam, Jawa Tengah 00599	(0372) 778 3426	2026-04-30	68000000.00	Product Sale
4110	2026-01-29	1	Laptop Lenovo	8500000.00	5	42500000.00	435	Paiman Napitupulu	Jl. Pelajar Pejuang No. 6\nLangsa, KR 23955	+62-076-167-7345	2026-01-29	42500000.00	Online Transaction
4112	2026-02-13	1	Laptop Lenovo	8500000.00	1	8500000.00	390	Icha Irawan	Jl. Ronggowarsito No. 6\nSibolga, Kalimantan Tengah 17563	084 295 7851	2026-02-13	8500000.00	Customer Purchase
4114	2026-05-05	1	Laptop Lenovo	8500000.00	2	17000000.00	1610	Septi Pranowo, S.E.	Jl. Raya Setiabudhi No. 7\nBekasi, AC 00942	(094) 919 8747	2026-05-05	17000000.00	Product Sale
4115	2025-07-23	1	Laptop Lenovo	8500000.00	5	42500000.00	689	Taufik Mustofa	Jalan Ciumbuleuit No. 9\nBanjarbaru, SS 93677	(056) 097 8693	2025-07-23	42500000.00	Online Transaction
4116	2026-03-20	1	Laptop Lenovo	8500000.00	4	34000000.00	1456	Rangga Purnawati	Gg. Medokan Ayu No. 55\nBima, Sumatera Selatan 72111	+62-73-185-0690	2026-03-20	34000000.00	Online Transaction
4118	2026-03-06	1	Laptop Lenovo	8500000.00	3	25500000.00	1441	Puji Prasetyo	Jl. Soekarno Hatta No. 443\nPekanbaru, JB 01756	+62-142-409-6983	2026-03-06	25500000.00	Customer Purchase
4124	2025-11-16	1	Laptop Lenovo	8500000.00	2	17000000.00	1749	Drs. Lantar Halim, S.E.	Jalan Rungkut Industri No. 053\nDepok, Kalimantan Timur 29620	085 158 7759	2025-11-16	17000000.00	Online Transaction
4132	2026-04-04	1	Laptop Lenovo	8500000.00	7	59500000.00	644	Pardi Prastuti	Gang Moch. Ramdan No. 52\nProbolinggo, PA 96133	+62 (971) 581 8057	2026-04-04	59500000.00	Product Sale
4134	2025-08-01	1	Laptop Lenovo	8500000.00	8	68000000.00	1103	Chelsea Damanik	NULL	+62-0066-521-0024	2025-08-01	68000000.00	Online Transaction
4136	2026-03-03	1	Laptop Lenovo	8500000.00	6	51000000.00	1985	Ciaobella Zulaika, S.Pd	Gg. Yos Sudarso No. 377\nMetro, LA 67031	+62 (88) 444 6958	2026-03-03	51000000.00	Store Sale
4137	2025-09-04	1	Laptop Lenovo	8500000.00	1	8500000.00	541	Nurul Astuti	Gg. Laswi No. 314\nDenpasar, SR 37661	+62 (77) 589-9159	2025-09-04	8500000.00	Customer Purchase
4140	2026-02-13	1	Laptop Lenovo	8500000.00	5	42500000.00	822	Puti Yessi Kusmawati	Jalan Rungkut Industri No. 135\nPalembang, BA 15852	+62-01-374-7857	2026-02-13	42500000.00	Customer Purchase
4146	2026-02-02	1	Laptop Lenovo	8500000.00	10	85000000.00	276	Gatot Thamrin	Jl. Jend. A. Yani No. 532\nSurabaya, Jawa Tengah 59080	+62 (77) 476 0804	2026-02-02	85000000.00	Product Sale
4149	2026-05-18	1	Laptop Lenovo	8500000.00	10	85000000.00	1451	Hani Haryanto	Gg. Soekarno Hatta No. 719\nPadang, Jambi 59770	+62 (033) 910 2125	2026-05-18	85000000.00	Customer Purchase
4150	2025-12-08	1	Laptop Lenovo	8500000.00	9	76500000.00	615	Gada Lailasari	Jalan Monginsidi No. 75\nSubulussalam, Papua Barat 18409	+62 (27) 284-9378	2025-12-08	76500000.00	Store Sale
4154	2025-08-01	1	Laptop Lenovo	8500000.00	10	85000000.00	399	Hani Palastri	Gg. Rajawali Timur No. 0\nMedan, Sulawesi Selatan 18003	+62-0020-508-0493	2025-08-01	85000000.00	Product Sale
4160	2026-03-13	1	Laptop Lenovo	8500000.00	9	76500000.00	518	Kenes Wasita	Jalan Abdul Muis No. 733\nSubulussalam, DKI Jakarta 38357	(0917) 577 5286	2026-03-13	76500000.00	Store Sale
4162	2025-08-13	1	Laptop Lenovo	8500000.00	5	42500000.00	1879	Surya Halim	Jl. R.E Martadinata No. 83\nBandung, Jambi 54457	+62 (0280) 429 2716	2025-08-13	42500000.00	Product Sale
4180	2026-07-01	1	Laptop Lenovo	8500000.00	9	76500000.00	357	Ir. Ganjaran Manullang	Gang Laswi No. 65\nBau-Bau, Kalimantan Timur 19118	(055) 499 2418	2026-07-01	76500000.00	Customer Purchase
4181	2025-12-14	1	Laptop Lenovo	8500000.00	2	17000000.00	849	Tania Marpaung	Jl. Sadang Serang No. 383\nSurakarta, KB 14986	+62 (020) 745 1520	2025-12-14	17000000.00	Product Sale
4182	2025-07-24	1	Laptop Lenovo	8500000.00	4	34000000.00	110	Paris Novitasari	Gang Suryakencana No. 938\nTarakan, Kalimantan Utara 94751	(0013) 110 1343	2025-07-24	34000000.00	Customer Purchase
4184	2025-09-22	1	Laptop Lenovo	8500000.00	10	85000000.00	1421	Purwa Gunarto, M.Ak	Gg. Gegerkalong Hilir No. 551\nBanda Aceh, GO 64666	+62 (97) 002-0604	2025-09-22	85000000.00	Product Sale
4191	2025-07-31	1	Laptop Lenovo	8500000.00	7	59500000.00	977	Tgk. Martana Permata, S.Pt	Jl. Asia Afrika No. 6\nTarakan, Aceh 88741	+62 (42) 317-8653	2025-07-31	59500000.00	Online Transaction
4209	2025-12-23	1	Laptop Lenovo	8500000.00	3	25500000.00	1753	Jagapati Kuswoyo	NULL	+62 (841) 764-7608	2025-12-23	25500000.00	Customer Purchase
4210	2026-04-02	1	Laptop Lenovo	8500000.00	5	42500000.00	1465	Raden Hartati	Jl. Erlangga No. 510\nMadiun, KR 62792	+62 (776) 386-7599	2026-04-02	42500000.00	Store Sale
4211	2025-08-08	1	Laptop Lenovo	8500000.00	10	85000000.00	1506	Drs. Ella Mustofa	Gang Kapten Muslihat No. 59\nSibolga, SU 75598	+62-069-644-9088	2025-08-08	85000000.00	Online Transaction
4217	2025-12-10	1	Laptop Lenovo	8500000.00	9	76500000.00	223	Ratih Lailasari, S.E.	Gg. Jakarta No. 395\nPariaman, Jawa Barat 19328	(008) 460-1584	2025-12-10	76500000.00	Customer Purchase
4220	2026-02-28	1	Laptop Lenovo	8500000.00	9	76500000.00	1524	Harsanto Samosir	Gg. PHH. Mustofa No. 86\nTanjungpinang, Nusa Tenggara Timur 22557	(020) 231 5513	2026-02-28	76500000.00	Product Sale
4222	2026-03-21	1	Laptop Lenovo	8500000.00	1	8500000.00	978	R.A. Ami Yolanda, S.T.	Jalan W.R. Supratman No. 44\nGorontalo, Sulawesi Barat 58810	(0249) 779-5831	2026-03-21	8500000.00	Customer Purchase
4224	2025-08-30	1	Laptop Lenovo	8500000.00	9	76500000.00	1436	Gabriella Uyainah, S.Pd	Gang Sukajadi No. 2\nPangkalpinang, Kepulauan Riau 70652	+62-0244-419-9810	2025-08-30	76500000.00	Product Sale
4226	2025-09-18	1	Laptop Lenovo	8500000.00	7	59500000.00	58	Drs. Ika Hidayanto, M.TI.	Gg. W.R. Supratman No. 191\nTernate, SU 14718	(0677) 980-6219	2025-09-18	59500000.00	Product Sale
4232	2026-03-15	1	Laptop Lenovo	8500000.00	3	25500000.00	224	Lukman Tampubolon	Gang Bangka Raya No. 10\nBogor, BE 58029	+62-00-345-6744	2026-03-15	25500000.00	Customer Purchase
4234	2026-02-02	1	Laptop Lenovo	8500000.00	6	51000000.00	1820	Nadia Waluyo	Jl. H.J Maemunah No. 21\nBatu, ST 15027	+62 (762) 510 3570	2026-02-02	51000000.00	Store Sale
4239	2025-10-09	1	Laptop Lenovo	8500000.00	10	85000000.00	1922	Ir. Ghaliyati Laksmiwati, M.M.	Gang Rajiman No. 68\nKupang, KU 02183	(054) 891 9902	2025-10-09	85000000.00	Online Transaction
4241	2026-04-19	1	Laptop Lenovo	8500000.00	4	34000000.00	1766	Cici Astuti	Jalan PHH. Mustofa No. 03\nPariaman, Bali 27114	(0792) 119-1987	2026-04-19	34000000.00	Store Sale
4242	2025-10-28	1	Laptop Lenovo	8500000.00	9	76500000.00	1711	Dt. Kadir Laksita, S.H.	Jl. Lembong No. 39\nDenpasar, Kalimantan Utara 30725	(0473) 612-3894	2025-10-28	76500000.00	Store Sale
4243	2026-04-06	1	Laptop Lenovo	8500000.00	2	17000000.00	774	Enteng Hasanah, S.H.	Gang Gardujati No. 0\nKota Administrasi Jakarta Utara, Maluku Utara 30804	0857096614	2026-04-06	17000000.00	Online Transaction
4244	2025-07-09	1	Laptop Lenovo	8500000.00	3	25500000.00	310	Dr. Marsudi Halimah, S.I.Kom	Jl. Gardujati No. 52\nMalang, Riau 31527	+62 (0732) 564-2337	2025-07-09	25500000.00	Online Transaction
4247	2025-07-09	1	Laptop Lenovo	8500000.00	4	34000000.00	1139	Eli Widodo	Jalan Antapani Lama No. 2\nTernate, RI 04526	+62-036-713-3899	2025-07-09	34000000.00	Product Sale
4251	2026-03-05	1	Laptop Lenovo	8500000.00	10	85000000.00	1628	Ciaobella Suryono	Gang Rumah Sakit No. 7\nSingkawang, MA 07466	+62 (85) 355 7252	2026-03-05	85000000.00	Product Sale
4252	2025-08-02	1	Laptop Lenovo	8500000.00	3	25500000.00	1381	Soleh Padmasari	Gang Pelajar Pejuang No. 00\nDenpasar, BT 17587	+62-411-275-6733	2025-08-02	25500000.00	Customer Purchase
4259	2026-02-27	1	Laptop Lenovo	8500000.00	4	34000000.00	430	Cengkal Farida	Jl. Abdul Muis No. 066\nBukittinggi, PA 51106	+62 (652) 209 4581	2026-02-27	34000000.00	Product Sale
4264	2025-11-19	1	Laptop Lenovo	8500000.00	6	51000000.00	1371	Patricia Permadi	Jl. Cihampelas No. 952\nSungai Penuh, SS 96385	+62 (037) 446 5820	2025-11-19	51000000.00	Product Sale
4273	2025-12-17	1	Laptop Lenovo	8500000.00	1	8500000.00	649	T. Gara Usada	Jalan Bangka Raya No. 3\nSabang, BA 63630	+62 (56) 645-4072	2025-12-17	8500000.00	Store Sale
4284	2025-10-22	1	Laptop Lenovo	8500000.00	10	85000000.00	328	Vera Hakim	Jl. Rumah Sakit No. 73\nMeulaboh, DKI Jakarta 35174	0882182500	2025-10-22	85000000.00	Online Transaction
4286	2026-03-02	1	Laptop Lenovo	8500000.00	1	8500000.00	894	Karja Megantara	Gang Sukajadi No. 4\nProbolinggo, JK 44194	(004) 922 6330	2026-03-02	8500000.00	Online Transaction
4288	2025-12-05	1	Laptop Lenovo	8500000.00	9	76500000.00	1592	Cut Yunita Budiyanto, S.IP	Jl. K.H. Wahid Hasyim No. 253\nSingkawang, JT 77872	(0077) 476-8213	2025-12-05	76500000.00	Customer Purchase
4291	2025-07-25	1	Laptop Lenovo	8500000.00	2	17000000.00	215	Asirwada Rahimah	Gang Pasteur No. 630\nKota Administrasi Jakarta Selatan, Jawa Tengah 33176	+62 (47) 176-8436	2025-07-25	17000000.00	Online Transaction
4296	2026-06-04	1	Laptop Lenovo	8500000.00	9	76500000.00	1036	R.A. Puji Ardianto, S.Ked	Jl. Kapten Muslihat No. 68\nPalopo, JK 61996	+62 (018) 202 5033	2026-06-04	76500000.00	Online Transaction
4298	2025-10-25	1	Laptop Lenovo	8500000.00	6	51000000.00	1430	Cengkal Farida	Jl. Abdul Muis No. 066\nBukittinggi, PA 51106	+62 (652) 209 4581	2025-10-25	51000000.00	Store Sale
4302	2026-04-27	1	Laptop Lenovo	8500000.00	1	8500000.00	1061	Ana Nurdiyanti	Gg. Asia Afrika No. 9\nTasikmalaya, SU 89817	+62-013-775-4071	2026-04-27	8500000.00	Online Transaction
4303	2026-07-02	1	Laptop Lenovo	8500000.00	5	42500000.00	1811	Novi Fujiati	Jl. Ciwastra No. 9\nPalangkaraya, RI 46026	+62-023-256-2681	2026-07-02	42500000.00	Store Sale
4307	2025-10-20	1	Laptop Lenovo	8500000.00	1	8500000.00	592	Cut Yunita Budiyanto, S.IP	Jl. K.H. Wahid Hasyim No. 253\nSingkawang, JT 77872	(0077) 476-8213	2025-10-20	8500000.00	Online Transaction
4309	2025-12-14	1	Laptop Lenovo	8500000.00	9	76500000.00	1019	Prabawa Maheswara	Jalan Kiaracondong No. 3\nBengkulu, NB 93894	+62 (0556) 091-9775	2025-12-14	76500000.00	Store Sale
4328	2025-10-20	1	Laptop Lenovo	8500000.00	8	68000000.00	1640	KH. Mulya Haryanti	Gg. Rajawali Barat No. 48\nSubulussalam, PB 20722	+62-951-558-4374	2025-10-20	68000000.00	Product Sale
4330	2025-08-20	1	Laptop Lenovo	8500000.00	8	68000000.00	1906	Nyoman Winarno	Gang Ahmad Yani No. 380\nParepare, Aceh 39565	(0432) 905 1050	2025-08-20	68000000.00	Online Transaction
4339	2025-09-22	1	Laptop Lenovo	8500000.00	2	17000000.00	1731	Ir. Nrima Novitasari, S.Pd	Gang Veteran No. 05\nPayakumbuh, Sulawesi Selatan 79613	+62 (82) 234 9531	2025-09-22	17000000.00	Customer Purchase
4347	2025-10-01	1	Laptop Lenovo	8500000.00	10	85000000.00	1638	KH. Embuh Najmudin	Gg. Pacuan Kuda No. 94\nTegal, KS 92082	(071) 584 0092	2025-10-01	85000000.00	Store Sale
4357	2026-04-19	1	Laptop Lenovo	8500000.00	6	51000000.00	1385	Hj. Karen Wacana, M.TI.	Gang Suniaraja No. 24\nTanjungbalai, BT 02488	+62-061-741-7877	2026-04-19	51000000.00	Customer Purchase
4360	2025-12-24	1	Laptop Lenovo	8500000.00	9	76500000.00	220	Cut Lidya Tarihoran, M.Ak	Gang Ir. H. Djuanda No. 4\nLubuklinggau, MA 85131	+62 (005) 122 6060	2025-12-24	76500000.00	Store Sale
4364	2025-11-24	1	Laptop Lenovo	8500000.00	9	76500000.00	588	Mulyanto Pradipta	Gg. Siliwangi No. 4\nPekanbaru, SB 28478	+62 (0124) 904 5725	2025-11-24	76500000.00	Product Sale
4366	2026-03-14	1	Laptop Lenovo	8500000.00	7	59500000.00	808	Raihan Wibisono	Gang Rawamangun No. 4\nAmbon, KT 71315	(0207) 927-7333	2026-03-14	59500000.00	Product Sale
4368	2026-03-22	1	Laptop Lenovo	8500000.00	2	17000000.00	858	Gilda Mansur	NULL	+62 (92) 573-6542	2026-03-22	17000000.00	Store Sale
4372	2025-09-02	1	Laptop Lenovo	8500000.00	7	59500000.00	6	Aditya Utami	Jalan Siliwangi No. 1\nBau-Bau, SB 53322	+62 (0281) 802-0729	2025-09-02	59500000.00	Product Sale
4379	2026-06-07	1	Laptop Lenovo	8500000.00	8	68000000.00	1024	Erik Susanti	Gang Dr. Djunjunan No. 73\nMalang, KB 31983	+62 (22) 012-0041	2026-06-07	68000000.00	Product Sale
4385	2025-09-27	1	Laptop Lenovo	8500000.00	9	76500000.00	831	Yani Palastri	Jl. Gegerkalong Hilir No. 660\nMetro, YO 05965	+62-31-847-9150	2025-09-27	76500000.00	Store Sale
4387	2026-03-18	1	Laptop Lenovo	8500000.00	4	34000000.00	1431	Rahman Siregar	Jalan Siliwangi No. 949\nPalembang, Kepulauan Riau 65289	+62-024-732-3656	2026-03-18	34000000.00	Online Transaction
4388	2025-07-26	1	Laptop Lenovo	8500000.00	2	17000000.00	792	Tami Handayani, S.Pt	Jl. Rumah Sakit No. 9\nPalu, JT 65913	+62 (117) 796 3152	2025-07-26	17000000.00	Customer Purchase
4391	2026-03-19	1	Laptop Lenovo	8500000.00	8	68000000.00	1244	Bella Nuraini, M.Farm	Gg. Rajawali Barat No. 6\nBanjarbaru, Kalimantan Selatan 39092	+62 (08) 616-5110	2026-03-19	68000000.00	Store Sale
4396	2025-08-21	1	Laptop Lenovo	8500000.00	1	8500000.00	467	dr. Tira Pratama	Jl. Ir. H. Djuanda No. 825\nManado, Kepulauan Riau 35165	(075) 456-3372	2025-08-21	8500000.00	Product Sale
4400	2025-09-02	1	Laptop Lenovo	8500000.00	3	25500000.00	1930	Salman Thamrin	Jalan Kutai No. 091\nBatam, Aceh 16878	0873741727	2025-09-02	25500000.00	Store Sale
4424	2025-11-30	1	Laptop Lenovo	8500000.00	4	34000000.00	1014	Silvia Hutasoit	Gg. Pacuan Kuda No. 46\nCimahi, KT 49208	+62 (0075) 340 6538	2025-11-30	34000000.00	Store Sale
4427	2026-04-06	1	Laptop Lenovo	8500000.00	3	25500000.00	714	Tgk. Wardi Agustina, S.Gz	Jl. Bangka Raya No. 49\nSingkawang, Bali 99212	+62-696-198-6032	2026-04-06	25500000.00	Store Sale
4430	2026-05-24	1	Laptop Lenovo	8500000.00	1	8500000.00	351	Gilda Najmudin	Jalan Ciwastra No. 178\nCimahi, MA 26714	0866113649	2026-05-24	8500000.00	Online Transaction
4431	2025-10-25	1	Laptop Lenovo	8500000.00	5	42500000.00	68	Drs. Paramita Sitompul, S.Sos	Gang Raya Setiabudhi No. 955\nTanjungpinang, Aceh 72881	(0242) 616 9182	2025-10-25	42500000.00	Online Transaction
4433	2025-08-09	1	Laptop Lenovo	8500000.00	3	25500000.00	1439	Okto Wibisono	Gg. H.J Maemunah No. 7\nLhokseumawe, Papua 59069	+62-62-351-8109	2025-08-09	25500000.00	Store Sale
4444	2025-10-25	1	Laptop Lenovo	8500000.00	2	17000000.00	1634	Mala Dabukke	Jalan Abdul Muis No. 09\nPekalongan, Papua Barat 17089	+62-07-269-6440	2025-10-25	17000000.00	Product Sale
4462	2026-01-14	1	Laptop Lenovo	8500000.00	1	8500000.00	283	Asmadi Gunawan	Jl. Jamika No. 75\nManado, SB 11511	087 673 8996	2026-01-14	8500000.00	Customer Purchase
4463	2026-03-23	1	Laptop Lenovo	8500000.00	4	34000000.00	880	R. Ulya Habibi, M.Farm	Gg. Lembong No. 684\nSurabaya, Lampung 45708	+62-635-148-2378	2026-03-23	34000000.00	Online Transaction
4465	2026-06-14	1	Laptop Lenovo	8500000.00	3	25500000.00	1973	Yessi Maulana	Jl. Dipenogoro No. 437\nKupang, JT 06859	+62 (06) 163 5987	2026-06-14	25500000.00	Customer Purchase
4468	2025-11-28	1	Laptop Lenovo	8500000.00	3	25500000.00	1613	dr. Ajiono Wijayanti	Jalan Kendalsari No. 19\nSukabumi, BA 84198	+62 (0521) 776 9278	2025-11-28	25500000.00	Customer Purchase
4472	2025-11-02	1	Laptop Lenovo	8500000.00	5	42500000.00	41	Dewi Pangestu	Gang Pacuan Kuda No. 58\nTual, RI 81051	+62 (0484) 286 7416	2025-11-02	42500000.00	Online Transaction
4481	2026-05-31	1	Laptop Lenovo	8500000.00	2	17000000.00	1758	Ina Laksmiwati, M.TI.	Gang Waringin No. 714\nSurabaya, JK 32275	+62 (046) 649-0632	2026-05-31	17000000.00	Product Sale
4488	2025-08-23	1	Laptop Lenovo	8500000.00	7	59500000.00	633	Talia Firgantoro	Jl. Raya Setiabudhi No. 276\nMeulaboh, Jawa Timur 80706	+62-34-327-3546	2025-08-23	59500000.00	Customer Purchase
4493	2025-10-16	1	Laptop Lenovo	8500000.00	4	34000000.00	471	Puspa Pradana	Gg. Monginsidi No. 9\nMeulaboh, NB 29056	+62 (823) 397-3688	2025-10-16	34000000.00	Store Sale
4507	2026-02-05	1	Laptop Lenovo	8500000.00	4	34000000.00	858	Gilda Mansur	NULL	+62 (92) 573-6542	2026-02-05	34000000.00	Store Sale
4508	2025-07-19	1	Laptop Lenovo	8500000.00	10	85000000.00	1633	Talia Firgantoro	Jl. Raya Setiabudhi No. 276\nMeulaboh, Jawa Timur 80706	+62-34-327-3546	2025-07-19	85000000.00	Online Transaction
4510	2025-09-14	1	Laptop Lenovo	8500000.00	6	51000000.00	1082	Gada Pradana	NULL	+62 (685) 668-3157	2025-09-14	51000000.00	Product Sale
4513	2026-06-06	1	Laptop Lenovo	8500000.00	10	85000000.00	1808	Raihan Wibisono	Gang Rawamangun No. 4\nAmbon, KT 71315	(0207) 927-7333	2026-06-06	85000000.00	Online Transaction
4522	2025-12-07	1	Laptop Lenovo	8500000.00	10	85000000.00	1081	Lanang Wijayanti	Jalan Jakarta No. 68\nSurabaya, BA 45152	+62-0647-410-5587	2025-12-07	85000000.00	Customer Purchase
4523	2026-03-14	1	Laptop Lenovo	8500000.00	4	34000000.00	1795	Tgk. Cayadi Manullang	Jalan Yos Sudarso No. 86\nPontianak, Jawa Timur 16465	(0863) 485 6782	2026-03-14	34000000.00	Customer Purchase
4524	2026-01-08	1	Laptop Lenovo	8500000.00	10	85000000.00	1717	Tgk. Salwa Puspita	Jalan Otto Iskandardinata No. 575\nBatu, GO 23831	+62 (0034) 579-2321	2026-01-08	85000000.00	Online Transaction
4530	2026-05-30	1	Laptop Lenovo	8500000.00	3	25500000.00	1120	Raharja Wahyudin, M.M.	Jalan S. Parman No. 4\nDenpasar, AC 52966	+62 (0526) 565-8774	2026-05-30	25500000.00	Product Sale
4536	2026-03-27	1	Laptop Lenovo	8500000.00	5	42500000.00	1854	Nugraha Halim	Gg. Asia Afrika No. 036\nYogyakarta, KT 86442	+62-93-835-0563	2026-03-27	42500000.00	Online Transaction
4541	2025-10-10	1	Laptop Lenovo	8500000.00	6	51000000.00	83	R. Irnanto Hidayanto, S.E.	Gg. PHH. Mustofa No. 2\nKota Administrasi Jakarta Utara, LA 61040	(0497) 631 4208	2025-10-10	51000000.00	Customer Purchase
4544	2026-02-07	1	Laptop Lenovo	8500000.00	3	25500000.00	1671	Nova Yuniar	Gg. Siliwangi No. 39\nBau-Bau, SG 02728	0895424515	2026-02-07	25500000.00	Product Sale
4549	2026-05-02	1	Laptop Lenovo	8500000.00	1	8500000.00	768	Purwadi Putra	Jl. Sentot Alibasa No. 46\nMagelang, JB 16921	+62 (098) 200 1229	2026-05-02	8500000.00	Customer Purchase
4550	2026-02-20	1	Laptop Lenovo	8500000.00	1	8500000.00	90	Emil Riyanti	Jalan Raya Setiabudhi No. 4\nKota Administrasi Jakarta Pusat, KB 88593	+62 (072) 129 3525	2026-02-20	8500000.00	Product Sale
4556	2026-07-02	1	Laptop Lenovo	8500000.00	5	42500000.00	1428	Ir. Caturangga Firmansyah	Jl. Ahmad Dahlan No. 97\nPasuruan, JI 05568	(0954) 572 6410	2026-07-02	42500000.00	Customer Purchase
4567	2025-09-05	1	Laptop Lenovo	8500000.00	8	68000000.00	1527	Drs. Gandewa Wacana	Jalan Kutisari Selatan No. 13\nBandung, Nusa Tenggara Timur 86334	+62 (479) 889-9957	2025-09-05	68000000.00	Product Sale
4581	2025-08-31	1	Laptop Lenovo	8500000.00	9	76500000.00	1650	dr. Kalim Waluyo, S.E.I	Jalan Pelajar Pejuang No. 56\nJayapura, JB 79087	+62-35-614-5517	2025-08-31	76500000.00	Customer Purchase
4582	2025-12-11	1	Laptop Lenovo	8500000.00	10	85000000.00	250	Dr. Elisa Pertiwi	Gg. HOS. Cokroaminoto No. 581\nLhokseumawe, Kalimantan Tengah 67955	(017) 138 6217	2025-12-11	85000000.00	Product Sale
4586	2026-04-03	1	Laptop Lenovo	8500000.00	3	25500000.00	1268	Edi Mustofa	Gang Raya Setiabudhi No. 14\nLangsa, Sumatera Utara 37892	(0447) 442-6867	2026-04-03	25500000.00	Store Sale
4590	2026-05-24	1	Laptop Lenovo	8500000.00	8	68000000.00	838	Gandi Nasyiah	Jl. Sukabumi No. 59\nSamarinda, JT 81092	+62 (873) 869-4493	2026-05-24	68000000.00	Product Sale
4591	2025-11-18	1	Laptop Lenovo	8500000.00	5	42500000.00	799	Candrakanta Lazuardi, S.Pt	NULL	+62-492-029-9755	2025-11-18	42500000.00	Customer Purchase
4593	2025-11-23	1	Laptop Lenovo	8500000.00	3	25500000.00	1548	Tgk. Najam Simbolon	Jalan Sukajadi No. 647\nTarakan, AC 72530	(0555) 963 2042	2025-11-23	25500000.00	Online Transaction
4601	2026-01-30	1	Laptop Lenovo	8500000.00	10	85000000.00	1802	Mulya Saptono	Jalan Soekarno Hatta No. 43\nKotamobagu, KU 99343	+62 (05) 686 5346	2026-01-30	85000000.00	Store Sale
4607	2025-11-12	1	Laptop Lenovo	8500000.00	5	42500000.00	740	Tgk. Legawa Damanik, M.Ak	Gang Cihampelas No. 835\nKota Administrasi Jakarta Selatan, Lampung 04267	(0575) 803 5858	2025-11-12	42500000.00	Online Transaction
4612	2025-12-17	1	Laptop Lenovo	8500000.00	2	17000000.00	1522	drg. Irma Suartini, S.Pd	Jl. Ciumbuleuit No. 654\nPekanbaru, SR 62054	+62 (77) 424-7654	2025-12-17	17000000.00	Online Transaction
4615	2026-04-25	1	Laptop Lenovo	8500000.00	7	59500000.00	79	Halima Anggriawan, M.Kom.	Gang Yos Sudarso No. 2\nSamarinda, BB 87518	(000) 756-4341	2026-04-25	59500000.00	Product Sale
4618	2025-07-11	1	Laptop Lenovo	8500000.00	1	8500000.00	432	Ibrani Tarihoran	Jl. Pasteur No. 04\nPadangpanjang, Gorontalo 29688	(0612) 533 7740	2025-07-11	8500000.00	Online Transaction
4620	2026-01-08	1	Laptop Lenovo	8500000.00	1	8500000.00	1403	Raharja Salahudin, S.H.	Gg. Setiabudhi No. 40\nPalu, KS 22373	+62 (31) 800 9112	2026-01-08	8500000.00	Store Sale
4621	2025-10-13	1	Laptop Lenovo	8500000.00	5	42500000.00	1093	R.M. Pandu Winarsih, S.H.	Gg. Siliwangi No. 1\nBalikpapan, Jawa Barat 95462	+62 (0079) 940-1539	2025-10-13	42500000.00	Customer Purchase
4630	2026-05-16	1	Laptop Lenovo	8500000.00	4	34000000.00	1073	Cut Winda Hastuti, S.IP	Jl. Cikutra Barat No. 37\nKota Administrasi Jakarta Barat, Sumatera Selatan 72778	+62 (0554) 246 2119	2026-05-16	34000000.00	Product Sale
4637	2025-12-06	1	Laptop Lenovo	8500000.00	10	85000000.00	569	Tantri Wijaya, M.Pd	Gang Laswi No. 6\nMetro, Kalimantan Utara 74513	+62-0812-459-2842	2025-12-06	85000000.00	Store Sale
4640	2025-10-04	1	Laptop Lenovo	8500000.00	10	85000000.00	1576	Alika Maryati	Gg. Cihampelas No. 5\nBatam, AC 91201	+62-780-731-9937	2025-10-04	85000000.00	Product Sale
4643	2026-02-26	1	Laptop Lenovo	8500000.00	10	85000000.00	521	KH. Darsirah Uyainah, S.Farm	Gg. Rajiman No. 56\nYogyakarta, KI 82063	+62 (425) 922-5954	2026-02-26	85000000.00	Store Sale
4650	2025-09-06	1	Laptop Lenovo	8500000.00	6	51000000.00	1311	Ellis Hardiansyah	Jalan Waringin No. 708\nKota Administrasi Jakarta Selatan, Bali 30280	(0592) 967-0249	2025-09-06	51000000.00	Product Sale
4663	2025-12-03	1	Laptop Lenovo	8500000.00	5	42500000.00	1227	KH. Opan Sirait	Jl. Peta No. 87\nDumai, Kalimantan Utara 07807	+62 (067) 854-8979	2025-12-03	42500000.00	Customer Purchase
4672	2025-09-12	1	Laptop Lenovo	8500000.00	9	76500000.00	1464	Niyaga Mayasari	Gang Asia Afrika No. 9\nBinjai, Riau 90977	(073) 997 1771	2025-09-12	76500000.00	Product Sale
4674	2026-06-02	1	Laptop Lenovo	8500000.00	10	85000000.00	355	Cornelia Prasetyo	Gg. Raya Ujungberung No. 840\nPekalongan, Sulawesi Utara 87687	+62 (104) 425 2406	2026-06-02	85000000.00	Customer Purchase
4675	2025-08-04	1	Laptop Lenovo	8500000.00	10	85000000.00	491	Liman Kusmawati	Jalan Dr. Djunjunan No. 0\nYogyakarta, KI 43005	+62 (0220) 025-1301	2025-08-04	85000000.00	Store Sale
4679	2026-03-14	1	Laptop Lenovo	8500000.00	5	42500000.00	1635	Martaka Wastuti	Jalan Waringin No. 881\nPadangpanjang, AC 16646	+62 (476) 191 6515	2026-03-14	42500000.00	Customer Purchase
4688	2026-03-14	1	Laptop Lenovo	8500000.00	1	8500000.00	1702	Unjani Rahimah, S.H.	Jalan Kapten Muslihat No. 175\nKota Administrasi Jakarta Selatan, KR 87104	+62 (302) 748-6919	2026-03-14	8500000.00	Product Sale
4694	2026-04-25	1	Laptop Lenovo	8500000.00	7	59500000.00	717	Tgk. Salwa Puspita	Jalan Otto Iskandardinata No. 575\nBatu, GO 23831	+62 (0034) 579-2321	2026-04-25	59500000.00	Store Sale
4697	2025-11-14	1	Laptop Lenovo	8500000.00	8	68000000.00	1547	Dt. Ilyas Hariyah, S.Pd	Jalan Bangka Raya No. 37\nPalopo, SR 95364	+62-315-898-8526	2025-11-14	68000000.00	Store Sale
4704	2025-10-18	1	Laptop Lenovo	8500000.00	6	51000000.00	498	Dewi Prasetya	Jalan Ciumbuleuit No. 1\nTasikmalaya, Riau 62803	+62-024-348-1813	2025-10-18	51000000.00	Store Sale
4708	2026-07-06	1	Laptop Lenovo	8500000.00	7	59500000.00	873	Drs. Ihsan Aryani, S.Pt	Gg. Antapani Lama No. 113\nMagelang, Bali 77927	+62 (0607) 781-4697	2026-07-06	59500000.00	Product Sale
4710	2026-02-27	1	Laptop Lenovo	8500000.00	1	8500000.00	1770	Karman Suwarno	Gg. Joyoboyo No. 0\nBengkulu, Sulawesi Barat 65387	(001) 271-5153	2026-02-27	8500000.00	Store Sale
4727	2025-08-20	1	Laptop Lenovo	8500000.00	5	42500000.00	921	Paramita Hardiansyah	Gg. HOS. Cokroaminoto No. 998\nLubuklinggau, Papua 53855	+62 (548) 722-7000	2025-08-20	42500000.00	Store Sale
4729	2025-09-22	1	Laptop Lenovo	8500000.00	1	8500000.00	837	R. Siti Susanti	Gg. H.J Maemunah No. 5\nMalang, BB 55878	+62 (042) 819-5176	2025-09-22	8500000.00	Customer Purchase
4735	2026-03-18	1	Laptop Lenovo	8500000.00	9	76500000.00	613	dr. Ajiono Wijayanti	Jalan Kendalsari No. 19\nSukabumi, BA 84198	+62 (0521) 776 9278	2026-03-18	76500000.00	Store Sale
4742	2026-01-03	1	Laptop Lenovo	8500000.00	6	51000000.00	1520	Asmianto Siregar	Jl. Rajawali Barat No. 112\nSorong, KI 12580	+62 (62) 985 6531	2026-01-03	51000000.00	Online Transaction
4746	2026-06-22	1	Laptop Lenovo	8500000.00	10	85000000.00	235	Ozy Usada	Gg. Suryakencana No. 798\nMeulaboh, PB 25729	083 711 8516	2026-06-22	85000000.00	Product Sale
4768	2026-03-08	1	Laptop Lenovo	8500000.00	6	51000000.00	1746	Ulva Pudjiastuti	Jl. Rajiman No. 5\nSerang, Kalimantan Selatan 52257	+62-460-651-1508	2026-03-08	51000000.00	Online Transaction
4771	2025-09-14	1	Laptop Lenovo	8500000.00	2	17000000.00	464	Niyaga Mayasari	Gang Asia Afrika No. 9\nBinjai, Riau 90977	(073) 997 1771	2025-09-14	17000000.00	Product Sale
4775	2026-02-11	1	Laptop Lenovo	8500000.00	10	85000000.00	1689	Taufik Mustofa	Jalan Ciumbuleuit No. 9\nBanjarbaru, SS 93677	(056) 097 8693	2026-02-11	85000000.00	Customer Purchase
4780	2025-08-30	1	Laptop Lenovo	8500000.00	6	51000000.00	47	Endra Wacana, S.T.	Gg. Suniaraja No. 324\nPematangsiantar, JT 76800	+62-199-894-7802	2025-08-30	51000000.00	Product Sale
4783	2026-06-15	1	Laptop Lenovo	8500000.00	6	51000000.00	1684	Makuta Dabukke	Gg. KH Amin Jasuta No. 2\nMagelang, GO 18865	+62 (24) 250-5266	2026-06-15	51000000.00	Product Sale
4790	2025-08-03	1	Laptop Lenovo	8500000.00	6	51000000.00	1318	Puput Puspita	Gg. Jend. A. Yani No. 72\nMakassar, Nusa Tenggara Timur 83090	+62 (080) 893-7103	2025-08-03	51000000.00	Product Sale
4793	2025-11-18	1	Laptop Lenovo	8500000.00	2	17000000.00	1025	Drs. Ifa Budiman, M.Kom.	Jl. Antapani Lama No. 6\nLhokseumawe, Sulawesi Tengah 16275	(0286) 362-6536	2025-11-18	17000000.00	Online Transaction
4799	2025-07-29	1	Laptop Lenovo	8500000.00	4	34000000.00	1067	Ozy Habibi, S.Ked	Gang Astana Anyar No. 007\nLangsa, Kepulauan Bangka Belitung 34897	+62 (0305) 439 1971	2025-07-29	34000000.00	Store Sale
4806	2025-11-16	1	Laptop Lenovo	8500000.00	3	25500000.00	465	Raden Hartati	Jl. Erlangga No. 510\nMadiun, KR 62792	+62 (776) 386-7599	2025-11-16	25500000.00	Store Sale
4808	2026-01-15	1	Laptop Lenovo	8500000.00	4	34000000.00	448	Dr. Utama Utami	Jl. Joyoboyo No. 01\nMakassar, SG 07135	+62 (064) 641-9155	2026-01-15	34000000.00	Store Sale
4810	2026-01-08	1	Laptop Lenovo	8500000.00	9	76500000.00	408	Kani Wahyuni	Jalan Moch. Ramdan No. 765\nProbolinggo, Papua Barat 97371	081 306 2870	2026-01-08	76500000.00	Product Sale
4816	2025-12-28	1	Laptop Lenovo	8500000.00	9	76500000.00	1844	Kajen Pratiwi	Jl. R.E Martadinata No. 8\nBandar Lampung, BE 96828	(0654) 388-3941	2025-12-28	76500000.00	Customer Purchase
4827	2025-07-10	1	Laptop Lenovo	8500000.00	5	42500000.00	1076	Silvia Hutasoit	NULL	+62-058-785-2227	2025-07-10	42500000.00	Online Transaction
4834	2026-02-05	1	Laptop Lenovo	8500000.00	10	85000000.00	1461	Najib Aryani	Gg. Dr. Djunjunan No. 57\nBatu, KB 53470	+62-95-882-6750	2026-02-05	85000000.00	Customer Purchase
4835	2025-10-10	1	Laptop Lenovo	8500000.00	1	8500000.00	241	Jelita Dongoran	Gang Jayawijaya No. 4\nDumai, PB 21565	+62-808-651-4949	2025-10-10	8500000.00	Product Sale
4837	2026-04-19	1	Laptop Lenovo	8500000.00	9	76500000.00	34	Tgk. Kariman Budiyanto, M.Farm	Jalan HOS. Cokroaminoto No. 93\nMagelang, Jawa Timur 52537	(074) 361-3628	2026-04-19	76500000.00	Online Transaction
4844	2026-01-24	1	Laptop Lenovo	8500000.00	8	68000000.00	639	drg. Ajeng Tamba, S.Farm	Gg. Siliwangi No. 7\nPariaman, JT 45107	+62 (47) 532-4395	2026-01-24	68000000.00	Product Sale
4847	2026-05-05	1	Laptop Lenovo	8500000.00	1	8500000.00	1893	H. Mursita Farida, S.Sos	Jalan Rumah Sakit No. 71\nPekalongan, Riau 73325	+62 (092) 169 9776	2026-05-05	8500000.00	Store Sale
4850	2026-06-13	1	Laptop Lenovo	8500000.00	8	68000000.00	1917	Rahayu Uyainah	NULL	0840168563	2026-06-13	68000000.00	Product Sale
4852	2026-05-12	1	Laptop Lenovo	8500000.00	8	68000000.00	1733	Jessica Susanti	Gg. W.R. Supratman No. 003\nCirebon, KS 72191	(094) 948-1486	2026-05-12	68000000.00	Customer Purchase
4853	2025-07-25	1	Laptop Lenovo	8500000.00	9	76500000.00	425	R. Unjani Siregar	Gg. Setiabudhi No. 631\nPurwokerto, Papua Barat 25422	0854449235	2025-07-25	76500000.00	Store Sale
4854	2026-05-01	1	Laptop Lenovo	8500000.00	5	42500000.00	1305	Tgk. Najam Handayani, S.Gz	Gang W.R. Supratman No. 080\nBontang, YO 81616	081 068 9713	2026-05-01	42500000.00	Store Sale
4865	2025-09-04	1	Laptop Lenovo	8500000.00	9	76500000.00	1553	Yessi Purwanti	Gang Moch. Toha No. 3\nDepok, KU 84832	+62 (967) 492 4299	2025-09-04	76500000.00	Online Transaction
4870	2026-05-29	1	Laptop Lenovo	8500000.00	3	25500000.00	970	Dr. Ella Lailasari	Jalan Pacuan Kuda No. 69\nManado, Kepulauan Riau 98842	+62 (126) 956-6147	2026-05-29	25500000.00	Online Transaction
4882	2026-04-20	1	Laptop Lenovo	8500000.00	7	59500000.00	1955	Jefri Pratama	Jl. Dr. Djunjunan No. 73\nMataram, JI 08842	+62 (0573) 706-2754	2026-04-20	59500000.00	Product Sale
4883	2026-01-27	1	Laptop Lenovo	8500000.00	10	85000000.00	779	Warsa Pangestu	Gang Medokan Ayu No. 9\nBinjai, RI 94652	+62 (0370) 641-3324	2026-01-27	85000000.00	Product Sale
4900	2025-07-10	1	Laptop Lenovo	8500000.00	1	8500000.00	303	Siska Agustina	Jalan Wonoayu No. 8\nBanda Aceh, DI Yogyakarta 24487	+62 (091) 302-3615	2025-07-10	8500000.00	Customer Purchase
4913	2025-09-27	1	Laptop Lenovo	8500000.00	8	68000000.00	371	Patricia Permadi	Jl. Cihampelas No. 952\nSungai Penuh, SS 96385	+62 (037) 446 5820	2025-09-27	68000000.00	Product Sale
4914	2025-12-04	1	Laptop Lenovo	8500000.00	9	76500000.00	1261	Padma Hariyah, S.E.I	Jl. Gardujati No. 1\nBinjai, Nusa Tenggara Timur 01632	0827537861	2025-12-04	76500000.00	Online Transaction
4923	2026-01-01	1	Laptop Lenovo	8500000.00	1	8500000.00	891	Cut Paulin Nababan, S.Kom	Jalan Gegerkalong Hilir No. 3\nManado, Nusa Tenggara Barat 70641	+62 (77) 322-6461	2026-01-01	8500000.00	Product Sale
4928	2026-07-02	1	Laptop Lenovo	8500000.00	10	85000000.00	1236	R. Gilda Damanik	Gg. Moch. Ramdan No. 2\nParepare, Bali 07713	+62 (312) 888-6657	2026-07-02	85000000.00	Product Sale
4929	2025-08-05	1	Laptop Lenovo	8500000.00	2	17000000.00	888	R. Karimah Puspita, M.Ak	Gg. Gardujati No. 6\nBatam, KS 65132	+62 (032) 059-8522	2025-08-05	17000000.00	Store Sale
4930	2026-05-29	1	Laptop Lenovo	8500000.00	1	8500000.00	1222	Dr. Garang Utami	Gang Jakarta No. 4\nPayakumbuh, JB 78198	+62-035-841-3390	2026-05-29	8500000.00	Product Sale
4940	2025-12-26	1	Laptop Lenovo	8500000.00	4	34000000.00	1179	Karimah Prastuti	Gang Merdeka No. 858\nPalopo, BT 34400	+62-007-945-1697	2025-12-26	34000000.00	Customer Purchase
4945	2026-01-22	1	Laptop Lenovo	8500000.00	8	68000000.00	1433	Okto Uwais, S.Pt	Gang Merdeka No. 531\nPalangkaraya, Sulawesi Tenggara 54422	+62-964-082-1338	2026-01-22	68000000.00	Customer Purchase
4946	2026-06-23	1	Laptop Lenovo	8500000.00	6	51000000.00	652	Tami Kuswandari	NULL	+62 (049) 835-8046	2026-06-23	51000000.00	Online Transaction
4952	2026-07-05	1	Laptop Lenovo	8500000.00	2	17000000.00	377	Umaya Prasetya, S.Pd	Jalan Kiaracondong No. 70\nPalopo, JI 89908	+62 (089) 210-8855	2026-07-05	17000000.00	Customer Purchase
4953	2026-03-31	1	Laptop Lenovo	8500000.00	10	85000000.00	1492	Dt. Raharja Hasanah, S.IP	Gg. Raya Setiabudhi No. 13\nBanjarbaru, Sumatera Utara 60122	+62-21-495-7368	2026-03-31	85000000.00	Online Transaction
4959	2026-03-29	1	Laptop Lenovo	8500000.00	10	85000000.00	96	Citra Mardhiyah	Gg. Jayawijaya No. 46\nKediri, JB 64840	(0312) 397 0262	2026-03-29	85000000.00	Product Sale
4961	2025-09-20	1	Laptop Lenovo	8500000.00	10	85000000.00	448	Dr. Utama Utami	Jl. Joyoboyo No. 01\nMakassar, SG 07135	+62 (064) 641-9155	2025-09-20	85000000.00	Product Sale
4965	2026-02-20	1	Laptop Lenovo	8500000.00	10	85000000.00	1660	Ir. Ajimin Januar, S.Ked	Gang Monginsidi No. 224\nMeulaboh, Lampung 68739	0866840842	2026-02-20	85000000.00	Product Sale
4967	2025-12-21	1	Laptop Lenovo	8500000.00	4	34000000.00	857	Rika Anggraini	Jalan Kutai No. 7\nTangerang, Kepulauan Riau 05153	(0495) 916 9892	2025-12-21	34000000.00	Store Sale
4974	2026-04-27	1	Laptop Lenovo	8500000.00	3	25500000.00	1623	Ifa Hutapea	Gang Raya Setiabudhi No. 24\nPadangpanjang, Kalimantan Utara 84257	+62 (079) 304-6002	2026-04-27	25500000.00	Customer Purchase
4981	2025-08-24	1	Laptop Lenovo	8500000.00	4	34000000.00	285	Dr. Anastasia Prasetya, S.Farm	Jalan Tebet Barat Dalam No. 59\nTarakan, SB 55705	+62-070-719-7515	2025-08-24	34000000.00	Product Sale
4982	2026-03-01	1	Laptop Lenovo	8500000.00	8	68000000.00	111	Chelsea Gunawan, S.IP	Gang Stasiun Wonokromo No. 74\nMataram, Jambi 83360	+62 (0962) 386 4921	2026-03-01	68000000.00	Product Sale
4994	2026-05-11	1	Laptop Lenovo	8500000.00	9	76500000.00	1772	Saiful Mustofa	Jl. Kendalsari No. 935\nLubuklinggau, Sulawesi Selatan 68947	+62 (0979) 407 1255	2026-05-11	76500000.00	Online Transaction
4995	2026-05-03	1	Laptop Lenovo	8500000.00	4	34000000.00	1336	Damu Nashiruddin	Gg. PHH. Mustofa No. 65\nCimahi, Gorontalo 39727	+62 (139) 514-2760	2026-05-03	34000000.00	Online Transaction
9	2025-09-22	2	Printer Epson	2500000.00	5	12500000.00	1909	Embuh Pradipta	Gg. Tebet Barat Dalam No. 731\nTangerang Selatan, RI 08764	+62 (897) 590 5010	2025-09-22	12500000.00	Online Transaction
10	2026-05-06	2	Printer Epson	2500000.00	6	15000000.00	894	Karja Megantara	Gang Sukajadi No. 4\nProbolinggo, JK 44194	(004) 922 6330	2026-05-06	15000000.00	Product Sale
12	2025-09-28	2	Printer Epson	2500000.00	10	25000000.00	1285	Dr. Anastasia Prasetya, S.Farm	Jalan Tebet Barat Dalam No. 59\nTarakan, SB 55705	+62-070-719-7515	2025-09-28	25000000.00	Store Sale
15	2026-05-30	2	Printer Epson	2500000.00	4	10000000.00	342	Hasna Pratiwi	Jalan Sukabumi No. 455\nSawahlunto, BA 90079	+62 (051) 958 7399	2026-05-30	10000000.00	Online Transaction
19	2026-04-08	2	Printer Epson	2500000.00	10	25000000.00	1926	Shania Simanjuntak	NULL	084 236 0553	2026-04-08	25000000.00	Product Sale
25	2025-09-10	2	Printer Epson	2500000.00	5	12500000.00	1372	Amelia Sirait	Jl. S. Parman No. 78\nLangsa, Aceh 05907	(0302) 342 4183	2025-09-10	12500000.00	Online Transaction
28	2025-10-05	2	Printer Epson	2500000.00	6	15000000.00	1977	Tgk. Martana Permata, S.Pt	Jl. Asia Afrika No. 6\nTarakan, Aceh 88741	+62 (42) 317-8653	2025-10-05	15000000.00	Online Transaction
29	2026-01-24	2	Printer Epson	2500000.00	7	17500000.00	701	drg. Ikhsan Hidayat, S.H.	Jalan Ciumbuleuit No. 71\nSawahlunto, LA 59226	+62-000-824-3956	2026-01-24	17500000.00	Customer Purchase
39	2026-04-16	2	Printer Epson	2500000.00	3	7500000.00	473	Cinta Usamah	NULL	+62-047-826-0814	2026-04-16	7500000.00	Customer Purchase
40	2026-05-23	2	Printer Epson	2500000.00	9	22500000.00	591	dr. Lasmanto Hidayat	Gg. Merdeka No. 72\nParepare, Papua Barat 91172	(0233) 845-1633	2026-05-23	22500000.00	Customer Purchase
45	2026-04-05	2	Printer Epson	2500000.00	4	10000000.00	854	Nugraha Halim	Gg. Asia Afrika No. 036\nYogyakarta, KT 86442	+62-93-835-0563	2026-04-05	10000000.00	Product Sale
47	2025-09-19	2	Printer Epson	2500000.00	3	7500000.00	809	Wani Puspita	NULL	+62 (028) 811 6408	2025-09-19	7500000.00	Online Transaction
52	2025-09-21	2	Printer Epson	2500000.00	6	15000000.00	1088	Unjani Riyanti	NULL	+62-13-134-5691	2025-09-21	15000000.00	Product Sale
53	2025-10-20	2	Printer Epson	2500000.00	9	22500000.00	599	Ida Najmudin	Gang Cikutra Timur No. 9\nSamarinda, Riau 05978	+62-0096-929-0409	2025-10-20	22500000.00	Store Sale
62	2025-07-27	2	Printer Epson	2500000.00	1	2500000.00	707	Mursinin Saptono	Gg. K.H. Wahid Hasyim No. 66\nMagelang, SU 36806	+62-650-587-8589	2025-07-27	2500000.00	Online Transaction
64	2025-10-30	2	Printer Epson	2500000.00	7	17500000.00	1234	Sabar Sirait	Jl. Rumah Sakit No. 1\nProbolinggo, Sulawesi Tenggara 80251	+62 (056) 678-2457	2025-10-30	17500000.00	Customer Purchase
71	2025-10-18	2	Printer Epson	2500000.00	2	5000000.00	29	Gaman Anggraini, S.Pt	Gang Joyoboyo No. 1\nKota Administrasi Jakarta Timur, Maluku Utara 58485	+62 (51) 176-7793	2025-10-18	5000000.00	Online Transaction
74	2026-03-25	2	Printer Epson	2500000.00	10	25000000.00	993	Zelda Gunarto	Gg. Cihampelas No. 4\nBima, KI 18794	+62 (620) 392 1847	2026-03-25	25000000.00	Product Sale
90	2026-05-20	2	Printer Epson	2500000.00	9	22500000.00	1711	Dt. Kadir Laksita, S.H.	Jl. Lembong No. 39\nDenpasar, Kalimantan Utara 30725	(0473) 612-3894	2026-05-20	22500000.00	Store Sale
92	2026-01-21	2	Printer Epson	2500000.00	4	10000000.00	868	Dr. Kanda Oktaviani, M.Farm	Gg. Kendalsari No. 48\nBatu, KI 10339	+62 (355) 658 8769	2026-01-21	10000000.00	Product Sale
93	2025-09-10	2	Printer Epson	2500000.00	7	17500000.00	1527	Drs. Gandewa Wacana	Jalan Kutisari Selatan No. 13\nBandung, Nusa Tenggara Timur 86334	+62 (479) 889-9957	2025-09-10	17500000.00	Product Sale
94	2026-04-07	2	Printer Epson	2500000.00	8	20000000.00	1113	Lili Hutapea	Jalan Sadang Serang No. 63\nPrabumulih, MA 91405	+62 (23) 488-1161	2026-04-07	20000000.00	Product Sale
95	2025-09-17	2	Printer Epson	2500000.00	9	22500000.00	1844	Kajen Pratiwi	Jl. R.E Martadinata No. 8\nBandar Lampung, BE 96828	(0654) 388-3941	2025-09-17	22500000.00	Online Transaction
100	2026-02-16	2	Printer Epson	2500000.00	4	10000000.00	1161	Mahfud Tamba, M.TI.	Jl. Sadang Serang No. 2\nPrabumulih, MU 77421	0825493694	2026-02-16	10000000.00	Customer Purchase
109	2025-12-23	2	Printer Epson	2500000.00	10	25000000.00	351	Gilda Najmudin	Jalan Ciwastra No. 178\nCimahi, MA 26714	0866113649	2025-12-23	25000000.00	Online Transaction
113	2026-06-24	2	Printer Epson	2500000.00	5	12500000.00	1293	Drs. Winda Saragih	Jalan Gegerkalong Hilir No. 0\nSolok, NB 05787	+62 (0777) 863 6310	2026-06-24	12500000.00	Customer Purchase
116	2025-09-25	2	Printer Epson	2500000.00	5	12500000.00	189	Wakiman Dabukke	Jalan Sukabumi No. 528\nDumai, NB 81364	084 428 2839	2025-09-25	12500000.00	Customer Purchase
118	2026-03-21	2	Printer Epson	2500000.00	6	15000000.00	1193	Drs. Shakila Firgantoro, S.Ked	Gg. Waringin No. 325\nTasikmalaya, DI Yogyakarta 36031	(0629) 362 9079	2026-03-21	15000000.00	Product Sale
134	2025-11-16	2	Printer Epson	2500000.00	10	25000000.00	726	Makara Usada	Gang Indragiri No. 715\nTernate, Maluku Utara 89752	+62 (06) 450-6960	2025-11-16	25000000.00	Product Sale
146	2026-05-21	2	Printer Epson	2500000.00	1	2500000.00	1350	Jamil Jailani	Jl. Veteran No. 359\nPagaralam, Riau 06144	+62 (0959) 007 6103	2026-05-21	2500000.00	Online Transaction
153	2025-07-29	2	Printer Epson	2500000.00	5	12500000.00	204	Atma Zulkarnain	Jl. Yos Sudarso No. 249\nSurakarta, JK 57483	+62-0999-724-1256	2025-07-29	12500000.00	Customer Purchase
155	2026-03-22	2	Printer Epson	2500000.00	5	12500000.00	1081	Lanang Wijayanti	Jalan Jakarta No. 68\nSurabaya, BA 45152	+62-0647-410-5587	2026-03-22	12500000.00	Store Sale
157	2025-07-09	2	Printer Epson	2500000.00	4	10000000.00	164	Bagiya Megantara	Jl. Waringin No. 8\nSurabaya, Kalimantan Utara 37295	+62-306-164-5342	2025-07-09	10000000.00	Customer Purchase
159	2025-12-03	2	Printer Epson	2500000.00	7	17500000.00	74	Raina Pertiwi, M.M.	Gang Tubagus Ismail No. 86\nBima, SS 80257	+62-060-932-8291	2025-12-03	17500000.00	Store Sale
161	2025-10-17	2	Printer Epson	2500000.00	9	22500000.00	1956	T. Tasdik Ardianto, S.E.I	Gang Dipatiukur No. 7\nPagaralam, Kalimantan Tengah 28629	+62-093-116-6724	2025-10-17	22500000.00	Customer Purchase
165	2026-03-30	2	Printer Epson	2500000.00	5	12500000.00	701	drg. Ikhsan Hidayat, S.H.	Jalan Ciumbuleuit No. 71\nSawahlunto, LA 59226	+62-000-824-3956	2026-03-30	12500000.00	Online Transaction
167	2025-11-09	2	Printer Epson	2500000.00	5	12500000.00	680	Tgk. Azalea Saragih	Jl. Rajiman No. 516\nTegal, SN 50533	+62 (085) 265 3129	2025-11-09	12500000.00	Store Sale
169	2026-06-26	2	Printer Epson	2500000.00	7	17500000.00	1466	Estiono Santoso	Gang Raya Setiabudhi No. 670\nMojokerto, JK 03511	+62 (0701) 708-4570	2026-06-26	17500000.00	Product Sale
170	2026-04-30	2	Printer Epson	2500000.00	5	12500000.00	911	Heryanto Nasyidah	Jalan Ahmad Dahlan No. 8\nSerang, NB 17362	+62 (010) 481-5982	2026-04-30	12500000.00	Online Transaction
171	2025-09-04	2	Printer Epson	2500000.00	9	22500000.00	1578	Dt. Dimaz Sihombing	Gang Lembong No. 1\nBontang, Kalimantan Tengah 26548	+62-584-025-3770	2025-09-04	22500000.00	Customer Purchase
176	2025-10-25	2	Printer Epson	2500000.00	8	20000000.00	1105	Paulin Susanti	Jalan K.H. Wahid Hasyim No. 7\nTernate, BT 78667	+62 (67) 882 9594	2025-10-25	20000000.00	Online Transaction
182	2025-12-02	2	Printer Epson	2500000.00	2	5000000.00	1651	Olga Laksita	Jalan Kapten Muslihat No. 27\nTanjungpinang, Banten 36498	+62 (090) 289-1266	2025-12-02	5000000.00	Store Sale
189	2026-06-15	2	Printer Epson	2500000.00	10	25000000.00	972	Yuni Januar	Jalan Setiabudhi No. 4\nPangkalpinang, KI 86811	+62 (310) 768-6129	2026-06-15	25000000.00	Store Sale
190	2026-04-02	2	Printer Epson	2500000.00	9	22500000.00	718	Dian Tarihoran, M.Kom.	Gg. Dr. Djunjunan No. 558\nPasuruan, Sumatera Barat 76778	+62-0158-052-9500	2026-04-02	22500000.00	Store Sale
192	2026-04-10	2	Printer Epson	2500000.00	3	7500000.00	428	Ir. Caturangga Firmansyah	Jl. Ahmad Dahlan No. 97\nPasuruan, JI 05568	(0954) 572 6410	2026-04-10	7500000.00	Customer Purchase
200	2026-01-22	2	Printer Epson	2500000.00	8	20000000.00	1950	Yance Purnawati, M.Farm	Jl. Sentot Alibasa No. 2\nPekalongan, SU 01856	+62 (58) 553 2169	2026-01-22	20000000.00	Online Transaction
203	2025-07-23	2	Printer Epson	2500000.00	7	17500000.00	842	Nadia Putra, M.TI.	Jl. Rajiman No. 44\nBanjarbaru, SG 40650	0840649824	2025-07-23	17500000.00	Customer Purchase
210	2026-02-21	2	Printer Epson	2500000.00	4	10000000.00	1329	Vivi Sihombing	Jl. Kapten Muslihat No. 8\nSingkawang, Sumatera Utara 37383	+62 (0869) 190 0279	2026-02-21	10000000.00	Product Sale
221	2025-11-26	2	Printer Epson	2500000.00	3	7500000.00	176	Darmanto Yuniar	Jalan H.J Maemunah No. 731\nBandar Lampung, DKI Jakarta 72126	+62-902-744-7919	2025-11-26	7500000.00	Online Transaction
226	2025-11-04	2	Printer Epson	2500000.00	8	20000000.00	368	Sutan Gamblang Purnawati	Jl. Jend. Sudirman No. 94\nMadiun, SR 06048	+62 (0159) 622 4019	2025-11-04	20000000.00	Store Sale
231	2026-05-31	2	Printer Epson	2500000.00	6	15000000.00	1418	Jayadi Uyainah	Jalan Tebet Barat Dalam No. 13\nAmbon, Sulawesi Tengah 48303	+62 (069) 434-7466	2026-05-31	15000000.00	Product Sale
234	2026-01-09	2	Printer Epson	2500000.00	4	10000000.00	875	Maida Wibisono	Jalan Monginsidi No. 95\nSibolga, Maluku Utara 54277	080 339 5141	2026-01-09	10000000.00	Customer Purchase
238	2026-04-26	2	Printer Epson	2500000.00	1	2500000.00	1983	Restu Tamba	Gg. Raya Ujungberung No. 6\nDenpasar, MA 60452	+62 (75) 828 1593	2026-04-26	2500000.00	Online Transaction
243	2025-11-11	2	Printer Epson	2500000.00	4	10000000.00	865	Prayoga Hakim	Jl. Erlangga No. 90\nKota Administrasi Jakarta Barat, KU 51664	+62 (71) 110-5978	2025-11-11	10000000.00	Product Sale
246	2025-07-11	2	Printer Epson	2500000.00	1	2500000.00	1509	Balamantri Wibisono	NULL	+62-019-972-4019	2025-07-11	2500000.00	Online Transaction
250	2025-07-10	2	Printer Epson	2500000.00	2	5000000.00	325	Panji Nasyidah, S.Pd	Gang Waringin No. 673\nSerang, KR 33743	+62 (0146) 751 0226	2025-07-10	5000000.00	Online Transaction
255	2025-12-30	2	Printer Epson	2500000.00	9	22500000.00	327	Lanjar Siregar	Jalan Bangka Raya No. 334\nKupang, Aceh 25470	(0459) 439 1874	2025-12-30	22500000.00	Online Transaction
257	2025-09-21	2	Printer Epson	2500000.00	9	22500000.00	698	Drs. Sabri Maryati, S.T.	Gang Gegerkalong Hilir No. 6\nPadang, JK 72303	+62-084-664-2148	2025-09-21	22500000.00	Product Sale
262	2026-06-06	2	Printer Epson	2500000.00	1	2500000.00	1453	Carla Damanik	Gang Kebonjati No. 58\nMojokerto, ST 45231	+62-18-632-1968	2026-06-06	2500000.00	Product Sale
269	2025-07-18	2	Printer Epson	2500000.00	10	25000000.00	1137	Zulfa Habibi	Gg. Setiabudhi No. 85\nBatam, Sulawesi Tengah 06592	+62 (496) 557 7819	2025-07-18	25000000.00	Store Sale
270	2025-12-05	2	Printer Epson	2500000.00	3	7500000.00	619	Rusman Waluyo	Jl. Pacuan Kuda No. 53\nCimahi, Jawa Timur 89463	+62 (0429) 784-1069	2025-12-05	7500000.00	Online Transaction
271	2026-01-21	2	Printer Epson	2500000.00	8	20000000.00	1200	Tiara Firmansyah	Jl. Jend. A. Yani No. 4\nBanjarmasin, SB 94905	+62 (959) 080 3623	2026-01-21	20000000.00	Product Sale
273	2025-07-09	2	Printer Epson	2500000.00	8	20000000.00	735	Tgk. Yuliana Handayani, S.Kom	Gang Astana Anyar No. 5\nCirebon, Bengkulu 96261	+62 (356) 533 7340	2025-07-09	20000000.00	Store Sale
275	2026-05-26	2	Printer Epson	2500000.00	7	17500000.00	1891	Cut Paulin Nababan, S.Kom	Jalan Gegerkalong Hilir No. 3\nManado, Nusa Tenggara Barat 70641	+62 (77) 322-6461	2026-05-26	17500000.00	Online Transaction
276	2026-04-05	2	Printer Epson	2500000.00	7	17500000.00	1884	Maria Tarihoran	Gang Rawamangun No. 8\nBinjai, Kalimantan Selatan 78514	+62 (047) 216 2335	2026-04-05	17500000.00	Store Sale
281	2025-07-15	2	Printer Epson	2500000.00	9	22500000.00	1763	Patricia Tampubolon	Gg. Medokan Ayu No. 34\nPangkalpinang, SN 29231	(006) 783 7630	2025-07-15	22500000.00	Store Sale
283	2025-12-14	2	Printer Epson	2500000.00	5	12500000.00	327	Lanjar Siregar	Jalan Bangka Raya No. 334\nKupang, Aceh 25470	(0459) 439 1874	2025-12-14	12500000.00	Online Transaction
289	2026-06-09	2	Printer Epson	2500000.00	6	15000000.00	1836	Dr. Cindy Damanik	Gg. Rajawali Timur No. 86\nSibolga, BT 48755	+62 (001) 103-6096	2026-06-09	15000000.00	Product Sale
290	2025-07-18	2	Printer Epson	2500000.00	9	22500000.00	406	Oskar Sitorus	Jalan Kiaracondong No. 044\nPalembang, Sulawesi Utara 12147	(0095) 533-7204	2025-07-18	22500000.00	Store Sale
297	2025-12-29	2	Printer Epson	2500000.00	5	12500000.00	4	Uchita Anggriawan	Gg. Sadang Serang No. 860\nSurabaya, JI 41619	+62 (63) 895-0317	2025-12-29	12500000.00	Store Sale
310	2025-12-23	2	Printer Epson	2500000.00	1	2500000.00	995	Yunita Nashiruddin	Jl. Gegerkalong Hilir No. 133\nBanjarmasin, Jawa Barat 19986	(092) 928 6539	2025-12-23	2500000.00	Store Sale
317	2025-08-12	2	Printer Epson	2500000.00	4	10000000.00	4	Uchita Anggriawan	Gg. Sadang Serang No. 860\nSurabaya, JI 41619	+62 (63) 895-0317	2025-08-12	10000000.00	Store Sale
322	2026-05-06	2	Printer Epson	2500000.00	7	17500000.00	1681	Adinata Nainggolan, M.Farm	Gang Gegerkalong Hilir No. 60\nTegal, Riau 60681	088 187 4304	2026-05-06	17500000.00	Store Sale
337	2025-09-12	2	Printer Epson	2500000.00	7	17500000.00	390	Icha Irawan	Jl. Ronggowarsito No. 6\nSibolga, Kalimantan Tengah 17563	084 295 7851	2025-09-12	17500000.00	Customer Purchase
344	2025-11-25	2	Printer Epson	2500000.00	9	22500000.00	620	Natalia Andriani	Gg. Cikutra Barat No. 868\nSawahlunto, KU 78966	+62-0595-541-8433	2025-11-25	22500000.00	Online Transaction
345	2026-01-06	2	Printer Epson	2500000.00	2	5000000.00	1792	Tami Handayani, S.Pt	Jl. Rumah Sakit No. 9\nPalu, JT 65913	+62 (117) 796 3152	2026-01-06	5000000.00	Product Sale
357	2025-11-27	2	Printer Epson	2500000.00	7	17500000.00	17	Galih Zulkarnain, S.Sos	Jalan Bangka Raya No. 907\nSorong, AC 24262	+62 (0595) 605-3970	2025-11-27	17500000.00	Store Sale
365	2026-06-06	2	Printer Epson	2500000.00	7	17500000.00	1645	Kasiyah Pudjiastuti	Jl. Sukabumi No. 4\nPadang, SS 53462	+62 (0622) 010-9216	2026-06-06	17500000.00	Store Sale
366	2026-04-27	2	Printer Epson	2500000.00	6	15000000.00	527	Drs. Gandewa Wacana	Jalan Kutisari Selatan No. 13\nBandung, Nusa Tenggara Timur 86334	+62 (479) 889-9957	2026-04-27	15000000.00	Customer Purchase
368	2025-08-03	2	Printer Epson	2500000.00	7	17500000.00	541	Nurul Astuti	Gg. Laswi No. 314\nDenpasar, SR 37661	+62 (77) 589-9159	2025-08-03	17500000.00	Product Sale
380	2025-11-24	2	Printer Epson	2500000.00	6	15000000.00	1876	Aslijan Purnawati	Gang Jend. Sudirman No. 122\nBanjarmasin, Maluku Utara 29511	+62 (015) 868-2563	2025-11-24	15000000.00	Store Sale
385	2026-06-14	2	Printer Epson	2500000.00	8	20000000.00	26	Jail Situmorang	Jalan Rungkut Industri No. 18\nBandar Lampung, Gorontalo 58723	+62 (0602) 126 3136	2026-06-14	20000000.00	Product Sale
391	2025-09-22	2	Printer Epson	2500000.00	1	2500000.00	855	Hilda Usada	Gang Rajiman No. 5\nPadangpanjang, Kepulauan Bangka Belitung 60665	+62 (0241) 093-8634	2025-09-22	2500000.00	Product Sale
400	2025-08-18	2	Printer Epson	2500000.00	2	5000000.00	1774	Enteng Hasanah, S.H.	Gang Gardujati No. 0\nKota Administrasi Jakarta Utara, Maluku Utara 30804	0857096614	2025-08-18	5000000.00	Online Transaction
403	2026-03-07	2	Printer Epson	2500000.00	2	5000000.00	743	Jasmin Pradana	Jalan S. Parman No. 38\nKupang, JI 40890	(0553) 138-9361	2026-03-07	5000000.00	Online Transaction
405	2025-09-25	2	Printer Epson	2500000.00	5	12500000.00	302	Bagya Tarihoran	Gg. Rungkut Industri No. 09\nBanjar, BE 39599	+62 (0399) 619-2520	2025-09-25	12500000.00	Store Sale
415	2025-08-02	2	Printer Epson	2500000.00	4	10000000.00	96	Citra Mardhiyah	Gg. Jayawijaya No. 46\nKediri, JB 64840	(0312) 397 0262	2025-08-02	10000000.00	Customer Purchase
421	2025-08-20	2	Printer Epson	2500000.00	4	10000000.00	1873	Drs. Ihsan Aryani, S.Pt	Gg. Antapani Lama No. 113\nMagelang, Bali 77927	+62 (0607) 781-4697	2025-08-20	10000000.00	Customer Purchase
422	2025-08-31	2	Printer Epson	2500000.00	9	22500000.00	1577	Zamira Mulyani, M.Ak	Jl. Cempaka No. 0\nProbolinggo, Sulawesi Tenggara 06036	(0355) 124-8986	2025-08-31	22500000.00	Product Sale
427	2025-11-15	2	Printer Epson	2500000.00	8	20000000.00	1185	Embuh Prasetyo	Jalan Yos Sudarso No. 53\nKota Administrasi Jakarta Pusat, SS 01072	+62 (83) 495 1954	2025-11-15	20000000.00	Customer Purchase
430	2026-03-15	2	Printer Epson	2500000.00	5	12500000.00	548	Tgk. Najam Simbolon	Jalan Sukajadi No. 647\nTarakan, AC 72530	(0555) 963 2042	2026-03-15	12500000.00	Product Sale
433	2025-12-05	2	Printer Epson	2500000.00	4	10000000.00	337	Eli Nugroho	Gg. Medokan Ayu No. 9\nSawahlunto, Riau 77405	+62 (851) 823-4694	2025-12-05	10000000.00	Product Sale
435	2026-02-14	2	Printer Epson	2500000.00	7	17500000.00	768	Purwadi Putra	Jl. Sentot Alibasa No. 46\nMagelang, JB 16921	+62 (098) 200 1229	2026-02-14	17500000.00	Product Sale
445	2026-01-23	2	Printer Epson	2500000.00	5	12500000.00	379	Paulin Prasetya	Jalan HOS. Cokroaminoto No. 7\nSalatiga, Kepulauan Riau 23966	+62-543-427-1903	2026-01-23	12500000.00	Store Sale
447	2026-02-14	2	Printer Epson	2500000.00	7	17500000.00	1106	Dr. Adiarja Maryadi	Gg. Kebonjati No. 7\nCilegon, JT 42338	084 092 9411	2026-02-14	17500000.00	Online Transaction
448	2026-03-21	2	Printer Epson	2500000.00	9	22500000.00	806	Ifa Yulianti	Gang Pacuan Kuda No. 653\nPadangpanjang, MU 88462	+62-037-104-8039	2026-03-21	22500000.00	Product Sale
460	2025-11-01	2	Printer Epson	2500000.00	8	20000000.00	546	Fitria Maheswara	Jalan Otto Iskandardinata No. 3\nKota Administrasi Jakarta Selatan, LA 91864	+62 (062) 330-9690	2025-11-01	20000000.00	Customer Purchase
474	2026-03-04	2	Printer Epson	2500000.00	7	17500000.00	1450	Keisha Hakim	Jl. Ronggowarsito No. 690\nKendari, JK 98415	0801051621	2026-03-04	17500000.00	Product Sale
491	2025-09-22	2	Printer Epson	2500000.00	10	25000000.00	1005	Okto Puspita	Jalan Cihampelas No. 402\nMalang, Nusa Tenggara Barat 65000	(0162) 053 8179	2025-09-22	25000000.00	Customer Purchase
497	2026-02-04	2	Printer Epson	2500000.00	6	15000000.00	1366	Cecep Dabukke	Gang M.T Haryono No. 18\nLhokseumawe, BB 95511	(0036) 887-4029	2026-02-04	15000000.00	Store Sale
516	2025-09-16	2	Printer Epson	2500000.00	6	15000000.00	1005	Okto Puspita	Jalan Cihampelas No. 402\nMalang, Nusa Tenggara Barat 65000	(0162) 053 8179	2025-09-16	15000000.00	Product Sale
524	2025-07-23	2	Printer Epson	2500000.00	4	10000000.00	1882	Sutan Marwata Pangestu	Gg. Cikutra Barat No. 720\nTangerang, RI 05277	+62 (0757) 525 5112	2025-07-23	10000000.00	Online Transaction
526	2025-11-29	2	Printer Epson	2500000.00	7	17500000.00	1754	Alika Habibi	Jl. Tubagus Ismail No. 1\nCilegon, Papua Barat 60696	(0789) 133 4660	2025-11-29	17500000.00	Product Sale
527	2025-10-03	2	Printer Epson	2500000.00	3	7500000.00	1521	KH. Darsirah Uyainah, S.Farm	Gg. Rajiman No. 56\nYogyakarta, KI 82063	+62 (425) 922-5954	2025-10-03	7500000.00	Customer Purchase
530	2026-06-15	2	Printer Epson	2500000.00	2	5000000.00	1384	Iriana Nashiruddin	Gang Gedebage Selatan No. 10\nKota Administrasi Jakarta Utara, JK 17426	+62 (0153) 655 0257	2026-06-15	5000000.00	Online Transaction
536	2025-11-23	2	Printer Epson	2500000.00	4	10000000.00	1700	Dr. Violet Wijayanti	Gang W.R. Supratman No. 99\nSurakarta, Bengkulu 67666	+62-071-923-0802	2025-11-23	10000000.00	Online Transaction
544	2025-11-07	2	Printer Epson	2500000.00	6	15000000.00	258	Olga Ardianto	Jl. Soekarno Hatta No. 8\nDenpasar, BB 56231	(060) 675-5496	2025-11-07	15000000.00	Online Transaction
556	2026-02-08	2	Printer Epson	2500000.00	4	10000000.00	519	Nadine Prasasta	Jalan Setiabudhi No. 58\nTangerang Selatan, KR 67249	(078) 206 5662	2026-02-08	10000000.00	Customer Purchase
568	2026-04-13	2	Printer Epson	2500000.00	5	12500000.00	900	Daryani Pertiwi	Gang PHH. Mustofa No. 42\nPagaralam, NB 49272	(0014) 593-4034	2026-04-13	12500000.00	Store Sale
573	2025-09-27	2	Printer Epson	2500000.00	1	2500000.00	1491	Liman Kusmawati	Jalan Dr. Djunjunan No. 0\nYogyakarta, KI 43005	+62 (0220) 025-1301	2025-09-27	2500000.00	Customer Purchase
579	2026-04-28	2	Printer Epson	2500000.00	6	15000000.00	123	R. Hamima Zulkarnain, S.Farm	Gang Rajawali Timur No. 77\nSerang, YO 63607	(0895) 673 6626	2026-04-28	15000000.00	Product Sale
581	2026-02-07	2	Printer Epson	2500000.00	2	5000000.00	1740	Tgk. Legawa Damanik, M.Ak	Gang Cihampelas No. 835\nKota Administrasi Jakarta Selatan, Lampung 04267	(0575) 803 5858	2026-02-07	5000000.00	Online Transaction
583	2025-09-18	2	Printer Epson	2500000.00	3	7500000.00	434	Karimah Prastuti	Jl. KH Amin Jasuta No. 47\nCilegon, KS 97374	(0104) 489-0566	2025-09-18	7500000.00	Customer Purchase
588	2026-04-01	2	Printer Epson	2500000.00	9	22500000.00	1185	Embuh Prasetyo	Jalan Yos Sudarso No. 53\nKota Administrasi Jakarta Pusat, SS 01072	+62 (83) 495 1954	2026-04-01	22500000.00	Customer Purchase
591	2026-02-28	2	Printer Epson	2500000.00	5	12500000.00	1791	Ayu Yuliarti	Jl. Ronggowarsito No. 338\nMedan, Nusa Tenggara Timur 58649	+62-0650-318-5459	2026-02-28	12500000.00	Online Transaction
601	2026-02-21	2	Printer Epson	2500000.00	1	2500000.00	1705	Jail Nasyiah, S.IP	Gg. Monginsidi No. 46\nCirebon, YO 22071	+62 (0010) 863-9985	2026-02-21	2500000.00	Customer Purchase
606	2025-08-05	2	Printer Epson	2500000.00	7	17500000.00	1919	Paris Wasita	Jalan Laswi No. 518\nYogyakarta, MA 95043	+62 (0866) 297 6602	2025-08-05	17500000.00	Customer Purchase
607	2026-04-23	2	Printer Epson	2500000.00	3	7500000.00	1162	Karman Suwarno	Gang Moch. Ramdan No. 67\nPrabumulih, BT 55916	(069) 464-6031	2026-04-23	7500000.00	Customer Purchase
611	2026-06-06	2	Printer Epson	2500000.00	8	20000000.00	975	dr. Lili Prastuti	Gang Jend. Sudirman No. 2\nKota Administrasi Jakarta Timur, PA 62515	+62-381-836-3788	2026-06-06	20000000.00	Product Sale
623	2025-10-26	2	Printer Epson	2500000.00	6	15000000.00	84	R. Prasetya Setiawan, S.Pd	Jalan Dipatiukur No. 182\nPadangpanjang, KB 97612	+62 (0315) 238 8141	2025-10-26	15000000.00	Product Sale
625	2025-09-26	2	Printer Epson	2500000.00	3	7500000.00	1172	R.M. Praba Pertiwi	Gg. Bangka Raya No. 11\nPadang Sidempuan, MU 43437	+62-496-158-8791	2025-09-26	7500000.00	Store Sale
626	2026-05-12	2	Printer Epson	2500000.00	10	25000000.00	1427	R. Amalia Hutasoit, M.M.	Jalan Gardujati No. 2\nTernate, Nusa Tenggara Barat 58505	+62 (075) 202-6773	2026-05-12	25000000.00	Store Sale
633	2026-06-05	2	Printer Epson	2500000.00	10	25000000.00	1947	Elisa Prasasta	Jalan Wonoayu No. 24\nSerang, NB 69442	+62 (514) 898 0000	2026-06-05	25000000.00	Store Sale
637	2025-07-16	2	Printer Epson	2500000.00	3	7500000.00	644	Pardi Prastuti	Gang Moch. Ramdan No. 52\nProbolinggo, PA 96133	+62 (971) 581 8057	2025-07-16	7500000.00	Product Sale
648	2025-10-25	2	Printer Epson	2500000.00	8	20000000.00	1760	Eva Pratama	Jalan Pasirkoja No. 528\nTomohon, MA 80010	+62 (086) 635 1324	2025-10-25	20000000.00	Online Transaction
652	2025-12-03	2	Printer Epson	2500000.00	8	20000000.00	1688	Zulaikha Irawan	Jl. PHH. Mustofa No. 635\nBandar Lampung, BE 38504	+62 (60) 738-2992	2025-12-03	20000000.00	Customer Purchase
654	2025-12-10	2	Printer Epson	2500000.00	9	22500000.00	1203	drg. Kanda Gunawan, M.M.	Gg. Ciwastra No. 35\nPadangpanjang, Kepulauan Bangka Belitung 31936	+62 (0304) 503-2431	2025-12-10	22500000.00	Online Transaction
658	2025-09-19	2	Printer Epson	2500000.00	4	10000000.00	1193	Drs. Shakila Firgantoro, S.Ked	Gg. Waringin No. 325\nTasikmalaya, DI Yogyakarta 36031	(0629) 362 9079	2025-09-19	10000000.00	Product Sale
667	2026-02-24	2	Printer Epson	2500000.00	8	20000000.00	755	Paiman Sinaga	Jl. Sukajadi No. 8\nKota Administrasi Jakarta Timur, Kalimantan Barat 69835	+62 (810) 609-4057	2026-02-24	20000000.00	Product Sale
679	2026-02-26	2	Printer Epson	2500000.00	7	17500000.00	1327	Lanjar Siregar	Jalan Bangka Raya No. 334\nKupang, Aceh 25470	(0459) 439 1874	2026-02-26	17500000.00	Online Transaction
682	2026-03-14	2	Printer Epson	2500000.00	5	12500000.00	914	Johan Mandala	Gg. Siliwangi No. 95\nTarakan, Kalimantan Selatan 03612	+62 (06) 486 3997	2026-03-14	12500000.00	Customer Purchase
689	2026-02-16	2	Printer Epson	2500000.00	1	2500000.00	601	Atma Prayoga, S.E.I	Gang Surapati No. 98\nKediri, BB 62329	(0101) 630-1828	2026-02-16	2500000.00	Customer Purchase
693	2025-07-08	2	Printer Epson	2500000.00	2	5000000.00	1521	KH. Darsirah Uyainah, S.Farm	Gg. Rajiman No. 56\nYogyakarta, KI 82063	+62 (425) 922-5954	2025-07-08	5000000.00	Customer Purchase
694	2025-08-20	2	Printer Epson	2500000.00	1	2500000.00	616	Hj. Rahayu Suartini	Jalan Medokan Ayu No. 7\nJambi, SS 54038	+62 (27) 246-5718	2025-08-20	2500000.00	Customer Purchase
699	2025-09-23	2	Printer Epson	2500000.00	5	12500000.00	856	Mila Saputra	Jalan Dipenogoro No. 9\nSamarinda, SB 89816	+62 (0126) 711-2638	2025-09-23	12500000.00	Customer Purchase
701	2026-01-03	2	Printer Epson	2500000.00	2	5000000.00	519	Nadine Prasasta	Jalan Setiabudhi No. 58\nTangerang Selatan, KR 67249	(078) 206 5662	2026-01-03	5000000.00	Online Transaction
702	2025-10-06	2	Printer Epson	2500000.00	9	22500000.00	358	Kacung Permadi	Gg. Sukajadi No. 803\nBitung, BT 86171	+62-0866-664-1555	2025-10-06	22500000.00	Store Sale
711	2026-01-08	2	Printer Epson	2500000.00	1	2500000.00	1990	Yulia Pradipta	Jl. Veteran No. 94\nJambi, JA 84532	(097) 027-8262	2026-01-08	2500000.00	Store Sale
712	2025-07-25	2	Printer Epson	2500000.00	8	20000000.00	441	Puji Prasetyo	Jl. Soekarno Hatta No. 443\nPekanbaru, JB 01756	+62-142-409-6983	2025-07-25	20000000.00	Product Sale
713	2026-06-08	2	Printer Epson	2500000.00	6	15000000.00	745	drg. Kamila Andriani	Gg. Bangka Raya No. 67\nJayapura, AC 73291	+62 (037) 375 3849	2026-06-08	15000000.00	Store Sale
717	2025-08-25	2	Printer Epson	2500000.00	10	25000000.00	1325	Panji Nasyidah, S.Pd	Gang Waringin No. 673\nSerang, KR 33743	+62 (0146) 751 0226	2025-08-25	25000000.00	Product Sale
718	2025-10-04	2	Printer Epson	2500000.00	6	15000000.00	904	Karya Winarsih	Gang Ahmad Dahlan No. 34\nTangerang Selatan, Sulawesi Utara 73606	+62 (051) 362-5886	2025-10-04	15000000.00	Online Transaction
727	2026-03-08	2	Printer Epson	2500000.00	2	5000000.00	1642	Puti Lili Sinaga	Jalan Gardujati No. 205\nCilegon, Sumatera Selatan 27595	(0198) 057-9024	2026-03-08	5000000.00	Store Sale
731	2025-09-02	2	Printer Epson	2500000.00	2	5000000.00	868	Dr. Kanda Oktaviani, M.Farm	Gg. Kendalsari No. 48\nBatu, KI 10339	+62 (355) 658 8769	2025-09-02	5000000.00	Store Sale
742	2025-09-27	2	Printer Epson	2500000.00	7	17500000.00	519	Nadine Prasasta	Jalan Setiabudhi No. 58\nTangerang Selatan, KR 67249	(078) 206 5662	2025-09-27	17500000.00	Store Sale
745	2026-03-21	2	Printer Epson	2500000.00	10	25000000.00	207	Edi Budiyanto, S.Ked	Jl. K.H. Wahid Hasyim No. 423\nTernate, JK 36066	(015) 459 0448	2026-03-21	25000000.00	Online Transaction
746	2026-04-02	2	Printer Epson	2500000.00	6	15000000.00	668	drg. Iriana Damanik, M.Pd	Jl. Rumah Sakit No. 5\nBengkulu, JK 63765	+62-088-811-6326	2026-04-02	15000000.00	Store Sale
752	2026-04-07	2	Printer Epson	2500000.00	2	5000000.00	1148	Artanto Sitorus	Gang Jend. Sudirman No. 61\nSorong, Sulawesi Tenggara 12613	+62 (81) 405-2758	2026-04-07	5000000.00	Online Transaction
766	2026-04-19	2	Printer Epson	2500000.00	4	10000000.00	1574	Sakura Nasyiah	Jl. Ciwastra No. 962\nMadiun, RI 36436	+62 (967) 323 6487	2026-04-19	10000000.00	Product Sale
769	2025-08-21	2	Printer Epson	2500000.00	5	12500000.00	1416	Tgk. Zelda Sitorus, S.I.Kom	Gg. Cikutra Timur No. 191\nSurabaya, RI 14560	+62-0245-571-7206	2025-08-21	12500000.00	Online Transaction
778	2026-01-19	2	Printer Epson	2500000.00	6	15000000.00	1087	Dalima Yuliarti	Gg. R.E Martadinata No. 5\nTegal, Sulawesi Tenggara 61896	+62 (0619) 615-4492	2026-01-19	15000000.00	Customer Purchase
780	2025-11-13	2	Printer Epson	2500000.00	8	20000000.00	1272	Cager Haryanti	Gang Ciwastra No. 5\nSibolga, NT 68454	+62 (024) 893-3107	2025-11-13	20000000.00	Customer Purchase
781	2025-10-03	2	Printer Epson	2500000.00	10	25000000.00	384	Iriana Nashiruddin	Gang Gedebage Selatan No. 10\nKota Administrasi Jakarta Utara, JK 17426	+62 (0153) 655 0257	2025-10-03	25000000.00	Product Sale
784	2025-10-19	2	Printer Epson	2500000.00	7	17500000.00	1517	Emil Riyanti	Gg. S. Parman No. 3\nTarakan, ST 03945	+62 (460) 118 8949	2025-10-19	17500000.00	Store Sale
795	2025-12-14	2	Printer Epson	2500000.00	6	15000000.00	1161	Mahfud Tamba, M.TI.	Jl. Sadang Serang No. 2\nPrabumulih, MU 77421	0825493694	2025-12-14	15000000.00	Online Transaction
801	2026-04-12	2	Printer Epson	2500000.00	3	7500000.00	1026	Jail Situmorang	Jalan Rungkut Industri No. 18\nBandar Lampung, Gorontalo 58723	+62 (0602) 126 3136	2026-04-12	7500000.00	Online Transaction
804	2026-03-12	2	Printer Epson	2500000.00	10	25000000.00	676	Vicky Sudiati	Jl. Jayawijaya No. 8\nBekasi, Bali 12630	(023) 152-1312	2026-03-12	25000000.00	Online Transaction
809	2026-04-25	2	Printer Epson	2500000.00	9	22500000.00	1793	Ajiman Sitorus	Gang Moch. Toha No. 240\nDenpasar, BA 12088	+62-041-149-4811	2026-04-25	22500000.00	Product Sale
810	2025-07-26	2	Printer Epson	2500000.00	4	10000000.00	192	Mursita Waluyo	Jalan Sadang Serang No. 9\nJayapura, Bali 31883	+62 (0651) 756 8969	2025-07-26	10000000.00	Customer Purchase
814	2025-11-05	2	Printer Epson	2500000.00	7	17500000.00	935	Tgk. Maida Pranowo	Jalan Abdul Muis No. 4\nPariaman, Jawa Timur 85760	+62 (093) 356 1295	2025-11-05	17500000.00	Product Sale
816	2026-02-19	2	Printer Epson	2500000.00	3	7500000.00	1807	KH. Maryanto Suryono, M.Pd	Gang Astana Anyar No. 47\nDepok, BE 68634	(0216) 168-9688	2026-02-19	7500000.00	Product Sale
821	2026-01-09	2	Printer Epson	2500000.00	2	5000000.00	785	Diana Manullang	Gang Indragiri No. 34\nTual, SU 96968	+62 (021) 583 4907	2026-01-09	5000000.00	Customer Purchase
822	2025-11-15	2	Printer Epson	2500000.00	1	2500000.00	642	Puti Lili Sinaga	Jalan Gardujati No. 205\nCilegon, Sumatera Selatan 27595	(0198) 057-9024	2025-11-15	2500000.00	Product Sale
825	2026-01-31	2	Printer Epson	2500000.00	5	12500000.00	1106	Dr. Adiarja Maryadi	Gg. Kebonjati No. 7\nCilegon, JT 42338	084 092 9411	2026-01-31	12500000.00	Product Sale
828	2025-09-15	2	Printer Epson	2500000.00	1	2500000.00	1488	Gilda Hariyah	Jalan KH Amin Jasuta No. 0\nLubuklinggau, SN 59867	+62 (0450) 260 4319	2025-09-15	2500000.00	Online Transaction
830	2026-03-08	2	Printer Epson	2500000.00	6	15000000.00	1677	Tgk. Respati Suartini, S.Ked	Jl. Ronggowarsito No. 201\nDumai, JB 39178	+62-675-693-1425	2026-03-08	15000000.00	Store Sale
836	2026-03-23	2	Printer Epson	2500000.00	5	12500000.00	838	Gandi Nasyiah	Jl. Sukabumi No. 59\nSamarinda, JT 81092	+62 (873) 869-4493	2026-03-23	12500000.00	Store Sale
839	2025-08-10	2	Printer Epson	2500000.00	6	15000000.00	989	Ilyas Rajasa	Gang Dipenogoro No. 202\nPalopo, MU 70730	+62 (012) 474 8917	2025-08-10	15000000.00	Online Transaction
845	2026-04-09	2	Printer Epson	2500000.00	5	12500000.00	1999	Candra Hidayat, S.Sos	Jalan Monginsidi No. 0\nSolok, DI Yogyakarta 89072	(0481) 889 2972	2026-04-09	12500000.00	Store Sale
847	2025-08-10	2	Printer Epson	2500000.00	6	15000000.00	1295	Yani Uyainah	Jl. Otto Iskandardinata No. 6\nSukabumi, MU 07003	(0720) 956 3753	2025-08-10	15000000.00	Customer Purchase
853	2026-02-28	2	Printer Epson	2500000.00	6	15000000.00	102	Dimas Laksmiwati	NULL	+62 (54) 049-3694	2026-02-28	15000000.00	Online Transaction
856	2025-08-07	2	Printer Epson	2500000.00	3	7500000.00	1015	Bakti Susanti	Jl. Pasir Koja No. 0\nBukittinggi, JB 32994	084 036 6967	2025-08-07	7500000.00	Customer Purchase
860	2025-11-14	2	Printer Epson	2500000.00	7	17500000.00	1405	Akarsana Irawan	Jalan Suryakencana No. 9\nTasikmalaya, AC 78612	(056) 814 1459	2025-11-14	17500000.00	Store Sale
866	2026-02-05	2	Printer Epson	2500000.00	3	7500000.00	1380	R.A. Yuni Prasetya, S.Ked	Jalan Dr. Djunjunan No. 11\nPagaralam, SG 55871	+62 (90) 551 1888	2026-02-05	7500000.00	Store Sale
867	2025-07-26	2	Printer Epson	2500000.00	4	10000000.00	335	Ani Halim	Jalan Raya Setiabudhi No. 6\nTernate, RI 23229	(0947) 686 1743	2025-07-26	10000000.00	Customer Purchase
869	2026-02-25	2	Printer Epson	2500000.00	10	25000000.00	1159	Padmi Hidayanto, S.E.I	Gg. Gardujati No. 7\nSurabaya, Papua 07091	(075) 303-2352	2026-02-25	25000000.00	Online Transaction
874	2025-08-02	2	Printer Epson	2500000.00	8	20000000.00	1241	Jelita Dongoran	Gang Jayawijaya No. 4\nDumai, PB 21565	+62-808-651-4949	2025-08-02	20000000.00	Store Sale
886	2026-07-06	2	Printer Epson	2500000.00	2	5000000.00	1675	Gina Nugroho	Gang Joyoboyo No. 35\nBatu, BB 31999	(0545) 344-4271	2026-07-06	5000000.00	Store Sale
897	2026-01-07	2	Printer Epson	2500000.00	3	7500000.00	1166	Jarwa Padmasari	Gang Rajawali Barat No. 2\nPekalongan, Nusa Tenggara Barat 76315	0856982890	2026-01-07	7500000.00	Store Sale
903	2025-09-18	2	Printer Epson	2500000.00	4	10000000.00	909	Embuh Pradipta	Gg. Tebet Barat Dalam No. 731\nTangerang Selatan, RI 08764	+62 (897) 590 5010	2025-09-18	10000000.00	Customer Purchase
906	2026-05-11	2	Printer Epson	2500000.00	2	5000000.00	1616	Hj. Rahayu Suartini	Jalan Medokan Ayu No. 7\nJambi, SS 54038	+62 (27) 246-5718	2026-05-11	5000000.00	Customer Purchase
909	2026-02-17	2	Printer Epson	2500000.00	7	17500000.00	81	Lanang Wijayanti	Jalan Jakarta No. 68\nSurabaya, BA 45152	+62-0647-410-5587	2026-02-17	17500000.00	Customer Purchase
913	2026-07-08	2	Printer Epson	2500000.00	7	17500000.00	507	Martaka Wastuti	Gg. Yos Sudarso No. 5\nLubuklinggau, DKI Jakarta 10861	+62 (454) 326 4187	2026-07-08	17500000.00	Store Sale
919	2025-07-30	2	Printer Epson	2500000.00	10	25000000.00	346	Kiandra Salahudin	Jalan KH Amin Jasuta No. 1\nTernate, NB 71316	+62-72-060-7251	2025-07-30	25000000.00	Product Sale
921	2026-01-29	2	Printer Epson	2500000.00	4	10000000.00	566	Ulya Suwarno	Gang Gegerkalong Hilir No. 093\nPalu, Kepulauan Bangka Belitung 71219	+62 (086) 927-3358	2026-01-29	10000000.00	Store Sale
922	2026-02-21	2	Printer Epson	2500000.00	7	17500000.00	165	R. Usman Saragih	Jl. Jakarta No. 1\nTomohon, Banten 05292	+62-067-917-9531	2026-02-21	17500000.00	Product Sale
923	2026-07-07	2	Printer Epson	2500000.00	6	15000000.00	584	Imam Usamah	Jalan Jamika No. 43\nKotamobagu, GO 12310	+62 (089) 893-1109	2026-07-07	15000000.00	Product Sale
927	2026-04-14	2	Printer Epson	2500000.00	6	15000000.00	1064	Sakura Sihotang, S.Sos	Gang HOS. Cokroaminoto No. 13\nPagaralam, Papua 33749	+62-41-718-6141	2026-04-14	15000000.00	Store Sale
932	2025-09-26	2	Printer Epson	2500000.00	5	12500000.00	1633	Talia Firgantoro	Jl. Raya Setiabudhi No. 276\nMeulaboh, Jawa Timur 80706	+62-34-327-3546	2025-09-26	12500000.00	Customer Purchase
936	2026-03-01	2	Printer Epson	2500000.00	9	22500000.00	974	R. Yosef Prasetya	Gang Cempaka No. 149\nPalopo, SB 87888	+62 (0635) 686-2408	2026-03-01	22500000.00	Store Sale
938	2025-07-16	2	Printer Epson	2500000.00	6	15000000.00	1698	Drs. Sabri Maryati, S.T.	Gang Gegerkalong Hilir No. 6\nPadang, JK 72303	+62-084-664-2148	2025-07-16	15000000.00	Store Sale
939	2025-10-14	2	Printer Epson	2500000.00	1	2500000.00	916	Tgk. Alika Sitompul, S.Sos	NULL	+62-919-451-1085	2025-10-14	2500000.00	Product Sale
945	2026-01-08	2	Printer Epson	2500000.00	2	5000000.00	1853	Nugraha Anggriawan	Gang Gardujati No. 9\nBitung, Maluku Utara 33476	+62 (385) 216 6931	2026-01-08	5000000.00	Store Sale
947	2026-05-30	2	Printer Epson	2500000.00	4	10000000.00	663	Hafshah Sitompul, S.E.	Gg. Kebonjati No. 935\nPangkalpinang, Kalimantan Timur 06073	+62 (021) 433 1812	2026-05-30	10000000.00	Online Transaction
951	2025-07-31	2	Printer Epson	2500000.00	1	2500000.00	793	Ajiman Sitorus	Gang Moch. Toha No. 240\nDenpasar, BA 12088	+62-041-149-4811	2025-07-31	2500000.00	Online Transaction
952	2025-08-04	2	Printer Epson	2500000.00	4	10000000.00	442	Cemani Marpaung	Gang Tebet Barat Dalam No. 73\nKotamobagu, Papua Barat 42346	+62 (070) 249 4382	2025-08-04	10000000.00	Store Sale
956	2025-11-01	2	Printer Epson	2500000.00	10	25000000.00	895	Ana Kuswoyo	Jl. Asia Afrika No. 251\nMetro, KU 03705	+62 (264) 301 1980	2025-11-01	25000000.00	Product Sale
958	2026-06-06	2	Printer Epson	2500000.00	9	22500000.00	1839	Iriana Wijayanti	Gang Gegerkalong Hilir No. 33\nBalikpapan, DI Yogyakarta 02460	+62 (0801) 919 2499	2026-06-06	22500000.00	Customer Purchase
964	2026-01-13	2	Printer Epson	2500000.00	8	20000000.00	992	Cut Gawati Nasyiah	Gang Surapati No. 575\nMetro, SR 44874	+62-058-138-1762	2026-01-13	20000000.00	Customer Purchase
966	2026-07-08	2	Printer Epson	2500000.00	7	17500000.00	1866	Ir. Cinta Tamba	Gang Sukajadi No. 50\nBengkulu, Gorontalo 90647	+62-03-799-5362	2026-07-08	17500000.00	Online Transaction
967	2026-01-03	2	Printer Epson	2500000.00	4	10000000.00	1572	Gilang Hariyah	Gang Suniaraja No. 7\nPagaralam, Jawa Tengah 00599	(0372) 778 3426	2026-01-03	10000000.00	Customer Purchase
973	2025-10-15	2	Printer Epson	2500000.00	2	5000000.00	143	Tgk. Mahdi Natsir, S.Gz	Jalan H.J Maemunah No. 67\nBatu, SU 34279	(055) 341-7303	2025-10-15	5000000.00	Online Transaction
974	2026-02-04	2	Printer Epson	2500000.00	2	5000000.00	1474	Bahuwirya Yolanda	Gg. Asia Afrika No. 2\nJayapura, Bali 46698	(017) 602 2790	2026-02-04	5000000.00	Customer Purchase
987	2026-01-11	2	Printer Epson	2500000.00	7	17500000.00	1425	R. Unjani Siregar	Gg. Setiabudhi No. 631\nPurwokerto, Papua Barat 25422	0854449235	2026-01-11	17500000.00	Store Sale
991	2025-09-20	2	Printer Epson	2500000.00	10	25000000.00	330	Tgk. Purwa Widiastuti	Jl. Rajiman No. 443\nCilegon, Jambi 99533	(030) 098-0850	2025-09-20	25000000.00	Customer Purchase
995	2025-07-14	2	Printer Epson	2500000.00	1	2500000.00	1816	Hari Winarno	NULL	(0251) 624-3675	2025-07-14	2500000.00	Customer Purchase
996	2026-02-19	2	Printer Epson	2500000.00	2	5000000.00	464	Niyaga Mayasari	Gang Asia Afrika No. 9\nBinjai, Riau 90977	(073) 997 1771	2026-02-19	5000000.00	Product Sale
1004	2025-08-25	2	Printer Epson	2500000.00	7	17500000.00	1723	dr. Yuni Handayani, S.E.I	Jalan Wonoayu No. 677\nSerang, GO 75236	080 632 8301	2025-08-25	17500000.00	Online Transaction
1006	2025-09-19	2	Printer Epson	2500000.00	2	5000000.00	380	R.A. Yuni Prasetya, S.Ked	Jalan Dr. Djunjunan No. 11\nPagaralam, SG 55871	+62 (90) 551 1888	2025-09-19	5000000.00	Product Sale
1008	2025-11-25	2	Printer Epson	2500000.00	9	22500000.00	1187	Mahfud Maulana	Jl. Kiaracondong No. 868\nPurwokerto, NB 04028	+62 (020) 484 2760	2025-11-25	22500000.00	Online Transaction
1010	2025-12-10	2	Printer Epson	2500000.00	5	12500000.00	1714	Tgk. Wardi Agustina, S.Gz	Jl. Bangka Raya No. 49\nSingkawang, Bali 99212	+62-696-198-6032	2025-12-10	12500000.00	Store Sale
1020	2026-02-01	2	Printer Epson	2500000.00	7	17500000.00	845	Gamanto Mayasari	Gg. Rajawali Timur No. 526\nMedan, MU 65008	(0223) 923-0931	2026-02-01	17500000.00	Product Sale
1024	2026-05-14	2	Printer Epson	2500000.00	8	20000000.00	679	R.M. Timbul Situmorang	NULL	(088) 455 0899	2026-05-14	20000000.00	Product Sale
1033	2026-07-02	2	Printer Epson	2500000.00	7	17500000.00	1763	Patricia Tampubolon	Gg. Medokan Ayu No. 34\nPangkalpinang, SN 29231	(006) 783 7630	2026-07-02	17500000.00	Store Sale
1042	2026-06-01	2	Printer Epson	2500000.00	1	2500000.00	747	Warsa Winarsih	Jl. BKR No. 52\nJayapura, PB 25286	(001) 238-8711	2026-06-01	2500000.00	Online Transaction
1046	2026-06-01	2	Printer Epson	2500000.00	4	10000000.00	1171	Bakidin Nurdiyanti	Jl. Kiaracondong No. 89\nKota Administrasi Jakarta Pusat, JI 94766	0872193735	2026-06-01	10000000.00	Online Transaction
1048	2025-11-26	2	Printer Epson	2500000.00	5	12500000.00	42	Hamima Wasita	Gang Jamika No. 92\nCilegon, Papua 53369	+62 (50) 795 1807	2025-11-26	12500000.00	Online Transaction
1052	2025-12-18	2	Printer Epson	2500000.00	1	2500000.00	585	R. Ega Mardhiyah	Gang Stasiun Wonokromo No. 159\nPadang, YO 91193	+62-881-074-5515	2025-12-18	2500000.00	Store Sale
1061	2026-06-15	2	Printer Epson	2500000.00	3	7500000.00	549	Emil Andriani	Gang Tebet Barat Dalam No. 3\nKota Administrasi Jakarta Pusat, Jambi 73543	+62 (0713) 673 4973	2026-06-15	7500000.00	Customer Purchase
1063	2026-01-21	2	Printer Epson	2500000.00	5	12500000.00	1113	Lili Hutapea	Jalan Sadang Serang No. 63\nPrabumulih, MA 91405	+62 (23) 488-1161	2026-01-21	12500000.00	Store Sale
1064	2026-01-30	2	Printer Epson	2500000.00	5	12500000.00	1997	Hana Megantara	Jl. Astana Anyar No. 492\nSemarang, BT 09828	+62 (0024) 486 4176	2026-01-30	12500000.00	Online Transaction
1066	2025-11-28	2	Printer Epson	2500000.00	1	2500000.00	1467	dr. Tira Pratama	Jl. Ir. H. Djuanda No. 825\nManado, Kepulauan Riau 35165	(075) 456-3372	2025-11-28	2500000.00	Customer Purchase
1070	2026-06-11	2	Printer Epson	2500000.00	5	12500000.00	529	Bala Handayani, S.IP	Gg. Cihampelas No. 588\nSemarang, Kalimantan Timur 12419	+62 (0379) 854-8237	2026-06-11	12500000.00	Product Sale
1075	2026-04-08	2	Printer Epson	2500000.00	5	12500000.00	1500	Prayogo Zulaika, S.Farm	Jalan Cikutra Barat No. 9\nTangerang Selatan, KR 08665	+62 (96) 140 6934	2026-04-08	12500000.00	Customer Purchase
1076	2025-08-08	2	Printer Epson	2500000.00	10	25000000.00	1790	Gina Prasetyo, S.Kom	Jl. Rajawali Barat No. 987\nPayakumbuh, Jawa Timur 81444	(0237) 003 4444	2025-08-08	25000000.00	Customer Purchase
1077	2026-01-13	2	Printer Epson	2500000.00	9	22500000.00	707	Mursinin Saptono	Gg. K.H. Wahid Hasyim No. 66\nMagelang, SU 36806	+62-650-587-8589	2026-01-13	22500000.00	Customer Purchase
1082	2025-08-12	2	Printer Epson	2500000.00	8	20000000.00	790	Gina Prasetyo, S.Kom	Jl. Rajawali Barat No. 987\nPayakumbuh, Jawa Timur 81444	(0237) 003 4444	2025-08-12	20000000.00	Store Sale
1084	2025-08-31	2	Printer Epson	2500000.00	3	7500000.00	810	Jagapati Wasita	Gg. Moch. Ramdan No. 215\nSalatiga, Gorontalo 21614	+62 (028) 835 7845	2025-08-31	7500000.00	Customer Purchase
1089	2025-09-11	2	Printer Epson	2500000.00	3	7500000.00	617	Tgk. Lintang Puspasari	Jl. Cikutra Barat No. 087\nSawahlunto, MU 84715	+62 (92) 666 3619	2025-09-11	7500000.00	Online Transaction
1091	2025-12-27	2	Printer Epson	2500000.00	5	12500000.00	286	Wirda Purnawati	Jl. Antapani Lama No. 2\nMakassar, SU 85773	0831059830	2025-12-27	12500000.00	Online Transaction
1096	2025-11-26	2	Printer Epson	2500000.00	4	10000000.00	1669	Devi Mangunsong	NULL	+62 (023) 934 3836	2025-11-26	10000000.00	Customer Purchase
1102	2026-06-28	2	Printer Epson	2500000.00	10	25000000.00	1469	Ir. Legawa Tampubolon, S.T.	Gg. BKR No. 2\nBogor, GO 20820	+62 (225) 952-8088	2026-06-28	25000000.00	Store Sale
1104	2026-01-30	2	Printer Epson	2500000.00	3	7500000.00	1945	Salwa Waskita, M.Ak	Jl. Sadang Serang No. 788\nTanjungbalai, JI 98155	089 973 0056	2026-01-30	7500000.00	Online Transaction
1105	2025-09-20	2	Printer Epson	2500000.00	9	22500000.00	1030	Genta Prasasta	Gang Tubagus Ismail No. 1\nTasikmalaya, NT 03025	+62-30-468-2355	2025-09-20	22500000.00	Store Sale
1108	2025-10-30	2	Printer Epson	2500000.00	1	2500000.00	1145	Tgk. Soleh Rajata, S.Pt	Gg. Suryakencana No. 8\nSamarinda, KR 41955	+62 (908) 014 9608	2025-10-30	2500000.00	Customer Purchase
1109	2026-01-21	2	Printer Epson	2500000.00	3	7500000.00	1785	Diana Manullang	Gang Indragiri No. 34\nTual, SU 96968	+62 (021) 583 4907	2026-01-21	7500000.00	Online Transaction
1120	2025-09-03	2	Printer Epson	2500000.00	7	17500000.00	1038	R. Xanana Hidayanto	NULL	089 164 1561	2025-09-03	17500000.00	Product Sale
1121	2026-02-14	2	Printer Epson	2500000.00	7	17500000.00	295	Yani Uyainah	Jl. Otto Iskandardinata No. 6\nSukabumi, MU 07003	(0720) 956 3753	2026-02-14	17500000.00	Customer Purchase
1123	2026-04-03	2	Printer Epson	2500000.00	4	10000000.00	1573	Dr. Luhung Latupono	Jl. Kapten Muslihat No. 0\nBau-Bau, Kepulauan Riau 56635	+62-0286-647-6866	2026-04-03	10000000.00	Store Sale
1126	2026-02-03	2	Printer Epson	2500000.00	3	7500000.00	985	Ciaobella Zulaika, S.Pd	Gg. Yos Sudarso No. 377\nMetro, LA 67031	+62 (88) 444 6958	2026-02-03	7500000.00	Customer Purchase
1127	2026-02-13	2	Printer Epson	2500000.00	9	22500000.00	938	R.A. Ida Tamba, M.Farm	Gang Waringin No. 6\nLubuklinggau, Kalimantan Timur 35682	+62 (0265) 076 8185	2026-02-13	22500000.00	Customer Purchase
1141	2026-03-23	2	Printer Epson	2500000.00	3	7500000.00	121	dr. Dewi Purwanti	Jalan HOS. Cokroaminoto No. 44\nBanjarmasin, Kalimantan Timur 14048	(0661) 916-5988	2026-03-23	7500000.00	Store Sale
1147	2025-09-02	2	Printer Epson	2500000.00	1	2500000.00	1091	Bala Irawan	Gang Indragiri No. 6\nBanjarmasin, Aceh 12762	(045) 754 1974	2025-09-02	2500000.00	Customer Purchase
1151	2025-12-16	2	Printer Epson	2500000.00	8	20000000.00	1884	Maria Tarihoran	Gang Rawamangun No. 8\nBinjai, Kalimantan Selatan 78514	+62 (047) 216 2335	2025-12-16	20000000.00	Product Sale
1155	2025-08-26	2	Printer Epson	2500000.00	9	22500000.00	439	Okto Wibisono	Gg. H.J Maemunah No. 7\nLhokseumawe, Papua 59069	+62-62-351-8109	2025-08-26	22500000.00	Store Sale
1156	2025-12-03	2	Printer Epson	2500000.00	2	5000000.00	1208	Drs. Waluyo Laksmiwati	Jl. Peta No. 450\nBandar Lampung, Jawa Tengah 53376	(082) 512-3249	2025-12-03	5000000.00	Customer Purchase
1173	2026-07-01	2	Printer Epson	2500000.00	8	20000000.00	493	Dacin Oktaviani	Jl. Cikutra Timur No. 5\nSukabumi, Nusa Tenggara Barat 09302	+62 (63) 187 8599	2026-07-01	20000000.00	Product Sale
1181	2026-05-05	2	Printer Epson	2500000.00	5	12500000.00	1293	Drs. Winda Saragih	Jalan Gegerkalong Hilir No. 0\nSolok, NB 05787	+62 (0777) 863 6310	2026-05-05	12500000.00	Store Sale
1185	2025-12-10	2	Printer Epson	2500000.00	6	15000000.00	1520	Asmianto Siregar	Jl. Rajawali Barat No. 112\nSorong, KI 12580	+62 (62) 985 6531	2025-12-10	15000000.00	Customer Purchase
1191	2025-08-25	2	Printer Epson	2500000.00	4	10000000.00	187	Mahfud Maulana	Jl. Kiaracondong No. 868\nPurwokerto, NB 04028	+62 (020) 484 2760	2025-08-25	10000000.00	Online Transaction
1206	2025-08-24	2	Printer Epson	2500000.00	3	7500000.00	1558	Puput Winarno	Gg. Monginsidi No. 36\nPematangsiantar, AC 80329	+62 (25) 336-3441	2025-08-24	7500000.00	Product Sale
1208	2025-08-31	2	Printer Epson	2500000.00	5	12500000.00	1460	dr. Prayoga Putra, M.TI.	Jl. Sukabumi No. 440\nBanjar, NT 25105	0815333028	2025-08-31	12500000.00	Product Sale
1217	2026-02-11	2	Printer Epson	2500000.00	6	15000000.00	1027	Adinata Nainggolan, M.Farm	Gang Veteran No. 60\nSungai Penuh, GO 70407	0818762012	2026-02-11	15000000.00	Store Sale
1219	2026-01-20	2	Printer Epson	2500000.00	4	10000000.00	79	Halima Anggriawan, M.Kom.	Gang Yos Sudarso No. 2\nSamarinda, BB 87518	(000) 756-4341	2026-01-20	10000000.00	Online Transaction
1226	2025-10-04	2	Printer Epson	2500000.00	3	7500000.00	179	Karimah Prastuti	Gang Merdeka No. 858\nPalopo, BT 34400	+62-007-945-1697	2025-10-04	7500000.00	Store Sale
1230	2025-09-26	2	Printer Epson	2500000.00	5	12500000.00	1880	R. Ulya Habibi, M.Farm	Gg. Lembong No. 684\nSurabaya, Lampung 45708	+62-635-148-2378	2025-09-26	12500000.00	Product Sale
1238	2025-08-17	2	Printer Epson	2500000.00	1	2500000.00	824	Laras Waskita	Jalan Raya Ujungberung No. 018\nBandar Lampung, Sumatera Utara 44646	0800763558	2025-08-17	2500000.00	Customer Purchase
1240	2025-07-30	2	Printer Epson	2500000.00	10	25000000.00	121	dr. Dewi Purwanti	Jalan HOS. Cokroaminoto No. 44\nBanjarmasin, Kalimantan Timur 14048	(0661) 916-5988	2025-07-30	25000000.00	Store Sale
1241	2025-08-05	2	Printer Epson	2500000.00	6	15000000.00	1588	Mulyanto Pradipta	Gg. Siliwangi No. 4\nPekanbaru, SB 28478	+62 (0124) 904 5725	2025-08-05	15000000.00	Customer Purchase
1245	2026-05-28	2	Printer Epson	2500000.00	2	5000000.00	1101	R.A. Kamaria Permadi, M.Farm	Jl. Laswi No. 4\nTanjungpinang, LA 66348	(098) 624 3148	2026-05-28	5000000.00	Product Sale
1256	2026-05-21	2	Printer Epson	2500000.00	5	12500000.00	467	dr. Tira Pratama	Jl. Ir. H. Djuanda No. 825\nManado, Kepulauan Riau 35165	(075) 456-3372	2026-05-21	12500000.00	Customer Purchase
1259	2025-10-23	2	Printer Epson	2500000.00	3	7500000.00	798	Dt. Muni Santoso	Gang Ronggowarsito No. 2\nSingkawang, BT 12135	+62-0393-232-2114	2025-10-23	7500000.00	Store Sale
1269	2026-03-25	2	Printer Epson	2500000.00	8	20000000.00	1456	Rangga Purnawati	Gg. Medokan Ayu No. 55\nBima, Sumatera Selatan 72111	+62-73-185-0690	2026-03-25	20000000.00	Store Sale
1271	2026-03-27	2	Printer Epson	2500000.00	5	12500000.00	781	Farhunnisa Hutapea	Jalan Moch. Ramdan No. 922\nPurwokerto, SU 89174	(0970) 350 3642	2026-03-27	12500000.00	Store Sale
1272	2026-05-11	2	Printer Epson	2500000.00	6	15000000.00	1192	Mursita Waluyo	Jalan Sadang Serang No. 9\nJayapura, Bali 31883	+62 (0651) 756 8969	2026-05-11	15000000.00	Product Sale
1279	2025-09-22	2	Printer Epson	2500000.00	9	22500000.00	439	Okto Wibisono	Gg. H.J Maemunah No. 7\nLhokseumawe, Papua 59069	+62-62-351-8109	2025-09-22	22500000.00	Store Sale
1280	2025-12-03	2	Printer Epson	2500000.00	2	5000000.00	650	dr. Kalim Waluyo, S.E.I	Jalan Pelajar Pejuang No. 56\nJayapura, JB 79087	+62-35-614-5517	2025-12-03	5000000.00	Customer Purchase
1283	2025-10-15	2	Printer Epson	2500000.00	3	7500000.00	1023	Bahuraksa Wijayanti	Jalan Cihampelas No. 16\nKotamobagu, Jawa Barat 21624	+62-0156-894-3564	2025-10-15	7500000.00	Store Sale
1299	2026-01-15	2	Printer Epson	2500000.00	7	17500000.00	437	Janet Hutasoit	Jalan Gedebage Selatan No. 0\nGorontalo, Aceh 35348	+62 (0850) 970-5962	2026-01-15	17500000.00	Store Sale
1301	2025-11-23	2	Printer Epson	2500000.00	10	25000000.00	868	Dr. Kanda Oktaviani, M.Farm	Gg. Kendalsari No. 48\nBatu, KI 10339	+62 (355) 658 8769	2025-11-23	25000000.00	Customer Purchase
1310	2025-08-14	2	Printer Epson	2500000.00	3	7500000.00	1787	Ratih Sinaga	Jalan Jakarta No. 160\nTidore Kepulauan, SR 28984	+62-05-938-2954	2025-08-14	7500000.00	Customer Purchase
1316	2026-06-02	2	Printer Epson	2500000.00	10	25000000.00	637	Gambira Utami	Jalan Rumah Sakit No. 6\nMadiun, Sulawesi Utara 90615	+62 (02) 698 9125	2026-06-02	25000000.00	Online Transaction
1317	2026-06-27	2	Printer Epson	2500000.00	2	5000000.00	1767	Indah Siregar	Jalan Tubagus Ismail No. 71\nBanjar, Riau 12570	+62-95-668-2216	2026-06-27	5000000.00	Customer Purchase
1320	2025-07-13	2	Printer Epson	2500000.00	1	2500000.00	745	drg. Kamila Andriani	Gg. Bangka Raya No. 67\nJayapura, AC 73291	+62 (037) 375 3849	2025-07-13	2500000.00	Store Sale
1323	2025-07-10	2	Printer Epson	2500000.00	3	7500000.00	3	Uchita Anggriawan	Gg. Ahmad Yani No. 25\nPalangkaraya, BB 98251	086 982 2313	2025-07-10	7500000.00	Customer Purchase
1328	2025-09-20	2	Printer Epson	2500000.00	5	12500000.00	1774	Enteng Hasanah, S.H.	Gang Gardujati No. 0\nKota Administrasi Jakarta Utara, Maluku Utara 30804	0857096614	2025-09-20	12500000.00	Online Transaction
1333	2026-06-28	2	Printer Epson	2500000.00	7	17500000.00	959	Vanya Saputra	Jalan Jend. Sudirman No. 1\nMataram, NB 32949	(0866) 187 9328	2026-06-28	17500000.00	Store Sale
1336	2026-06-03	2	Printer Epson	2500000.00	9	22500000.00	1343	Asmadi Gunawan	Gang Kendalsari No. 57\nTarakan, Kepulauan Riau 24866	+62 (0523) 047 6571	2026-06-03	22500000.00	Customer Purchase
1339	2026-02-26	2	Printer Epson	2500000.00	6	15000000.00	1131	Tgk. Najam Handayani, S.Gz	Jalan Rungkut Industri No. 29\nAmbon, SR 37204	+62-062-295-8867	2026-02-26	15000000.00	Product Sale
1340	2025-07-29	2	Printer Epson	2500000.00	7	17500000.00	1189	Wakiman Dabukke	Jalan Sukabumi No. 528\nDumai, NB 81364	084 428 2839	2025-07-29	17500000.00	Online Transaction
1349	2025-08-11	2	Printer Epson	2500000.00	2	5000000.00	29	Gaman Anggraini, S.Pt	Gang Joyoboyo No. 1\nKota Administrasi Jakarta Timur, Maluku Utara 58485	+62 (51) 176-7793	2025-08-11	5000000.00	Customer Purchase
1351	2026-03-05	2	Printer Epson	2500000.00	8	20000000.00	767	Indah Siregar	Jalan Tubagus Ismail No. 71\nBanjar, Riau 12570	+62-95-668-2216	2026-03-05	20000000.00	Customer Purchase
1358	2026-04-23	2	Printer Epson	2500000.00	9	22500000.00	142	Zizi Mandala	Jalan Ronggowarsito No. 265\nTanjungpinang, Maluku 32707	(098) 402-5466	2026-04-23	22500000.00	Product Sale
1363	2025-08-12	2	Printer Epson	2500000.00	4	10000000.00	721	Umi Uyainah	Jl. Raya Ujungberung No. 798\nSubulussalam, SS 32179	+62 (0865) 171 8945	2025-08-12	10000000.00	Customer Purchase
1366	2026-04-09	2	Printer Epson	2500000.00	5	12500000.00	1717	Tgk. Salwa Puspita	Jalan Otto Iskandardinata No. 575\nBatu, GO 23831	+62 (0034) 579-2321	2026-04-09	12500000.00	Customer Purchase
1367	2025-07-29	2	Printer Epson	2500000.00	7	17500000.00	1088	Unjani Riyanti	NULL	+62-13-134-5691	2025-07-29	17500000.00	Online Transaction
1374	2025-09-13	2	Printer Epson	2500000.00	8	20000000.00	173	Sutan Prabu Prayoga	Jl. K.H. Wahid Hasyim No. 56\nMalang, Lampung 01824	(028) 962-5474	2025-09-13	20000000.00	Customer Purchase
1384	2026-02-26	2	Printer Epson	2500000.00	1	2500000.00	99	Sutan Lukita Usamah, S.T.	NULL	085 518 6215	2026-02-26	2500000.00	Online Transaction
1388	2026-03-16	2	Printer Epson	2500000.00	2	5000000.00	447	R. Candra Yulianti	Gg. Gedebage Selatan No. 6\nTual, SR 34323	(016) 832-2944	2026-03-16	5000000.00	Customer Purchase
1393	2025-10-20	2	Printer Epson	2500000.00	7	17500000.00	1624	Oni Safitri, S.Pd	NULL	0877268353	2025-10-20	17500000.00	Customer Purchase
1400	2025-09-15	2	Printer Epson	2500000.00	4	10000000.00	1000	Hasna Firgantoro	Gg. Suniaraja No. 861\nPalangkaraya, GO 38968	+62 (063) 664-2867	2025-09-15	10000000.00	Store Sale
1401	2025-12-19	2	Printer Epson	2500000.00	8	20000000.00	136	R.M. Dimas Nainggolan, S.IP	Jalan Rumah Sakit No. 22\nPalu, Kalimantan Utara 71821	+62-52-067-4496	2025-12-19	20000000.00	Online Transaction
1403	2026-06-20	2	Printer Epson	2500000.00	5	12500000.00	1955	Jefri Pratama	Jl. Dr. Djunjunan No. 73\nMataram, JI 08842	+62 (0573) 706-2754	2026-06-20	12500000.00	Product Sale
1406	2025-07-25	2	Printer Epson	2500000.00	9	22500000.00	427	R. Amalia Hutasoit, M.M.	Jalan Gardujati No. 2\nTernate, Nusa Tenggara Barat 58505	+62 (075) 202-6773	2025-07-25	22500000.00	Store Sale
1407	2025-07-17	2	Printer Epson	2500000.00	1	2500000.00	1992	Cut Gawati Nasyiah	Gang Surapati No. 575\nMetro, SR 44874	+62-058-138-1762	2025-07-17	2500000.00	Product Sale
1410	2025-11-06	2	Printer Epson	2500000.00	6	15000000.00	908	Intan Irawan, M.Farm	Gg. Dipatiukur No. 93\nPalangkaraya, Banten 30391	+62-87-707-7866	2025-11-06	15000000.00	Store Sale
1414	2025-09-26	2	Printer Epson	2500000.00	6	15000000.00	439	Okto Wibisono	Gg. H.J Maemunah No. 7\nLhokseumawe, Papua 59069	+62-62-351-8109	2025-09-26	15000000.00	Customer Purchase
1415	2026-04-13	2	Printer Epson	2500000.00	5	12500000.00	1266	Paris Novitasari	Gg. Laswi No. 558\nPariaman, Sulawesi Barat 80817	+62-0717-104-1769	2026-04-13	12500000.00	Online Transaction
1420	2025-10-11	2	Printer Epson	2500000.00	6	15000000.00	918	Tgk. Jail Nuraini, S.I.Kom	Jl. Rajawali Timur No. 753\nCirebon, DI Yogyakarta 98079	+62 (32) 408 7639	2025-10-11	15000000.00	Online Transaction
1430	2025-09-02	2	Printer Epson	2500000.00	4	10000000.00	1116	Tira Palastri, S.Sos	Jl. Laswi No. 700\nKota Administrasi Jakarta Utara, LA 68504	(039) 778-6028	2025-09-02	10000000.00	Online Transaction
1432	2026-01-02	2	Printer Epson	2500000.00	5	12500000.00	1623	Ifa Hutapea	Gang Raya Setiabudhi No. 24\nPadangpanjang, Kalimantan Utara 84257	+62 (079) 304-6002	2026-01-02	12500000.00	Customer Purchase
1433	2025-08-09	2	Printer Epson	2500000.00	6	15000000.00	856	Mila Saputra	Jalan Dipenogoro No. 9\nSamarinda, SB 89816	+62 (0126) 711-2638	2025-08-09	15000000.00	Customer Purchase
1436	2025-12-11	2	Printer Epson	2500000.00	5	12500000.00	1740	Tgk. Legawa Damanik, M.Ak	Gang Cihampelas No. 835\nKota Administrasi Jakarta Selatan, Lampung 04267	(0575) 803 5858	2025-12-11	12500000.00	Online Transaction
1437	2025-09-14	2	Printer Epson	2500000.00	9	22500000.00	1771	Irnanto Wijaya	Gg. Rajiman No. 925\nPadang Sidempuan, DI Yogyakarta 66931	+62-0543-988-1942	2025-09-14	22500000.00	Store Sale
1438	2026-02-04	2	Printer Epson	2500000.00	6	15000000.00	823	Garda Sirait	NULL	+62 (301) 961-6939	2026-02-04	15000000.00	Customer Purchase
1444	2026-04-09	2	Printer Epson	2500000.00	2	5000000.00	1230	Radika Putra	Gg. Joyoboyo No. 249\nCilegon, AC 99869	(000) 251 4782	2026-04-09	5000000.00	Store Sale
1445	2026-04-03	2	Printer Epson	2500000.00	9	22500000.00	306	Gabriella Halimah	Jl. BKR No. 2\nPekanbaru, BE 96954	+62-0987-938-5209	2026-04-03	22500000.00	Product Sale
1450	2026-07-02	2	Printer Epson	2500000.00	8	20000000.00	515	Irma Wacana	Gg. Ronggowarsito No. 687\nKota Administrasi Jakarta Barat, SN 42533	(0502) 228-7281	2026-07-02	20000000.00	Store Sale
1452	2026-02-03	2	Printer Epson	2500000.00	3	7500000.00	862	drg. Naradi Hidayanto, S.Sos	Gg. Erlangga No. 9\nMedan, Sulawesi Utara 33443	+62 (055) 883-7617	2026-02-03	7500000.00	Customer Purchase
1453	2026-06-17	2	Printer Epson	2500000.00	6	15000000.00	1796	Tasnim Prastuti	Jalan Suniaraja No. 7\nPariaman, Jawa Barat 79096	+62 (330) 096 4365	2026-06-17	15000000.00	Store Sale
1457	2025-08-13	2	Printer Epson	2500000.00	4	10000000.00	29	Gaman Anggraini, S.Pt	Gang Joyoboyo No. 1\nKota Administrasi Jakarta Timur, Maluku Utara 58485	+62 (51) 176-7793	2025-08-13	10000000.00	Product Sale
1458	2026-02-13	2	Printer Epson	2500000.00	9	22500000.00	322	Cindy Kusumo, S.E.I	Gang Rajawali Barat No. 06\nManado, JK 59961	+62 (388) 543 0985	2026-02-13	22500000.00	Store Sale
1459	2026-03-05	2	Printer Epson	2500000.00	8	20000000.00	406	Oskar Sitorus	Jalan Kiaracondong No. 044\nPalembang, Sulawesi Utara 12147	(0095) 533-7204	2026-03-05	20000000.00	Customer Purchase
1461	2026-04-21	2	Printer Epson	2500000.00	8	20000000.00	171	Bakidin Nurdiyanti	Jl. Kiaracondong No. 89\nKota Administrasi Jakarta Pusat, JI 94766	0872193735	2026-04-21	20000000.00	Customer Purchase
1466	2026-06-20	2	Printer Epson	2500000.00	2	5000000.00	1702	Unjani Rahimah, S.H.	Jalan Kapten Muslihat No. 175\nKota Administrasi Jakarta Selatan, KR 87104	+62 (302) 748-6919	2026-06-20	5000000.00	Customer Purchase
1473	2025-07-28	2	Printer Epson	2500000.00	4	10000000.00	155	Parman Dabukke	Jl. M.T Haryono No. 28\nPariaman, SG 55603	080 820 7185	2025-07-28	10000000.00	Product Sale
1474	2026-05-20	2	Printer Epson	2500000.00	1	2500000.00	1771	Irnanto Wijaya	Gg. Rajiman No. 925\nPadang Sidempuan, DI Yogyakarta 66931	+62-0543-988-1942	2026-05-20	2500000.00	Online Transaction
1480	2025-10-03	2	Printer Epson	2500000.00	7	17500000.00	1216	dr. Jati Manullang, S.T.	Jalan Ahmad Dahlan No. 499\nBandung, Nusa Tenggara Barat 49862	(0908) 266-4599	2025-10-03	17500000.00	Customer Purchase
1488	2026-02-27	2	Printer Epson	2500000.00	5	12500000.00	84	R. Prasetya Setiawan, S.Pd	Jalan Dipatiukur No. 182\nPadangpanjang, KB 97612	+62 (0315) 238 8141	2026-02-27	12500000.00	Store Sale
1494	2025-07-10	2	Printer Epson	2500000.00	4	10000000.00	1821	Maya Gunawan	Gg. Suryakencana No. 0\nTarakan, JI 04603	+62 (949) 222 7827	2025-07-10	10000000.00	Product Sale
1503	2025-09-20	2	Printer Epson	2500000.00	8	20000000.00	1942	Dt. Cengkal Napitupulu, S.Pd	Jl. Suryakencana No. 54\nMakassar, KI 56314	(037) 007-8697	2025-09-20	20000000.00	Store Sale
1510	2025-09-16	2	Printer Epson	2500000.00	1	2500000.00	421	Purwa Gunarto, M.Ak	Gg. Gegerkalong Hilir No. 551\nBanda Aceh, GO 64666	+62 (97) 002-0604	2025-09-16	2500000.00	Customer Purchase
1512	2026-02-13	2	Printer Epson	2500000.00	5	12500000.00	1222	Dr. Garang Utami	Gang Jakarta No. 4\nPayakumbuh, JB 78198	+62-035-841-3390	2026-02-13	12500000.00	Online Transaction
1520	2026-01-02	2	Printer Epson	2500000.00	9	22500000.00	1158	Bajragin Utama	Gang Bangka Raya No. 32\nSukabumi, LA 99944	(0074) 971-5142	2026-01-02	22500000.00	Product Sale
1528	2025-07-22	2	Printer Epson	2500000.00	2	5000000.00	1491	Liman Kusmawati	Jalan Dr. Djunjunan No. 0\nYogyakarta, KI 43005	+62 (0220) 025-1301	2025-07-22	5000000.00	Online Transaction
1537	2026-05-06	2	Printer Epson	2500000.00	1	2500000.00	1255	Tgk. Salwa Puspita	Gang Wonoayu No. 7\nBekasi, Gorontalo 23445	+62 (00) 628 7912	2026-05-06	2500000.00	Customer Purchase
1541	2026-02-27	2	Printer Epson	2500000.00	5	12500000.00	711	Dt. Kadir Laksita, S.H.	Jl. Lembong No. 39\nDenpasar, Kalimantan Utara 30725	(0473) 612-3894	2026-02-27	12500000.00	Product Sale
1542	2026-05-06	2	Printer Epson	2500000.00	1	2500000.00	1043	Nalar Laksita, S.Pt	Gg. Merdeka No. 28\nBukittinggi, DKI Jakarta 10292	+62-018-259-5101	2026-05-06	2500000.00	Online Transaction
1556	2025-09-19	2	Printer Epson	2500000.00	4	10000000.00	1168	Titi Pertiwi, S.IP	Gg. KH Amin Jasuta No. 160\nBontang, RI 79030	+62-908-442-7145	2025-09-19	10000000.00	Store Sale
1559	2025-09-25	2	Printer Epson	2500000.00	4	10000000.00	1998	Dr. Rusman Tarihoran	Gg. Cihampelas No. 287\nAmbon, Maluku 02718	+62-99-115-0523	2025-09-25	10000000.00	Customer Purchase
1565	2025-12-13	2	Printer Epson	2500000.00	8	20000000.00	1692	Drs. Wira Habibi	Jl. Moch. Toha No. 4\nPadangpanjang, JI 19594	+62 (86) 717 0702	2025-12-13	20000000.00	Store Sale
1568	2025-10-03	2	Printer Epson	2500000.00	2	5000000.00	148	Artanto Sitorus	Gang Jend. Sudirman No. 61\nSorong, Sulawesi Tenggara 12613	+62 (81) 405-2758	2025-10-03	5000000.00	Customer Purchase
1570	2026-04-16	2	Printer Epson	2500000.00	9	22500000.00	1298	Gada Marbun, S.Farm	Gg. Rajiman No. 4\nBengkulu, KR 52986	+62-039-696-0689	2026-04-16	22500000.00	Customer Purchase
1571	2025-09-03	2	Printer Epson	2500000.00	3	7500000.00	1361	Banawi Widodo	Jl. Asia Afrika No. 4\nTidore Kepulauan, Sumatera Barat 37623	(065) 250 9954	2025-09-03	7500000.00	Product Sale
1577	2026-05-30	2	Printer Epson	2500000.00	9	22500000.00	650	dr. Kalim Waluyo, S.E.I	Jalan Pelajar Pejuang No. 56\nJayapura, JB 79087	+62-35-614-5517	2026-05-30	22500000.00	Online Transaction
1585	2025-08-11	2	Printer Epson	2500000.00	2	5000000.00	571	Farah Handayani	Gang Dr. Djunjunan No. 2\nPalopo, JA 38706	+62-12-207-3522	2025-08-11	5000000.00	Store Sale
1586	2026-05-12	2	Printer Epson	2500000.00	1	2500000.00	1652	Tami Kuswandari	NULL	+62 (049) 835-8046	2026-05-12	2500000.00	Product Sale
1606	2026-05-19	2	Printer Epson	2500000.00	4	10000000.00	34	Tgk. Kariman Budiyanto, M.Farm	Jalan HOS. Cokroaminoto No. 93\nMagelang, Jawa Timur 52537	(074) 361-3628	2026-05-19	10000000.00	Product Sale
1612	2026-02-12	2	Printer Epson	2500000.00	3	7500000.00	227	KH. Opan Sirait	Jl. Peta No. 87\nDumai, Kalimantan Utara 07807	+62 (067) 854-8979	2026-02-12	7500000.00	Product Sale
1613	2025-07-14	2	Printer Epson	2500000.00	4	10000000.00	963	Drs. Ega Jailani	Gang Rumah Sakit No. 21\nSurakarta, Banten 94966	+62 (61) 719 2666	2025-07-14	10000000.00	Customer Purchase
1618	2026-04-14	2	Printer Epson	2500000.00	7	17500000.00	1266	Paris Novitasari	Gg. Laswi No. 558\nPariaman, Sulawesi Barat 80817	+62-0717-104-1769	2026-04-14	17500000.00	Product Sale
1622	2026-01-26	2	Printer Epson	2500000.00	10	25000000.00	1490	Gada Lailasari	Jl. Lembong No. 5\nTanjungpinang, Banten 94006	084 370 4686	2026-01-26	25000000.00	Store Sale
1627	2026-02-24	2	Printer Epson	2500000.00	6	15000000.00	51	Hj. Sadina Mustofa, M.Farm	Jalan Antapani Lama No. 03\nSurakarta, Maluku 70862	0825903962	2026-02-24	15000000.00	Store Sale
1636	2026-07-04	2	Printer Epson	2500000.00	2	5000000.00	1769	Paris Nurdiyanti	Gang Jayawijaya No. 31\nMagelang, ST 50799	+62-266-554-9633	2026-07-04	5000000.00	Customer Purchase
1639	2026-07-06	2	Printer Epson	2500000.00	4	10000000.00	1074	Raina Pertiwi, M.M.	Gang Tubagus Ismail No. 86\nBima, SS 80257	+62-060-932-8291	2026-07-06	10000000.00	Store Sale
1641	2026-05-29	2	Printer Epson	2500000.00	4	10000000.00	307	Kairav Putra	Jl. Ahmad Yani No. 531\nPagaralam, Sulawesi Tengah 27904	(040) 172 5121	2026-05-29	10000000.00	Online Transaction
1663	2025-09-01	2	Printer Epson	2500000.00	1	2500000.00	91	Bala Irawan	Gang Indragiri No. 6\nBanjarmasin, Aceh 12762	(045) 754 1974	2025-09-01	2500000.00	Customer Purchase
1666	2026-05-12	2	Printer Epson	2500000.00	9	22500000.00	490	Gada Lailasari	Jl. Lembong No. 5\nTanjungpinang, Banten 94006	084 370 4686	2026-05-12	22500000.00	Store Sale
1667	2026-01-07	2	Printer Epson	2500000.00	7	17500000.00	1682	Rafid Nashiruddin	Gg. Kendalsari No. 8\nBontang, BT 32804	+62-018-234-6255	2026-01-07	17500000.00	Product Sale
1668	2025-10-07	2	Printer Epson	2500000.00	2	5000000.00	691	Hj. Hesti Namaga, M.TI.	Jalan Kutai No. 76\nTasikmalaya, NB 29546	+62 (0154) 578 5985	2025-10-07	5000000.00	Store Sale
1673	2026-06-23	2	Printer Epson	2500000.00	5	12500000.00	243	Lalita Hutagalung, S.I.Kom	Jalan M.H Thamrin No. 62\nBanjarbaru, BT 46890	+62 (326) 015 7811	2026-06-23	12500000.00	Product Sale
1682	2025-08-14	2	Printer Epson	2500000.00	8	20000000.00	363	Mutia Sudiati, M.M.	Gg. Setiabudhi No. 270\nTanjungbalai, LA 80708	+62-065-754-6167	2025-08-14	20000000.00	Customer Purchase
1688	2025-10-02	2	Printer Epson	2500000.00	3	7500000.00	1772	Saiful Mustofa	Jl. Kendalsari No. 935\nLubuklinggau, Sulawesi Selatan 68947	+62 (0979) 407 1255	2025-10-02	7500000.00	Store Sale
1699	2025-08-26	2	Printer Epson	2500000.00	2	5000000.00	1965	Tgk. Najam Handayani, S.Gz	Jl. Antapani Lama No. 85\nLubuklinggau, Jawa Tengah 11737	0842750838	2025-08-26	5000000.00	Product Sale
1700	2026-02-05	2	Printer Epson	2500000.00	7	17500000.00	1954	Belinda Salahudin	Gang Yos Sudarso No. 5\nSabang, Aceh 20634	+62 (048) 299 9185	2026-02-05	17500000.00	Store Sale
1708	2025-10-26	2	Printer Epson	2500000.00	6	15000000.00	187	Mahfud Maulana	Jl. Kiaracondong No. 868\nPurwokerto, NB 04028	+62 (020) 484 2760	2025-10-26	15000000.00	Customer Purchase
1710	2025-09-09	2	Printer Epson	2500000.00	10	25000000.00	1442	Cemani Marpaung	Gang Tebet Barat Dalam No. 73\nKotamobagu, Papua Barat 42346	+62 (070) 249 4382	2025-09-09	25000000.00	Online Transaction
1712	2025-11-29	2	Printer Epson	2500000.00	6	15000000.00	239	Bakiadi Iswahyudi	Jalan Pasirkoja No. 025\nPariaman, KB 09172	086 445 9864	2025-11-29	15000000.00	Online Transaction
1715	2026-02-12	2	Printer Epson	2500000.00	2	5000000.00	381	Soleh Padmasari	Gang Pelajar Pejuang No. 00\nDenpasar, BT 17587	+62-411-275-6733	2026-02-12	5000000.00	Online Transaction
1717	2025-07-24	2	Printer Epson	2500000.00	4	10000000.00	537	Dr. Jatmiko Nasyiah, S.IP	Jalan Sukajadi No. 48\nTidore Kepulauan, BA 65656	(0908) 006 2693	2025-07-24	10000000.00	Product Sale
1720	2025-10-09	2	Printer Epson	2500000.00	4	10000000.00	181	dr. Farah Halimah, S.Pt	Jl. Jend. Sudirman No. 93\nSabang, NT 55968	+62 (04) 500-9113	2025-10-09	10000000.00	Store Sale
1721	2026-01-01	2	Printer Epson	2500000.00	5	12500000.00	1571	Farah Handayani	Gang Dr. Djunjunan No. 2\nPalopo, JA 38706	+62-12-207-3522	2026-01-01	12500000.00	Product Sale
1723	2025-07-10	2	Printer Epson	2500000.00	8	20000000.00	1664	Adinata Januar, M.M.	Gang Rungkut Industri No. 12\nSurabaya, KU 16978	+62 (0886) 539 4108	2025-07-10	20000000.00	Online Transaction
1725	2025-10-13	2	Printer Epson	2500000.00	3	7500000.00	743	Jasmin Pradana	Jalan S. Parman No. 38\nKupang, JI 40890	(0553) 138-9361	2025-10-13	7500000.00	Store Sale
1734	2026-02-02	2	Printer Epson	2500000.00	4	10000000.00	508	Tirtayasa Usamah, M.M.	Jalan KH Amin Jasuta No. 6\nPayakumbuh, SS 60137	081 374 8206	2026-02-02	10000000.00	Customer Purchase
1735	2026-05-26	2	Printer Epson	2500000.00	2	5000000.00	344	Prakosa Hakim	Jl. Sukabumi No. 38\nKota Administrasi Jakarta Pusat, Bali 02291	+62-81-095-0461	2026-05-26	5000000.00	Online Transaction
1745	2026-04-26	2	Printer Epson	2500000.00	1	2500000.00	1027	Adinata Nainggolan, M.Farm	Gang Veteran No. 60\nSungai Penuh, GO 70407	0818762012	2026-04-26	2500000.00	Customer Purchase
1747	2025-11-21	2	Printer Epson	2500000.00	4	10000000.00	658	Jati Mandala	Gang Cihampelas No. 551\nSurakarta, JI 15764	(0954) 146-6608	2025-11-21	10000000.00	Store Sale
1750	2025-09-10	2	Printer Epson	2500000.00	5	12500000.00	1792	Tami Handayani, S.Pt	Jl. Rumah Sakit No. 9\nPalu, JT 65913	+62 (117) 796 3152	2025-09-10	12500000.00	Customer Purchase
1752	2025-11-24	2	Printer Epson	2500000.00	1	2500000.00	1	Test Data	Jakarta	0800000000	2025-11-24	2500000.00	Online Transaction
1755	2026-06-03	2	Printer Epson	2500000.00	6	15000000.00	1999	Candra Hidayat, S.Sos	Jalan Monginsidi No. 0\nSolok, DI Yogyakarta 89072	(0481) 889 2972	2026-06-03	15000000.00	Product Sale
1759	2026-01-13	2	Printer Epson	2500000.00	6	15000000.00	585	R. Ega Mardhiyah	Gang Stasiun Wonokromo No. 159\nPadang, YO 91193	+62-881-074-5515	2026-01-13	15000000.00	Customer Purchase
1766	2026-01-25	2	Printer Epson	2500000.00	1	2500000.00	759	Tgk. Patricia Siregar	Gg. K.H. Wahid Hasyim No. 952\nSabang, Kalimantan Tengah 89333	+62 (28) 630 4264	2026-01-25	2500000.00	Store Sale
1770	2026-02-19	2	Printer Epson	2500000.00	5	12500000.00	1699	T. Lamar Prayoga	Gg. Gedebage Selatan No. 557\nKota Administrasi Jakarta Utara, Papua 49019	0856501881	2026-02-19	12500000.00	Store Sale
1774	2025-10-11	2	Printer Epson	2500000.00	8	20000000.00	732	KH. Cengkal Haryanto, M.TI.	Gg. S. Parman No. 24\nTanjungpinang, Banten 35027	+62-0720-517-7420	2025-10-11	20000000.00	Store Sale
1775	2025-08-15	2	Printer Epson	2500000.00	3	7500000.00	274	Dalima Natsir	Gg. Waringin No. 164\nMalang, Kepulauan Bangka Belitung 62903	+62 (0130) 575 9023	2025-08-15	7500000.00	Product Sale
1782	2026-04-11	2	Printer Epson	2500000.00	9	22500000.00	952	T. Adika Thamrin, M.TI.	Jalan Kapten Muslihat No. 044\nBanda Aceh, SR 11602	+62 (119) 456 0653	2026-04-11	22500000.00	Product Sale
1785	2026-05-24	2	Printer Epson	2500000.00	3	7500000.00	330	Tgk. Purwa Widiastuti	Jl. Rajiman No. 443\nCilegon, Jambi 99533	(030) 098-0850	2026-05-24	7500000.00	Online Transaction
1786	2025-12-03	2	Printer Epson	2500000.00	1	2500000.00	448	Dr. Utama Utami	Jl. Joyoboyo No. 01\nMakassar, SG 07135	+62 (064) 641-9155	2025-12-03	2500000.00	Online Transaction
1789	2026-07-03	2	Printer Epson	2500000.00	5	12500000.00	2002	Cahyo Rahmawati	Jalan Abdul Muis No. 6\nTomohon, Sulawesi Tengah 62936	0826218353	2026-07-03	12500000.00	Customer Purchase
1790	2026-02-13	2	Printer Epson	2500000.00	10	25000000.00	798	Dt. Muni Santoso	Gang Ronggowarsito No. 2\nSingkawang, BT 12135	+62-0393-232-2114	2026-02-13	25000000.00	Online Transaction
1792	2026-02-26	2	Printer Epson	2500000.00	9	22500000.00	932	R.M. Luluh Purwanti, S.E.	Jalan Kebonjati No. 95\nSamarinda, ST 11719	(095) 504 5884	2026-02-26	22500000.00	Product Sale
1802	2026-05-02	2	Printer Epson	2500000.00	1	2500000.00	1406	Oskar Sitorus	Jalan Kiaracondong No. 044\nPalembang, Sulawesi Utara 12147	(0095) 533-7204	2026-05-02	2500000.00	Online Transaction
1807	2025-08-01	2	Printer Epson	2500000.00	2	5000000.00	472	Indah Riyanti	Jalan Lembong No. 919\nJayapura, Sumatera Barat 14852	+62 (0039) 342 2233	2025-08-01	5000000.00	Online Transaction
1829	2025-11-16	2	Printer Epson	2500000.00	2	5000000.00	657	Hani Najmudin	Jalan Peta No. 738\nDumai, Jawa Timur 82877	+62 (030) 392 6370	2025-11-16	5000000.00	Product Sale
1831	2025-10-20	2	Printer Epson	2500000.00	7	17500000.00	1137	Zulfa Habibi	Gg. Setiabudhi No. 85\nBatam, Sulawesi Tengah 06592	+62 (496) 557 7819	2025-10-20	17500000.00	Customer Purchase
1832	2026-05-22	2	Printer Epson	2500000.00	1	2500000.00	1040	Harsana Mardhiyah	Jl. Dipenogoro No. 132\nTangerang Selatan, KU 25513	+62-65-173-4873	2026-05-22	2500000.00	Store Sale
1850	2026-02-22	2	Printer Epson	2500000.00	5	12500000.00	973	Yessi Maulana	Jl. Dipenogoro No. 437\nKupang, JT 06859	+62 (06) 163 5987	2026-02-22	12500000.00	Customer Purchase
1853	2026-05-25	2	Printer Epson	2500000.00	2	5000000.00	165	R. Usman Saragih	Jl. Jakarta No. 1\nTomohon, Banten 05292	+62-067-917-9531	2026-05-25	5000000.00	Store Sale
1855	2026-07-02	2	Printer Epson	2500000.00	7	17500000.00	1512	Ikhsan Hutapea	Jalan Kiaracondong No. 531\nSorong, SR 65758	(054) 129-6561	2026-07-02	17500000.00	Customer Purchase
1871	2025-10-03	2	Printer Epson	2500000.00	6	15000000.00	118	Tantri Padmasari	Jl. Kendalsari No. 91\nBima, BB 13183	+62 (045) 713 4904	2025-10-03	15000000.00	Product Sale
1874	2026-05-08	2	Printer Epson	2500000.00	2	5000000.00	374	Okto Setiawan	Gg. Lembong No. 03\nPurwokerto, KI 46773	+62-57-875-4138	2026-05-08	5000000.00	Online Transaction
1876	2026-01-25	2	Printer Epson	2500000.00	10	25000000.00	155	Parman Dabukke	Jl. M.T Haryono No. 28\nPariaman, SG 55603	080 820 7185	2026-01-25	25000000.00	Customer Purchase
1883	2026-02-07	2	Printer Epson	2500000.00	10	25000000.00	1788	Hamima Rahmawati, S.Farm	NULL	+62-0310-073-9317	2026-02-07	25000000.00	Store Sale
1888	2026-06-24	2	Printer Epson	2500000.00	10	25000000.00	1632	Jamalia Waluyo	Gang Ahmad Yani No. 115\nKendari, BE 53657	(0751) 285 8763	2026-06-24	25000000.00	Online Transaction
1896	2025-07-25	2	Printer Epson	2500000.00	7	17500000.00	447	R. Candra Yulianti	Gg. Gedebage Selatan No. 6\nTual, SR 34323	(016) 832-2944	2025-07-25	17500000.00	Customer Purchase
1897	2026-01-01	2	Printer Epson	2500000.00	10	25000000.00	1499	Putu Nurdiyanti	Gang Rumah Sakit No. 524\nPayakumbuh, Bengkulu 80020	+62 (0034) 683-2325	2026-01-01	25000000.00	Online Transaction
1906	2026-05-16	2	Printer Epson	2500000.00	7	17500000.00	1918	Tgk. Jail Nuraini, S.I.Kom	Jl. Rajawali Timur No. 753\nCirebon, DI Yogyakarta 98079	+62 (32) 408 7639	2026-05-16	17500000.00	Store Sale
1910	2026-01-30	2	Printer Epson	2500000.00	5	12500000.00	228	Gasti Suwarno	Gg. Pasirkoja No. 4\nBekasi, MU 22416	0860238662	2026-01-30	12500000.00	Product Sale
1912	2026-07-03	2	Printer Epson	2500000.00	9	22500000.00	404	Baktiadi Prasasta, S.E.I	Gg. Merdeka No. 669\nPasuruan, KB 81763	(0820) 423-3667	2026-07-03	22500000.00	Store Sale
1923	2025-08-21	2	Printer Epson	2500000.00	5	12500000.00	384	Iriana Nashiruddin	Gang Gedebage Selatan No. 10\nKota Administrasi Jakarta Utara, JK 17426	+62 (0153) 655 0257	2025-08-21	12500000.00	Store Sale
1925	2025-08-09	2	Printer Epson	2500000.00	4	10000000.00	5	Okto Puspita	Jalan Cihampelas No. 402\nMalang, Nusa Tenggara Barat 65000	(0162) 053 8179	2025-08-09	10000000.00	Customer Purchase
1937	2026-03-02	2	Printer Epson	2500000.00	6	15000000.00	1823	Garda Sirait	NULL	+62 (301) 961-6939	2026-03-02	15000000.00	Online Transaction
1938	2025-07-30	2	Printer Epson	2500000.00	4	10000000.00	143	Tgk. Mahdi Natsir, S.Gz	Jalan H.J Maemunah No. 67\nBatu, SU 34279	(055) 341-7303	2025-07-30	10000000.00	Store Sale
1942	2026-06-13	2	Printer Epson	2500000.00	1	2500000.00	980	Cakrabirawa Utami	Jalan Pasteur No. 100\nBalikpapan, SR 86316	+62 (0651) 725-7024	2026-06-13	2500000.00	Product Sale
1945	2026-05-17	2	Printer Epson	2500000.00	6	15000000.00	55	Kamidin Prabowo	Jalan Cihampelas No. 42\nPadang Sidempuan, Maluku Utara 41483	+62 (001) 753 0137	2026-05-17	15000000.00	Store Sale
1948	2026-05-16	2	Printer Epson	2500000.00	7	17500000.00	1353	Gaduh Haryanto	Gang HOS. Cokroaminoto No. 180\nSalatiga, Gorontalo 62126	+62 (0107) 480-9871	2026-05-16	17500000.00	Customer Purchase
1949	2026-04-07	2	Printer Epson	2500000.00	4	10000000.00	1622	drg. Gaiman Oktaviani	Gg. Ciwastra No. 6\nMagelang, Sulawesi Selatan 77712	+62-712-660-4918	2026-04-07	10000000.00	Online Transaction
1955	2026-03-11	2	Printer Epson	2500000.00	1	2500000.00	805	Raina Hidayat	Gang M.H Thamrin No. 231\nPekalongan, Nusa Tenggara Timur 78743	(013) 469 3436	2026-03-11	2500000.00	Product Sale
1957	2025-09-18	2	Printer Epson	2500000.00	3	7500000.00	1966	Bahuraksa Purwanti	Jl. Waringin No. 388\nTanjungbalai, KR 32851	(0329) 650 4769	2025-09-18	7500000.00	Customer Purchase
1961	2025-07-25	2	Printer Epson	2500000.00	8	20000000.00	1128	Septi Maryati	NULL	+62-078-853-5787	2025-07-25	20000000.00	Online Transaction
1962	2026-03-29	2	Printer Epson	2500000.00	2	5000000.00	1630	Cindy Sirait	Jalan Kapten Muslihat No. 98\nSerang, SS 58698	+62-385-423-3536	2026-03-29	5000000.00	Product Sale
1964	2025-11-24	2	Printer Epson	2500000.00	4	10000000.00	227	KH. Opan Sirait	Jl. Peta No. 87\nDumai, Kalimantan Utara 07807	+62 (067) 854-8979	2025-11-24	10000000.00	Product Sale
1966	2026-06-05	2	Printer Epson	2500000.00	3	7500000.00	530	Anastasia Habibi	Jl. Pasteur No. 20\nSingkawang, Banten 28893	(0182) 842 0402	2026-06-05	7500000.00	Online Transaction
1973	2025-10-11	2	Printer Epson	2500000.00	6	15000000.00	787	Ratih Sinaga	Jalan Jakarta No. 160\nTidore Kepulauan, SR 28984	+62-05-938-2954	2025-10-11	15000000.00	Product Sale
1982	2026-02-05	2	Printer Epson	2500000.00	2	5000000.00	1664	Adinata Januar, M.M.	Gang Rungkut Industri No. 12\nSurabaya, KU 16978	+62 (0886) 539 4108	2026-02-05	5000000.00	Customer Purchase
1986	2025-07-22	2	Printer Epson	2500000.00	10	25000000.00	1008	Sutan Gamblang Purnawati	Gg. W.R. Supratman No. 588\nSorong, YO 50475	(047) 944 7704	2025-07-22	25000000.00	Customer Purchase
1987	2026-05-18	2	Printer Epson	2500000.00	8	20000000.00	1025	Drs. Ifa Budiman, M.Kom.	Jl. Antapani Lama No. 6\nLhokseumawe, Sulawesi Tengah 16275	(0286) 362-6536	2026-05-18	20000000.00	Online Transaction
1992	2025-11-09	2	Printer Epson	2500000.00	4	10000000.00	1197	KH. Kenari Gunawan, S.E.	Jalan M.H Thamrin No. 504\nTangerang Selatan, PA 51146	+62 (107) 685 7780	2025-11-09	10000000.00	Customer Purchase
1993	2025-11-20	2	Printer Epson	2500000.00	1	2500000.00	62	T. Prayogo Budiman	Gang Kebonjati No. 59\nKota Administrasi Jakarta Selatan, Sumatera Barat 59350	+62-0484-548-5874	2025-11-20	2500000.00	Store Sale
1995	2026-04-26	2	Printer Epson	2500000.00	2	5000000.00	705	Jail Nasyiah, S.IP	Gg. Monginsidi No. 46\nCirebon, YO 22071	+62 (0010) 863-9985	2026-04-26	5000000.00	Online Transaction
2026	2026-06-07	2	Printer Epson	2500000.00	1	2500000.00	221	Aris Wahyudin	Jalan Antapani Lama No. 12\nSolok, Lampung 63627	+62-599-280-7609	2026-06-07	2500000.00	Online Transaction
2028	2026-04-19	2	Printer Epson	2500000.00	3	7500000.00	1085	Icha Halim	NULL	(0460) 188-7609	2026-04-19	7500000.00	Store Sale
2032	2025-10-21	2	Printer Epson	2500000.00	10	25000000.00	677	Tgk. Respati Suartini, S.Ked	Jl. Ronggowarsito No. 201\nDumai, JB 39178	+62-675-693-1425	2025-10-21	25000000.00	Store Sale
2038	2026-01-15	2	Printer Epson	2500000.00	2	5000000.00	1681	Adinata Nainggolan, M.Farm	Gang Gegerkalong Hilir No. 60\nTegal, Riau 60681	088 187 4304	2026-01-15	5000000.00	Customer Purchase
2043	2026-04-16	2	Printer Epson	2500000.00	4	10000000.00	1151	Dt. Harsanto Kusumo	Gg. KH Amin Jasuta No. 24\nPekalongan, Sulawesi Selatan 58688	+62 (069) 132-3241	2026-04-16	10000000.00	Customer Purchase
2049	2025-09-30	2	Printer Epson	2500000.00	7	17500000.00	1864	KH. Artanto Winarsih, S.E.I	Gang Ir. H. Djuanda No. 99\nSamarinda, Sumatera Utara 74590	+62 (709) 138-3862	2025-09-30	17500000.00	Store Sale
2050	2025-12-16	2	Printer Epson	2500000.00	1	2500000.00	1936	Septi Gunawan	Gg. Rajiman No. 606\nDumai, Aceh 08442	+62-0525-521-7489	2025-12-16	2500000.00	Product Sale
2055	2026-06-14	2	Printer Epson	2500000.00	4	10000000.00	832	Prasetya Wibisono	Gg. Peta No. 135\nPontianak, PB 21464	(073) 607-4068	2026-06-14	10000000.00	Online Transaction
2059	2026-06-16	2	Printer Epson	2500000.00	7	17500000.00	452	Salimah Siregar	Jalan Gedebage Selatan No. 0\nKupang, MU 15491	(055) 393 9511	2026-06-16	17500000.00	Online Transaction
2064	2026-02-03	2	Printer Epson	2500000.00	5	12500000.00	1158	Bajragin Utama	Gang Bangka Raya No. 32\nSukabumi, LA 99944	(0074) 971-5142	2026-02-03	12500000.00	Customer Purchase
2075	2025-08-27	2	Printer Epson	2500000.00	2	5000000.00	703	Candra Salahudin	Gg. Raya Setiabudhi No. 6\nLhokseumawe, GO 13034	(077) 987-9417	2025-08-27	5000000.00	Online Transaction
2077	2026-07-03	2	Printer Epson	2500000.00	10	25000000.00	585	R. Ega Mardhiyah	Gang Stasiun Wonokromo No. 159\nPadang, YO 91193	+62-881-074-5515	2026-07-03	25000000.00	Online Transaction
2088	2026-04-30	2	Printer Epson	2500000.00	9	22500000.00	255	Tgk. Salwa Puspita	Gang Wonoayu No. 7\nBekasi, Gorontalo 23445	+62 (00) 628 7912	2026-04-30	22500000.00	Store Sale
2097	2025-11-19	2	Printer Epson	2500000.00	1	2500000.00	1888	R. Karimah Puspita, M.Ak	Gg. Gardujati No. 6\nBatam, KS 65132	+62 (032) 059-8522	2025-11-19	2500000.00	Store Sale
2098	2026-05-27	2	Printer Epson	2500000.00	4	10000000.00	1124	Silvia Kuswoyo	Jl. Cikapayang No. 54\nDumai, SB 45320	+62 (927) 737-8985	2026-05-27	10000000.00	Customer Purchase
2112	2025-09-18	2	Printer Epson	2500000.00	6	15000000.00	1765	Dt. Makara Purnawati, M.Kom.	Gg. Cihampelas No. 73\nSukabumi, NT 16028	+62 (009) 607-7933	2025-09-18	15000000.00	Online Transaction
2116	2025-08-30	2	Printer Epson	2500000.00	1	2500000.00	1169	Purwadi Waskita	Jalan Kiaracondong No. 1\nParepare, Riau 24340	(016) 886 1328	2025-08-30	2500000.00	Online Transaction
2117	2025-07-19	2	Printer Epson	2500000.00	7	17500000.00	1793	Ajiman Sitorus	Gang Moch. Toha No. 240\nDenpasar, BA 12088	+62-041-149-4811	2025-07-19	17500000.00	Store Sale
2118	2025-12-30	2	Printer Epson	2500000.00	1	2500000.00	1409	Dr. Ganjaran Salahudin, M.Ak	Gg. Indragiri No. 454\nPekalongan, Sulawesi Tenggara 43387	+62 (063) 729-8828	2025-12-30	2500000.00	Customer Purchase
2120	2025-08-09	2	Printer Epson	2500000.00	10	25000000.00	1189	Wakiman Dabukke	Jalan Sukabumi No. 528\nDumai, NB 81364	084 428 2839	2025-08-09	25000000.00	Customer Purchase
2126	2026-06-02	2	Printer Epson	2500000.00	10	25000000.00	1949	Cengkir Mustofa	Jalan Tebet Barat Dalam No. 8\nSolok, KB 53264	+62 (0564) 668 2691	2026-06-02	25000000.00	Store Sale
2129	2026-01-07	2	Printer Epson	2500000.00	8	20000000.00	1373	Raisa Wastuti	Gg. Dipenogoro No. 680\nSingkawang, SU 45575	+62 (0667) 399 4904	2026-01-07	20000000.00	Store Sale
2132	2025-11-11	2	Printer Epson	2500000.00	10	25000000.00	1708	Cinthia Manullang	Gg. Laswi No. 74\nBanda Aceh, SB 11272	+62 (036) 487 3402	2025-11-11	25000000.00	Customer Purchase
2138	2026-02-05	2	Printer Epson	2500000.00	10	25000000.00	1879	Surya Halim	Jl. R.E Martadinata No. 83\nBandung, Jambi 54457	+62 (0280) 429 2716	2026-02-05	25000000.00	Store Sale
2145	2026-02-04	2	Printer Epson	2500000.00	1	2500000.00	1865	Prayoga Hakim	Jl. Erlangga No. 90\nKota Administrasi Jakarta Barat, KU 51664	+62 (71) 110-5978	2026-02-04	2500000.00	Online Transaction
2153	2026-04-12	2	Printer Epson	2500000.00	2	5000000.00	783	Genta Dabukke	Gang Suryakencana No. 9\nKendari, Nusa Tenggara Timur 25568	+62-905-036-6513	2026-04-12	5000000.00	Online Transaction
2154	2025-09-05	2	Printer Epson	2500000.00	2	5000000.00	1733	Jessica Susanti	Gg. W.R. Supratman No. 003\nCirebon, KS 72191	(094) 948-1486	2025-09-05	5000000.00	Customer Purchase
2163	2025-08-04	2	Printer Epson	2500000.00	5	12500000.00	267	Padma Nasyidah	Gang Rungkut Industri No. 619\nBanjar, Bengkulu 14045	(093) 026 0878	2025-08-04	12500000.00	Store Sale
2169	2026-02-18	2	Printer Epson	2500000.00	4	10000000.00	1664	Adinata Januar, M.M.	Gang Rungkut Industri No. 12\nSurabaya, KU 16978	+62 (0886) 539 4108	2026-02-18	10000000.00	Online Transaction
2172	2025-10-30	2	Printer Epson	2500000.00	4	10000000.00	1862	drg. Naradi Hidayanto, S.Sos	Gg. Erlangga No. 9\nMedan, Sulawesi Utara 33443	+62 (055) 883-7617	2025-10-30	10000000.00	Online Transaction
2176	2026-05-09	2	Printer Epson	2500000.00	4	10000000.00	306	Gabriella Halimah	Jl. BKR No. 2\nPekanbaru, BE 96954	+62-0987-938-5209	2026-05-09	10000000.00	Customer Purchase
2188	2026-03-06	2	Printer Epson	2500000.00	4	10000000.00	1973	Yessi Maulana	Jl. Dipenogoro No. 437\nKupang, JT 06859	+62 (06) 163 5987	2026-03-06	10000000.00	Online Transaction
2211	2026-04-27	2	Printer Epson	2500000.00	3	7500000.00	935	Tgk. Maida Pranowo	Jalan Abdul Muis No. 4\nPariaman, Jawa Timur 85760	+62 (093) 356 1295	2026-04-27	7500000.00	Online Transaction
2213	2026-05-31	2	Printer Epson	2500000.00	7	17500000.00	1890	KH. Cecep Hidayanto, M.Farm	NULL	+62 (0137) 167-7135	2026-05-31	17500000.00	Product Sale
2218	2026-04-15	2	Printer Epson	2500000.00	9	22500000.00	509	Balamantri Wibisono	NULL	+62-019-972-4019	2026-04-15	22500000.00	Customer Purchase
2223	2026-06-17	2	Printer Epson	2500000.00	6	15000000.00	482	Galur Pertiwi	Jalan R.E Martadinata No. 52\nSalatiga, Kepulauan Riau 89603	+62-098-116-8158	2026-06-17	15000000.00	Online Transaction
2227	2025-12-21	2	Printer Epson	2500000.00	7	17500000.00	165	R. Usman Saragih	Jl. Jakarta No. 1\nTomohon, Banten 05292	+62-067-917-9531	2025-12-21	17500000.00	Customer Purchase
2231	2025-07-29	2	Printer Epson	2500000.00	7	17500000.00	9	Ana Prasetya	Jl. Astana Anyar No. 936\nDenpasar, KR 34561	+62 (0506) 321-2435	2025-07-29	17500000.00	Store Sale
2232	2026-05-10	2	Printer Epson	2500000.00	2	5000000.00	329	Vivi Sihombing	Jl. Kapten Muslihat No. 8\nSingkawang, Sumatera Utara 37383	+62 (0869) 190 0279	2026-05-10	5000000.00	Customer Purchase
2234	2026-03-10	2	Printer Epson	2500000.00	5	12500000.00	149	Rizki Saefullah	Gg. Stasiun Wonokromo No. 9\nCirebon, MA 05661	+62 (10) 608-2658	2026-03-10	12500000.00	Customer Purchase
2237	2025-11-28	2	Printer Epson	2500000.00	7	17500000.00	842	Nadia Putra, M.TI.	Jl. Rajiman No. 44\nBanjarbaru, SG 40650	0840649824	2025-11-28	17500000.00	Customer Purchase
2248	2026-05-29	2	Printer Epson	2500000.00	2	5000000.00	1796	Tasnim Prastuti	Jalan Suniaraja No. 7\nPariaman, Jawa Barat 79096	+62 (330) 096 4365	2026-05-29	5000000.00	Product Sale
2261	2026-05-16	2	Printer Epson	2500000.00	8	20000000.00	989	Ilyas Rajasa	Gang Dipenogoro No. 202\nPalopo, MU 70730	+62 (012) 474 8917	2026-05-16	20000000.00	Online Transaction
2265	2026-01-25	2	Printer Epson	2500000.00	8	20000000.00	489	Kenzie Santoso, S.H.	Jl. Jamika No. 8\nGorontalo, Maluku Utara 81086	+62-678-955-1084	2026-01-25	20000000.00	Online Transaction
2277	2025-10-17	2	Printer Epson	2500000.00	8	20000000.00	736	Nurul Kuswandari	Jalan K.H. Wahid Hasyim No. 43\nTegal, Kalimantan Barat 69102	+62 (370) 450 2108	2025-10-17	20000000.00	Customer Purchase
2278	2026-02-19	2	Printer Epson	2500000.00	8	20000000.00	1253	dr. Amalia Pudjiastuti	Gg. Gegerkalong Hilir No. 6\nParepare, JT 41262	+62 (072) 669 4825	2026-02-19	20000000.00	Online Transaction
2280	2025-09-28	2	Printer Epson	2500000.00	7	17500000.00	620	Natalia Andriani	Gg. Cikutra Barat No. 868\nSawahlunto, KU 78966	+62-0595-541-8433	2025-09-28	17500000.00	Online Transaction
2282	2026-02-01	2	Printer Epson	2500000.00	2	5000000.00	66	Drs. Belinda Anggriawan	NULL	+62 (24) 915 1414	2026-02-01	5000000.00	Product Sale
2290	2025-11-07	2	Printer Epson	2500000.00	8	20000000.00	1925	R. Queen Prakasa	Jl. Moch. Ramdan No. 12\nBanjarbaru, BE 64951	+62-533-954-5542	2025-11-07	20000000.00	Product Sale
2296	2026-06-29	2	Printer Epson	2500000.00	10	25000000.00	106	Dr. Adiarja Maryadi	Gg. Kebonjati No. 7\nCilegon, JT 42338	084 092 9411	2026-06-29	25000000.00	Customer Purchase
2297	2025-10-18	2	Printer Epson	2500000.00	7	17500000.00	1222	Dr. Garang Utami	Gang Jakarta No. 4\nPayakumbuh, JB 78198	+62-035-841-3390	2025-10-18	17500000.00	Product Sale
2305	2026-01-17	2	Printer Epson	2500000.00	6	15000000.00	551	Ifa Iswahyudi	Jl. Ahmad Yani No. 6\nKota Administrasi Jakarta Timur, Maluku 39552	(046) 140 5524	2026-01-17	15000000.00	Product Sale
2314	2025-10-18	2	Printer Epson	2500000.00	5	12500000.00	243	Lalita Hutagalung, S.I.Kom	Jalan M.H Thamrin No. 62\nBanjarbaru, BT 46890	+62 (326) 015 7811	2025-10-18	12500000.00	Online Transaction
2315	2026-05-31	2	Printer Epson	2500000.00	4	10000000.00	1257	Jelita Melani	Gang Pacuan Kuda No. 535\nTernate, Nusa Tenggara Barat 94843	+62 (0861) 480 3094	2026-05-31	10000000.00	Online Transaction
2317	2026-07-07	2	Printer Epson	2500000.00	4	10000000.00	1402	Radit Zulaika	Gang Kutai No. 6\nSibolga, Jambi 68745	+62 (055) 597 0474	2026-07-07	10000000.00	Online Transaction
2319	2025-09-20	2	Printer Epson	2500000.00	5	12500000.00	302	Bagya Tarihoran	Gg. Rungkut Industri No. 09\nBanjar, BE 39599	+62 (0399) 619-2520	2025-09-20	12500000.00	Customer Purchase
2321	2026-02-08	2	Printer Epson	2500000.00	10	25000000.00	236	R. Gilda Damanik	Gg. Moch. Ramdan No. 2\nParepare, Bali 07713	+62 (312) 888-6657	2026-02-08	25000000.00	Customer Purchase
2326	2026-06-06	2	Printer Epson	2500000.00	2	5000000.00	298	Gada Marbun, S.Farm	Gg. Rajiman No. 4\nBengkulu, KR 52986	+62-039-696-0689	2026-06-06	5000000.00	Customer Purchase
2327	2025-11-09	2	Printer Epson	2500000.00	8	20000000.00	1467	dr. Tira Pratama	Jl. Ir. H. Djuanda No. 825\nManado, Kepulauan Riau 35165	(075) 456-3372	2025-11-09	20000000.00	Customer Purchase
2331	2026-07-02	2	Printer Epson	2500000.00	10	25000000.00	777	Ellis Saptono	Gang Ciumbuleuit No. 1\nTomohon, Sumatera Barat 46067	+62 (06) 871 5813	2026-07-02	25000000.00	Product Sale
2335	2025-08-22	2	Printer Epson	2500000.00	7	17500000.00	423	Dt. Luluh Yulianti, M.Pd	Jalan Yos Sudarso No. 63\nPalopo, NT 57274	(0830) 692 9316	2025-08-22	17500000.00	Online Transaction
2340	2025-09-12	2	Printer Epson	2500000.00	1	2500000.00	1755	Paiman Sinaga	Jl. Sukajadi No. 8\nKota Administrasi Jakarta Timur, Kalimantan Barat 69835	+62 (810) 609-4057	2025-09-12	2500000.00	Product Sale
2344	2026-05-16	2	Printer Epson	2500000.00	1	2500000.00	1696	Nadine Nasyidah	Jalan Kendalsari No. 533\nTasikmalaya, SU 88576	(0553) 483-7365	2026-05-16	2500000.00	Customer Purchase
2347	2026-04-05	2	Printer Epson	2500000.00	3	7500000.00	1749	Drs. Lantar Halim, S.E.	Jalan Rungkut Industri No. 053\nDepok, Kalimantan Timur 29620	085 158 7759	2026-04-05	7500000.00	Customer Purchase
2348	2026-06-13	2	Printer Epson	2500000.00	3	7500000.00	768	Purwadi Putra	Jl. Sentot Alibasa No. 46\nMagelang, JB 16921	+62 (098) 200 1229	2026-06-13	7500000.00	Online Transaction
2349	2026-01-14	2	Printer Epson	2500000.00	4	10000000.00	1352	Talia Marbun	Jalan Cempaka No. 03\nBandar Lampung, KB 63273	(0500) 709 2701	2026-01-14	10000000.00	Online Transaction
2351	2025-10-28	2	Printer Epson	2500000.00	8	20000000.00	128	Septi Maryati	NULL	+62-078-853-5787	2025-10-28	20000000.00	Customer Purchase
2354	2026-03-23	2	Printer Epson	2500000.00	5	12500000.00	1845	Gamanto Mayasari	Gg. Rajawali Timur No. 526\nMedan, MU 65008	(0223) 923-0931	2026-03-23	12500000.00	Customer Purchase
2359	2026-01-06	2	Printer Epson	2500000.00	6	15000000.00	177	Drs. Radika Wijayanti, S.E.I	Gg. Kiaracondong No. 1\nCimahi, Papua Barat 35158	(050) 752 4133	2026-01-06	15000000.00	Product Sale
2363	2026-01-20	2	Printer Epson	2500000.00	5	12500000.00	1827	Garan Saragih	Gg. Rajawali Timur No. 8\nKota Administrasi Jakarta Pusat, Nusa Tenggara Barat 01826	+62 (92) 172-3972	2026-01-20	12500000.00	Store Sale
2366	2025-09-14	2	Printer Epson	2500000.00	5	12500000.00	1688	Zulaikha Irawan	Jl. PHH. Mustofa No. 635\nBandar Lampung, BE 38504	+62 (60) 738-2992	2025-09-14	12500000.00	Product Sale
2369	2026-05-22	2	Printer Epson	2500000.00	2	5000000.00	1641	T. Heryanto Pranowo, S.Pt	Jalan M.T Haryono No. 6\nPadang Sidempuan, BE 13262	+62-0552-178-8213	2026-05-22	5000000.00	Store Sale
2377	2026-02-27	2	Printer Epson	2500000.00	4	10000000.00	1871	Candra Handayani	Jalan Kebonjati No. 893\nSemarang, JT 12650	0805750171	2026-02-27	10000000.00	Product Sale
2379	2025-11-10	2	Printer Epson	2500000.00	7	17500000.00	410	KH. Marsudi Permata	Jalan Indragiri No. 69\nSabang, SN 32171	(0805) 816 7342	2025-11-10	17500000.00	Product Sale
2381	2025-10-24	2	Printer Epson	2500000.00	6	15000000.00	101	R.A. Kamaria Permadi, M.Farm	Jl. Laswi No. 4\nTanjungpinang, LA 66348	(098) 624 3148	2025-10-24	15000000.00	Customer Purchase
2385	2025-09-18	2	Printer Epson	2500000.00	1	2500000.00	310	Dr. Marsudi Halimah, S.I.Kom	Jl. Gardujati No. 52\nMalang, Riau 31527	+62 (0732) 564-2337	2025-09-18	2500000.00	Customer Purchase
2390	2025-08-03	2	Printer Epson	2500000.00	4	10000000.00	1456	Rangga Purnawati	Gg. Medokan Ayu No. 55\nBima, Sumatera Selatan 72111	+62-73-185-0690	2025-08-03	10000000.00	Online Transaction
2398	2025-09-14	2	Printer Epson	2500000.00	8	20000000.00	192	Mursita Waluyo	Jalan Sadang Serang No. 9\nJayapura, Bali 31883	+62 (0651) 756 8969	2025-09-14	20000000.00	Store Sale
2399	2026-05-19	2	Printer Epson	2500000.00	2	5000000.00	1186	Ulva Pudjiastuti	Jl. Kebonjati No. 69\nPematangsiantar, JT 26987	+62-056-999-2390	2026-05-19	5000000.00	Online Transaction
2407	2025-09-06	2	Printer Epson	2500000.00	9	22500000.00	939	Jinawi Budiman	Jl. Abdul Muis No. 4\nCimahi, JI 66904	+62-72-446-3878	2025-09-06	22500000.00	Store Sale
2425	2026-07-01	2	Printer Epson	2500000.00	4	10000000.00	1287	Mulya Lestari	Jalan Pasir Koja No. 355\nPadangpanjang, SR 77285	+62-923-877-8964	2026-07-01	10000000.00	Online Transaction
2426	2026-01-14	2	Printer Epson	2500000.00	1	2500000.00	1297	Kani Kusmawati	Gg. Rajawali Timur No. 038\nMalang, SN 25600	(058) 558-0263	2026-01-14	2500000.00	Product Sale
2429	2026-04-01	2	Printer Epson	2500000.00	9	22500000.00	1004	Uchita Anggriawan	Gg. Sadang Serang No. 860\nSurabaya, JI 41619	+62 (63) 895-0317	2026-04-01	22500000.00	Customer Purchase
2452	2026-06-19	2	Printer Epson	2500000.00	6	15000000.00	814	Putri Laksmiwati, S.Kom	Gang Gardujati No. 36\nCirebon, JT 06498	+62 (48) 602 7912	2026-06-19	15000000.00	Store Sale
2453	2025-08-25	2	Printer Epson	2500000.00	8	20000000.00	36	R.A. Puji Ardianto, S.Ked	Jl. Kapten Muslihat No. 68\nPalopo, JK 61996	+62 (018) 202 5033	2025-08-25	20000000.00	Store Sale
2459	2026-02-10	2	Printer Epson	2500000.00	1	2500000.00	1777	Ellis Saptono	Gang Ciumbuleuit No. 1\nTomohon, Sumatera Barat 46067	+62 (06) 871 5813	2026-02-10	2500000.00	Customer Purchase
2461	2026-06-04	2	Printer Epson	2500000.00	9	22500000.00	809	Wani Puspita	NULL	+62 (028) 811 6408	2026-06-04	22500000.00	Customer Purchase
2465	2026-06-28	2	Printer Epson	2500000.00	3	7500000.00	13	Dariati Manullang, M.M.	Jl. Stasiun Wonokromo No. 149\nJambi, Kepulauan Riau 75768	+62-0781-808-8536	2026-06-28	7500000.00	Store Sale
2467	2026-06-03	2	Printer Epson	2500000.00	8	20000000.00	74	Raina Pertiwi, M.M.	Gang Tubagus Ismail No. 86\nBima, SS 80257	+62-060-932-8291	2026-06-03	20000000.00	Product Sale
2473	2025-11-14	2	Printer Epson	2500000.00	10	25000000.00	1428	Ir. Caturangga Firmansyah	Jl. Ahmad Dahlan No. 97\nPasuruan, JI 05568	(0954) 572 6410	2025-11-14	25000000.00	Store Sale
2476	2025-12-19	2	Printer Epson	2500000.00	4	10000000.00	1113	Lili Hutapea	Jalan Sadang Serang No. 63\nPrabumulih, MA 91405	+62 (23) 488-1161	2025-12-19	10000000.00	Product Sale
2480	2026-01-16	2	Printer Epson	2500000.00	5	12500000.00	1182	R. Ulya Habibi, M.Farm	Jalan Rajawali Timur No. 84\nBanjar, Papua Barat 31696	+62-378-249-0175	2026-01-16	12500000.00	Customer Purchase
2484	2026-03-20	2	Printer Epson	2500000.00	1	2500000.00	605	R. Wani Lestari	Gg. Gegerkalong Hilir No. 037\nTasikmalaya, ST 89606	+62 (063) 139-2687	2026-03-20	2500000.00	Online Transaction
2487	2025-10-05	2	Printer Epson	2500000.00	3	7500000.00	1644	Pardi Prastuti	Gang Moch. Ramdan No. 52\nProbolinggo, PA 96133	+62 (971) 581 8057	2025-10-05	7500000.00	Product Sale
2488	2026-01-21	2	Printer Epson	2500000.00	10	25000000.00	112	dr. Amalia Pudjiastuti	Jl. Joyoboyo No. 1\nSolok, SU 33513	(044) 350-6752	2026-01-21	25000000.00	Online Transaction
2492	2026-03-04	2	Printer Epson	2500000.00	7	17500000.00	770	Karman Suwarno	Gg. Joyoboyo No. 0\nBengkulu, Sulawesi Barat 65387	(001) 271-5153	2026-03-04	17500000.00	Customer Purchase
2494	2026-01-13	2	Printer Epson	2500000.00	8	20000000.00	1227	KH. Opan Sirait	Jl. Peta No. 87\nDumai, Kalimantan Utara 07807	+62 (067) 854-8979	2026-01-13	20000000.00	Product Sale
2506	2025-11-10	2	Printer Epson	2500000.00	8	20000000.00	1916	Tgk. Alika Sitompul, S.Sos	NULL	+62-919-451-1085	2025-11-10	20000000.00	Product Sale
2511	2025-09-28	2	Printer Epson	2500000.00	9	22500000.00	81	Lanang Wijayanti	Jalan Jakarta No. 68\nSurabaya, BA 45152	+62-0647-410-5587	2025-09-28	22500000.00	Customer Purchase
2512	2025-12-12	2	Printer Epson	2500000.00	10	25000000.00	697	Dr. Agnes Habibi	Jalan Ahmad Yani No. 401\nBandung, KS 31865	+62 (072) 793-2281	2025-12-12	25000000.00	Product Sale
2514	2025-12-26	2	Printer Epson	2500000.00	4	10000000.00	305	Tgk. Najam Handayani, S.Gz	Gang W.R. Supratman No. 080\nBontang, YO 81616	081 068 9713	2025-12-26	10000000.00	Store Sale
2515	2026-03-28	2	Printer Epson	2500000.00	10	25000000.00	221	Aris Wahyudin	Jalan Antapani Lama No. 12\nSolok, Lampung 63627	+62-599-280-7609	2026-03-28	25000000.00	Customer Purchase
2521	2025-11-23	2	Printer Epson	2500000.00	9	22500000.00	10	Farah Budiman	Gg. Suniaraja No. 03\nPasuruan, Jawa Tengah 49852	+62 (0011) 838-8680	2025-11-23	22500000.00	Online Transaction
2523	2025-12-14	2	Printer Epson	2500000.00	6	15000000.00	840	Cayadi Halim	Jl. Gegerkalong Hilir No. 8\nTasikmalaya, JI 70094	(008) 919-4817	2025-12-14	15000000.00	Store Sale
2527	2026-03-28	2	Printer Epson	2500000.00	7	17500000.00	1465	Raden Hartati	Jl. Erlangga No. 510\nMadiun, KR 62792	+62 (776) 386-7599	2026-03-28	17500000.00	Customer Purchase
2534	2025-07-14	2	Printer Epson	2500000.00	10	25000000.00	121	dr. Dewi Purwanti	Jalan HOS. Cokroaminoto No. 44\nBanjarmasin, Kalimantan Timur 14048	(0661) 916-5988	2025-07-14	25000000.00	Online Transaction
2537	2026-02-22	2	Printer Epson	2500000.00	6	15000000.00	900	Daryani Pertiwi	Gang PHH. Mustofa No. 42\nPagaralam, NB 49272	(0014) 593-4034	2026-02-22	15000000.00	Product Sale
2542	2026-04-25	2	Printer Epson	2500000.00	5	12500000.00	712	Sabrina Narpati	Gang Jayawijaya No. 4\nSabang, BA 47897	+62 (0915) 691-7342	2026-04-25	12500000.00	Product Sale
2554	2026-01-24	2	Printer Epson	2500000.00	6	15000000.00	1091	Bala Irawan	Gang Indragiri No. 6\nBanjarmasin, Aceh 12762	(045) 754 1974	2026-01-24	15000000.00	Customer Purchase
2556	2025-11-15	2	Printer Epson	2500000.00	5	12500000.00	1393	Cornelia Hasanah	Gang K.H. Wahid Hasyim No. 97\nPalopo, JK 95011	+62 (060) 220-3231	2025-11-15	12500000.00	Product Sale
2560	2025-08-23	2	Printer Epson	2500000.00	7	17500000.00	1455	Calista Mayasari	Jl. Kebonjati No. 1\nManado, Kalimantan Utara 31958	+62-51-266-6926	2025-08-23	17500000.00	Store Sale
2561	2026-05-10	2	Printer Epson	2500000.00	3	7500000.00	1176	Darmanto Yuniar	Jalan H.J Maemunah No. 731\nBandar Lampung, DKI Jakarta 72126	+62-902-744-7919	2026-05-10	7500000.00	Online Transaction
2564	2026-01-05	2	Printer Epson	2500000.00	2	5000000.00	1952	T. Adika Thamrin, M.TI.	Jalan Kapten Muslihat No. 044\nBanda Aceh, SR 11602	+62 (119) 456 0653	2026-01-05	5000000.00	Store Sale
2568	2026-01-10	2	Printer Epson	2500000.00	10	25000000.00	809	Wani Puspita	NULL	+62 (028) 811 6408	2026-01-10	25000000.00	Product Sale
2570	2025-09-05	2	Printer Epson	2500000.00	10	25000000.00	594	Nadia Kurniawan	Jl. Lembong No. 703\nSorong, MU 10859	+62 (065) 256 5198	2025-09-05	25000000.00	Store Sale
2577	2026-02-19	2	Printer Epson	2500000.00	5	12500000.00	847	Julia Nashiruddin	Jl. Setiabudhi No. 5\nPangkalpinang, DKI Jakarta 65207	(0335) 583 6284	2026-02-19	12500000.00	Customer Purchase
2580	2026-05-12	2	Printer Epson	2500000.00	7	17500000.00	382	Oliva Prasetya	Jl. Veteran No. 96\nMalang, Maluku Utara 30927	(071) 376-0588	2026-05-12	17500000.00	Product Sale
2581	2026-07-08	2	Printer Epson	2500000.00	6	15000000.00	721	Umi Uyainah	Jl. Raya Ujungberung No. 798\nSubulussalam, SS 32179	+62 (0865) 171 8945	2026-07-08	15000000.00	Store Sale
2582	2025-11-29	2	Printer Epson	2500000.00	3	7500000.00	710	Galak Wasita	Gg. Ciwastra No. 306\nBanjarmasin, Jambi 05900	+62 (020) 576 3241	2025-11-29	7500000.00	Store Sale
2585	2025-12-01	2	Printer Epson	2500000.00	1	2500000.00	1815	Zulfa Aryani	Jalan Astana Anyar No. 5\nBanda Aceh, ST 26108	+62 (689) 361 6477	2025-12-01	2500000.00	Online Transaction
2589	2025-09-02	2	Printer Epson	2500000.00	8	20000000.00	965	Tgk. Najam Handayani, S.Gz	Jl. Antapani Lama No. 85\nLubuklinggau, Jawa Tengah 11737	0842750838	2025-09-02	20000000.00	Product Sale
2593	2025-12-01	2	Printer Epson	2500000.00	2	5000000.00	749	Drs. Lantar Halim, S.E.	Jalan Rungkut Industri No. 053\nDepok, Kalimantan Timur 29620	085 158 7759	2025-12-01	5000000.00	Customer Purchase
2605	2026-01-23	2	Printer Epson	2500000.00	9	22500000.00	1265	Cinthia Kuswoyo	Gg. Raya Setiabudhi No. 113\nKota Administrasi Jakarta Timur, Jawa Timur 42340	+62 (468) 061 8805	2026-01-23	22500000.00	Store Sale
2606	2025-07-17	2	Printer Epson	2500000.00	1	2500000.00	1833	Yoga Ardianto	Gg. Gardujati No. 6\nPurwokerto, Kalimantan Tengah 79090	(0648) 400-5488	2025-07-17	2500000.00	Customer Purchase
2608	2026-04-25	2	Printer Epson	2500000.00	3	7500000.00	1220	Cut Lidya Tarihoran, M.Ak	Gang Ir. H. Djuanda No. 4\nLubuklinggau, MA 85131	+62 (005) 122 6060	2026-04-25	7500000.00	Store Sale
2616	2025-07-25	2	Printer Epson	2500000.00	2	5000000.00	231	Puti Yessi Padmasari, S.E.I	Jl. Pacuan Kuda No. 693\nLhokseumawe, Sumatera Barat 14490	+62-072-663-0316	2025-07-25	5000000.00	Customer Purchase
2619	2025-09-26	2	Printer Epson	2500000.00	2	5000000.00	1059	Tgk. Fathonah Nurdiyanti, S.IP	Gang Dipenogoro No. 71\nBitung, Sulawesi Selatan 07399	+62-715-710-0695	2025-09-26	5000000.00	Customer Purchase
2626	2026-04-24	2	Printer Epson	2500000.00	1	2500000.00	1962	Lala Saptono	Jalan Kutisari Selatan No. 6\nTebingtinggi, NT 73780	+62 (048) 694 6635	2026-04-24	2500000.00	Online Transaction
2628	2026-04-29	2	Printer Epson	2500000.00	10	25000000.00	150	Mustika Waskita	Jl. KH Amin Jasuta No. 18\nSubulussalam, KT 57742	(004) 947 8311	2026-04-29	25000000.00	Customer Purchase
2631	2025-10-07	2	Printer Epson	2500000.00	1	2500000.00	1518	Kenes Wasita	Jalan Abdul Muis No. 733\nSubulussalam, DKI Jakarta 38357	(0917) 577 5286	2025-10-07	2500000.00	Store Sale
2639	2025-12-11	2	Printer Epson	2500000.00	6	15000000.00	437	Janet Hutasoit	Jalan Gedebage Selatan No. 0\nGorontalo, Aceh 35348	+62 (0850) 970-5962	2025-12-11	15000000.00	Store Sale
2645	2025-08-15	2	Printer Epson	2500000.00	5	12500000.00	1243	Lalita Hutagalung, S.I.Kom	Jalan M.H Thamrin No. 62\nBanjarbaru, BT 46890	+62 (326) 015 7811	2025-08-15	12500000.00	Product Sale
2646	2026-06-20	2	Printer Epson	2500000.00	4	10000000.00	46	R. Usman Saragih	Jalan Peta No. 92\nLangsa, SU 58853	0880600802	2026-06-20	10000000.00	Store Sale
2650	2025-09-22	2	Printer Epson	2500000.00	5	12500000.00	1302	Bagya Tarihoran	Gg. Rungkut Industri No. 09\nBanjar, BE 39599	+62 (0399) 619-2520	2025-09-22	12500000.00	Online Transaction
2653	2025-11-23	2	Printer Epson	2500000.00	10	25000000.00	567	Najib Saptono	Gang W.R. Supratman No. 42\nSungai Penuh, Kalimantan Timur 26981	+62 (493) 527 1626	2025-11-23	25000000.00	Product Sale
2654	2026-04-25	2	Printer Epson	2500000.00	2	5000000.00	1549	Emil Andriani	Gang Tebet Barat Dalam No. 3\nKota Administrasi Jakarta Pusat, Jambi 73543	+62 (0713) 673 4973	2026-04-25	5000000.00	Customer Purchase
2662	2026-03-26	2	Printer Epson	2500000.00	3	7500000.00	283	Asmadi Gunawan	Jl. Jamika No. 75\nManado, SB 11511	087 673 8996	2026-03-26	7500000.00	Online Transaction
2663	2025-08-13	2	Printer Epson	2500000.00	2	5000000.00	671	Nova Yuniar	Gg. Siliwangi No. 39\nBau-Bau, SG 02728	0895424515	2025-08-13	5000000.00	Store Sale
2681	2025-12-13	2	Printer Epson	2500000.00	1	2500000.00	349	dr. Vera Haryanto, M.Kom.	Gg. Sentot Alibasa No. 5\nKota Administrasi Jakarta Timur, JB 14012	+62 (144) 464 4356	2025-12-13	2500000.00	Product Sale
2686	2026-01-28	2	Printer Epson	2500000.00	5	12500000.00	63	Violet Winarno, S.Psi	Gang Cihampelas No. 33\nPariaman, Gorontalo 66328	(0264) 803 1075	2026-01-28	12500000.00	Online Transaction
2690	2026-06-29	2	Printer Epson	2500000.00	9	22500000.00	34	Tgk. Kariman Budiyanto, M.Farm	Jalan HOS. Cokroaminoto No. 93\nMagelang, Jawa Timur 52537	(074) 361-3628	2026-06-29	22500000.00	Store Sale
2704	2025-09-16	2	Printer Epson	2500000.00	1	2500000.00	1064	Sakura Sihotang, S.Sos	Gang HOS. Cokroaminoto No. 13\nPagaralam, Papua 33749	+62-41-718-6141	2025-09-16	2500000.00	Store Sale
2710	2026-06-13	2	Printer Epson	2500000.00	6	15000000.00	1901	Tina Saputra	Jalan Pasteur No. 329\nTangerang Selatan, JA 38356	(0843) 252-8486	2026-06-13	15000000.00	Store Sale
2714	2026-04-23	2	Printer Epson	2500000.00	1	2500000.00	606	Gara Kuswoyo, S.IP	Jl. W.R. Supratman No. 0\nBlitar, KS 48801	(004) 543 9687	2026-04-23	2500000.00	Online Transaction
2719	2025-12-19	2	Printer Epson	2500000.00	2	5000000.00	1379	Paulin Prasetya	Jalan HOS. Cokroaminoto No. 7\nSalatiga, Kepulauan Riau 23966	+62-543-427-1903	2025-12-19	5000000.00	Online Transaction
2721	2025-07-22	2	Printer Epson	2500000.00	9	22500000.00	688	Zulaikha Irawan	Jl. PHH. Mustofa No. 635\nBandar Lampung, BE 38504	+62 (60) 738-2992	2025-07-22	22500000.00	Product Sale
2723	2026-05-18	2	Printer Epson	2500000.00	10	25000000.00	160	Cut Zulfa Pertiwi	Jl. Otto Iskandardinata No. 1\nTanjungbalai, Kepulauan Bangka Belitung 35153	+62 (913) 172-7260	2026-05-18	25000000.00	Customer Purchase
2725	2026-03-25	2	Printer Epson	2500000.00	6	15000000.00	1946	Hj. Paramita Safitri	Jl. KH Amin Jasuta No. 3\nJambi, Kalimantan Timur 85422	+62 (36) 040-5187	2026-03-25	15000000.00	Online Transaction
2726	2026-02-14	2	Printer Epson	2500000.00	5	12500000.00	1268	Edi Mustofa	Gang Raya Setiabudhi No. 14\nLangsa, Sumatera Utara 37892	(0447) 442-6867	2026-02-14	12500000.00	Customer Purchase
2728	2025-10-07	2	Printer Epson	2500000.00	4	10000000.00	703	Candra Salahudin	Gg. Raya Setiabudhi No. 6\nLhokseumawe, GO 13034	(077) 987-9417	2025-10-07	10000000.00	Customer Purchase
2730	2025-07-22	2	Printer Epson	2500000.00	10	25000000.00	1270	Umar Hakim	Gang Jend. A. Yani No. 11\nMetro, LA 02909	+62 (68) 174-4745	2025-07-22	25000000.00	Store Sale
2731	2026-02-21	2	Printer Epson	2500000.00	9	22500000.00	1405	Akarsana Irawan	Jalan Suryakencana No. 9\nTasikmalaya, AC 78612	(056) 814 1459	2026-02-21	22500000.00	Store Sale
2751	2025-09-27	2	Printer Epson	2500000.00	9	22500000.00	264	Prabowo Winarno	Jalan Tebet Barat Dalam No. 093\nTangerang, JA 86102	+62 (673) 296-7391	2025-09-27	22500000.00	Product Sale
2756	2026-07-05	2	Printer Epson	2500000.00	7	17500000.00	1515	Irma Wacana	Gg. Ronggowarsito No. 687\nKota Administrasi Jakarta Barat, SN 42533	(0502) 228-7281	2026-07-05	17500000.00	Online Transaction
2760	2026-02-21	2	Printer Epson	2500000.00	1	2500000.00	1153	Zelda Tarihoran	Gang Kendalsari No. 0\nMagelang, Kalimantan Timur 31696	+62 (43) 925-1873	2026-02-21	2500000.00	Product Sale
2769	2026-03-21	2	Printer Epson	2500000.00	4	10000000.00	1910	Jail Agustina	Jl. Suryakencana No. 6\nKota Administrasi Jakarta Selatan, SS 10933	+62 (32) 800-0281	2026-03-21	10000000.00	Store Sale
2773	2025-10-25	2	Printer Epson	2500000.00	7	17500000.00	333	Ade Santoso	Gang Kutai No. 901\nMakassar, Sulawesi Tenggara 86495	(092) 989-3581	2025-10-25	17500000.00	Online Transaction
2781	2025-12-05	2	Printer Epson	2500000.00	6	15000000.00	930	Salman Thamrin	Jalan Kutai No. 091\nBatam, Aceh 16878	0873741727	2025-12-05	15000000.00	Online Transaction
2784	2026-04-09	2	Printer Epson	2500000.00	7	17500000.00	652	Tami Kuswandari	NULL	+62 (049) 835-8046	2026-04-09	17500000.00	Product Sale
2785	2026-06-10	2	Printer Epson	2500000.00	5	12500000.00	474	Bahuwirya Yolanda	Gg. Asia Afrika No. 2\nJayapura, Bali 46698	(017) 602 2790	2026-06-10	12500000.00	Customer Purchase
2801	2025-08-03	2	Printer Epson	2500000.00	3	7500000.00	968	Perkasa Setiawan	Gang Cikutra Barat No. 122\nPrabumulih, Bali 26258	+62 (713) 077-1380	2025-08-03	7500000.00	Customer Purchase
2810	2026-05-15	2	Printer Epson	2500000.00	8	20000000.00	1458	Estiono Hasanah	Gg. Cihampelas No. 5\nKendari, BT 55977	+62 (41) 027-8083	2026-05-15	20000000.00	Customer Purchase
2814	2026-07-05	2	Printer Epson	2500000.00	1	2500000.00	895	Ana Kuswoyo	Jl. Asia Afrika No. 251\nMetro, KU 03705	+62 (264) 301 1980	2026-07-05	2500000.00	Product Sale
2817	2026-04-22	2	Printer Epson	2500000.00	2	5000000.00	1851	Drs. Gamblang Anggriawan, S.Farm	Gg. Indragiri No. 29\nPekanbaru, YO 23931	+62 (0502) 324 1639	2026-04-22	5000000.00	Product Sale
2825	2026-05-10	2	Printer Epson	2500000.00	8	20000000.00	18	Salsabila Wijaya	Gang M.H Thamrin No. 770\nTomohon, PA 67398	+62 (749) 365 1228	2026-05-10	20000000.00	Online Transaction
2829	2026-06-25	2	Printer Epson	2500000.00	8	20000000.00	1538	Paris Anggraini	Jl. Astana Anyar No. 5\nAmbon, Banten 58048	(0710) 990-7526	2026-06-25	20000000.00	Store Sale
2830	2026-04-08	2	Printer Epson	2500000.00	6	15000000.00	478	Eli Pratama	Jl. KH Amin Jasuta No. 448\nBalikpapan, GO 50413	+62-553-402-3161	2026-04-08	15000000.00	Store Sale
2831	2026-01-01	2	Printer Epson	2500000.00	8	20000000.00	58	Drs. Ika Hidayanto, M.TI.	Gg. W.R. Supratman No. 191\nTernate, SU 14718	(0677) 980-6219	2026-01-01	20000000.00	Product Sale
2842	2026-05-27	2	Printer Epson	2500000.00	3	7500000.00	304	Ridwan Sinaga	Jl. Bangka Raya No. 93\nMagelang, Sulawesi Barat 30607	+62-709-127-3792	2026-05-27	7500000.00	Online Transaction
2845	2025-12-27	2	Printer Epson	2500000.00	10	25000000.00	179	Karimah Prastuti	Gang Merdeka No. 858\nPalopo, BT 34400	+62-007-945-1697	2025-12-27	25000000.00	Store Sale
2850	2025-11-03	2	Printer Epson	2500000.00	5	12500000.00	860	Puti Paramita Sudiati	Jl. Jend. A. Yani No. 0\nPariaman, SS 77385	+62-017-033-9931	2025-11-03	12500000.00	Product Sale
2853	2025-09-13	2	Printer Epson	2500000.00	6	15000000.00	1973	Yessi Maulana	Jl. Dipenogoro No. 437\nKupang, JT 06859	+62 (06) 163 5987	2025-09-13	15000000.00	Online Transaction
2855	2026-04-06	2	Printer Epson	2500000.00	3	7500000.00	295	Yani Uyainah	Jl. Otto Iskandardinata No. 6\nSukabumi, MU 07003	(0720) 956 3753	2026-04-06	7500000.00	Online Transaction
2869	2025-12-12	2	Printer Epson	2500000.00	8	20000000.00	1860	Puti Paramita Sudiati	Jl. Jend. A. Yani No. 0\nPariaman, SS 77385	+62-017-033-9931	2025-12-12	20000000.00	Customer Purchase
2871	2026-05-15	2	Printer Epson	2500000.00	2	5000000.00	1977	Tgk. Martana Permata, S.Pt	Jl. Asia Afrika No. 6\nTarakan, Aceh 88741	+62 (42) 317-8653	2026-05-15	5000000.00	Product Sale
2877	2026-02-23	2	Printer Epson	2500000.00	4	10000000.00	1642	Puti Lili Sinaga	Jalan Gardujati No. 205\nCilegon, Sumatera Selatan 27595	(0198) 057-9024	2026-02-23	10000000.00	Customer Purchase
2887	2026-04-22	2	Printer Epson	2500000.00	6	15000000.00	1380	R.A. Yuni Prasetya, S.Ked	Jalan Dr. Djunjunan No. 11\nPagaralam, SG 55871	+62 (90) 551 1888	2026-04-22	15000000.00	Store Sale
2890	2026-06-15	2	Printer Epson	2500000.00	1	2500000.00	1441	Puji Prasetyo	Jl. Soekarno Hatta No. 443\nPekanbaru, JB 01756	+62-142-409-6983	2026-06-15	2500000.00	Product Sale
2899	2025-11-05	2	Printer Epson	2500000.00	1	2500000.00	174	drg. Raditya Wibowo, S.Farm	Jl. Rajiman No. 045\nYogyakarta, SB 12238	+62-262-664-5442	2025-11-05	2500000.00	Store Sale
2903	2026-06-08	2	Printer Epson	2500000.00	4	10000000.00	1595	Baktiadi Agustina	NULL	0812390277	2026-06-08	10000000.00	Online Transaction
2907	2026-03-21	2	Printer Epson	2500000.00	8	20000000.00	1720	Drs. Kayla Pratama, S.Psi	Gang Tubagus Ismail No. 879\nKendari, Kalimantan Barat 46470	087 528 4828	2026-03-21	20000000.00	Online Transaction
2908	2026-02-21	2	Printer Epson	2500000.00	5	12500000.00	459	Gawati Thamrin	NULL	+62 (913) 663-2157	2026-02-21	12500000.00	Customer Purchase
2918	2025-10-08	2	Printer Epson	2500000.00	5	12500000.00	307	Kairav Putra	Jl. Ahmad Yani No. 531\nPagaralam, Sulawesi Tengah 27904	(040) 172 5121	2025-10-08	12500000.00	Online Transaction
2922	2025-10-19	2	Printer Epson	2500000.00	5	12500000.00	1853	Nugraha Anggriawan	Gang Gardujati No. 9\nBitung, Maluku Utara 33476	+62 (385) 216 6931	2025-10-19	12500000.00	Product Sale
2932	2026-05-09	2	Printer Epson	2500000.00	10	25000000.00	333	Ade Santoso	Gang Kutai No. 901\nMakassar, Sulawesi Tenggara 86495	(092) 989-3581	2026-05-09	25000000.00	Store Sale
2938	2025-07-26	2	Printer Epson	2500000.00	6	15000000.00	1084	R. Prasetya Setiawan, S.Pd	Jalan Dipatiukur No. 182\nPadangpanjang, KB 97612	+62 (0315) 238 8141	2025-07-26	15000000.00	Online Transaction
2955	2025-12-11	2	Printer Epson	2500000.00	5	12500000.00	396	Darsirah Kurniawan, S.Farm	Jalan Rumah Sakit No. 5\nPasuruan, SR 77779	+62 (064) 495 5349	2025-12-11	12500000.00	Product Sale
2964	2025-10-04	2	Printer Epson	2500000.00	4	10000000.00	876	Aslijan Purnawati	Gang Jend. Sudirman No. 122\nBanjarmasin, Maluku Utara 29511	+62 (015) 868-2563	2025-10-04	10000000.00	Product Sale
2971	2026-05-01	2	Printer Epson	2500000.00	5	12500000.00	764	Cahyono Pudjiastuti	Gang Merdeka No. 094\nTidore Kepulauan, LA 73068	+62-76-677-1329	2026-05-01	12500000.00	Product Sale
2978	2025-12-07	2	Printer Epson	2500000.00	4	10000000.00	1385	Hj. Karen Wacana, M.TI.	Gang Suniaraja No. 24\nTanjungbalai, BT 02488	+62-061-741-7877	2025-12-07	10000000.00	Store Sale
2979	2025-09-01	2	Printer Epson	2500000.00	6	15000000.00	82	Gada Pradana	NULL	+62 (685) 668-3157	2025-09-01	15000000.00	Customer Purchase
2986	2025-09-16	2	Printer Epson	2500000.00	3	7500000.00	997	Hana Megantara	Jl. Astana Anyar No. 492\nSemarang, BT 09828	+62 (0024) 486 4176	2025-09-16	7500000.00	Product Sale
2994	2026-03-01	2	Printer Epson	2500000.00	7	17500000.00	219	Zelda Tarihoran	Gang Cikutra Timur No. 0\nSubulussalam, Lampung 55379	+62-698-897-8838	2026-03-01	17500000.00	Online Transaction
2998	2025-10-01	2	Printer Epson	2500000.00	1	2500000.00	1138	Kawaca Prasetya	Jl. HOS. Cokroaminoto No. 32\nPurwokerto, Maluku Utara 82249	+62 (0378) 309-4315	2025-10-01	2500000.00	Store Sale
3000	2026-03-24	2	Printer Epson	2500000.00	8	20000000.00	476	Rahayu Wahyudin	Gang Gardujati No. 715\nBinjai, KU 97567	+62 (340) 073 9590	2026-03-24	20000000.00	Store Sale
3009	2026-04-15	2	Printer Epson	2500000.00	2	5000000.00	1330	Tgk. Purwa Widiastuti	Jl. Rajiman No. 443\nCilegon, Jambi 99533	(030) 098-0850	2026-04-15	5000000.00	Store Sale
3013	2025-09-21	2	Printer Epson	2500000.00	7	17500000.00	1229	Uli Laksmiwati	Jl. Laswi No. 399\nSemarang, Kalimantan Utara 84700	+62 (949) 074 2541	2025-09-21	17500000.00	Store Sale
3015	2025-08-02	2	Printer Epson	2500000.00	7	17500000.00	130	Ir. Estiono Hutapea	Gg. Cikapayang No. 69\nTual, Maluku Utara 88049	+62 (043) 423-9528	2025-08-02	17500000.00	Customer Purchase
3018	2025-11-06	2	Printer Epson	2500000.00	8	20000000.00	687	Nurul Astuti	Jl. Ciumbuleuit No. 4\nSibolga, YO 81474	+62 (031) 102-0793	2025-11-06	20000000.00	Customer Purchase
3020	2025-12-20	2	Printer Epson	2500000.00	3	7500000.00	1166	Jarwa Padmasari	Gang Rajawali Barat No. 2\nPekalongan, Nusa Tenggara Barat 76315	0856982890	2025-12-20	7500000.00	Product Sale
3036	2025-07-20	2	Printer Epson	2500000.00	4	10000000.00	1450	Keisha Hakim	Jl. Ronggowarsito No. 690\nKendari, JK 98415	0801051621	2025-07-20	10000000.00	Online Transaction
3062	2026-06-28	2	Printer Epson	2500000.00	9	22500000.00	1784	R. Jumadi Maryadi	Jl. Siliwangi No. 032\nBengkulu, Sulawesi Tenggara 60910	+62-275-655-1804	2026-06-28	22500000.00	Customer Purchase
3070	2026-03-10	2	Printer Epson	2500000.00	3	7500000.00	853	Nugraha Anggriawan	Gang Gardujati No. 9\nBitung, Maluku Utara 33476	+62 (385) 216 6931	2026-03-10	7500000.00	Store Sale
3078	2025-07-25	2	Printer Epson	2500000.00	5	12500000.00	812	T. Wasis Wastuti, S.H.	Gang Rumah Sakit No. 50\nYogyakarta, Nusa Tenggara Barat 86018	+62 (0474) 249 2700	2025-07-25	12500000.00	Product Sale
3084	2026-06-22	2	Printer Epson	2500000.00	6	15000000.00	1332	Pardi Megantara	Gg. Kebonjati No. 0\nPasuruan, BE 83703	+62-520-275-2627	2026-06-22	15000000.00	Store Sale
3088	2025-07-08	2	Printer Epson	2500000.00	5	12500000.00	1007	R. Eman Mayasari, S.Sos	Jalan Pacuan Kuda No. 055\nMojokerto, Kalimantan Barat 98368	(051) 173-9932	2025-07-08	12500000.00	Store Sale
3089	2025-10-19	2	Printer Epson	2500000.00	5	12500000.00	1566	Ulya Suwarno	Gang Gegerkalong Hilir No. 093\nPalu, Kepulauan Bangka Belitung 71219	+62 (086) 927-3358	2025-10-19	12500000.00	Product Sale
3106	2025-09-23	2	Printer Epson	2500000.00	3	7500000.00	1696	Nadine Nasyidah	Jalan Kendalsari No. 533\nTasikmalaya, SU 88576	(0553) 483-7365	2025-09-23	7500000.00	Product Sale
3110	2026-03-15	2	Printer Epson	2500000.00	2	5000000.00	684	Makuta Dabukke	Gg. KH Amin Jasuta No. 2\nMagelang, GO 18865	+62 (24) 250-5266	2026-03-15	5000000.00	Online Transaction
3126	2026-03-02	2	Printer Epson	2500000.00	5	12500000.00	1042	Hamima Wasita	Gang Jamika No. 92\nCilegon, Papua 53369	+62 (50) 795 1807	2026-03-02	12500000.00	Store Sale
3129	2025-09-28	2	Printer Epson	2500000.00	7	17500000.00	1746	Ulva Pudjiastuti	Jl. Rajiman No. 5\nSerang, Kalimantan Selatan 52257	+62-460-651-1508	2025-09-28	17500000.00	Online Transaction
3138	2025-10-18	2	Printer Epson	2500000.00	6	15000000.00	198	Azalea Sihombing	Jalan Cempaka No. 771\nMadiun, Bengkulu 54637	+62-020-998-3110	2025-10-18	15000000.00	Online Transaction
3142	2025-09-23	2	Printer Epson	2500000.00	8	20000000.00	391	Gasti Suwarno	Gang Indragiri No. 609\nPrabumulih, BA 35326	+62 (69) 232 6673	2025-09-23	20000000.00	Store Sale
3147	2026-02-16	2	Printer Epson	2500000.00	3	7500000.00	800	Pia Agustina	Jl. Raya Setiabudhi No. 011\nBatam, Nusa Tenggara Timur 61150	089 887 3949	2026-02-16	7500000.00	Store Sale
3162	2025-11-19	2	Printer Epson	2500000.00	1	2500000.00	1715	Ira Ardianto, S.E.I	Gg. Sukabumi No. 6\nSemarang, NB 21892	(088) 929 5758	2025-11-19	2500000.00	Online Transaction
3164	2026-06-28	2	Printer Epson	2500000.00	5	12500000.00	520	Asmianto Siregar	Jl. Rajawali Barat No. 112\nSorong, KI 12580	+62 (62) 985 6531	2026-06-28	12500000.00	Customer Purchase
3165	2025-10-27	2	Printer Epson	2500000.00	6	15000000.00	364	Ir. Intan Mandala, S.I.Kom	Jalan Bangka Raya No. 3\nSalatiga, Kalimantan Barat 02928	(0695) 213 6807	2025-10-27	15000000.00	Online Transaction
3169	2026-06-06	2	Printer Epson	2500000.00	1	2500000.00	1912	Dr. Ajiono Purnawati, S.I.Kom	Gg. Surapati No. 9\nKota Administrasi Jakarta Barat, Kalimantan Tengah 46365	089 715 9081	2026-06-06	2500000.00	Customer Purchase
3182	2026-04-25	2	Printer Epson	2500000.00	1	2500000.00	900	Daryani Pertiwi	Gang PHH. Mustofa No. 42\nPagaralam, NB 49272	(0014) 593-4034	2026-04-25	2500000.00	Product Sale
3194	2025-08-26	2	Printer Epson	2500000.00	2	5000000.00	1702	Unjani Rahimah, S.H.	Jalan Kapten Muslihat No. 175\nKota Administrasi Jakarta Selatan, KR 87104	+62 (302) 748-6919	2025-08-26	5000000.00	Store Sale
3196	2025-09-30	2	Printer Epson	2500000.00	4	10000000.00	63	Violet Winarno, S.Psi	Gang Cihampelas No. 33\nPariaman, Gorontalo 66328	(0264) 803 1075	2025-09-30	10000000.00	Product Sale
3197	2025-12-01	2	Printer Epson	2500000.00	5	12500000.00	477	Chandra Hutasoit, S.Ked	Jalan Kutisari Selatan No. 66\nMakassar, KR 72672	+62-81-974-9314	2025-12-01	12500000.00	Store Sale
3204	2026-04-19	2	Printer Epson	2500000.00	3	7500000.00	409	Dr. Ganjaran Salahudin, M.Ak	Gg. Indragiri No. 454\nPekalongan, Sulawesi Tenggara 43387	+62 (063) 729-8828	2026-04-19	7500000.00	Customer Purchase
3210	2026-02-01	2	Printer Epson	2500000.00	9	22500000.00	855	Hilda Usada	Gang Rajiman No. 5\nPadangpanjang, Kepulauan Bangka Belitung 60665	+62 (0241) 093-8634	2026-02-01	22500000.00	Product Sale
3211	2026-05-20	2	Printer Epson	2500000.00	9	22500000.00	11	Dr. Cakrawangsa Rahmawati, M.Pd	Gang Cempaka No. 506\nTangerang, BA 77055	(042) 699 0917	2026-05-20	22500000.00	Customer Purchase
3212	2025-07-12	2	Printer Epson	2500000.00	5	12500000.00	872	Damu Ardianto	Jl. Cikutra Timur No. 84\nTangerang Selatan, SB 23719	+62-0943-407-3566	2025-07-12	12500000.00	Customer Purchase
3215	2025-07-14	2	Printer Epson	2500000.00	5	12500000.00	1011	Dr. Cakrawangsa Rahmawati, M.Pd	Gang Cempaka No. 506\nTangerang, BA 77055	(042) 699 0917	2025-07-14	12500000.00	Online Transaction
3230	2026-03-16	2	Printer Epson	2500000.00	5	12500000.00	1753	Jagapati Kuswoyo	NULL	+62 (841) 764-7608	2026-03-16	12500000.00	Online Transaction
3239	2026-03-18	2	Printer Epson	2500000.00	3	7500000.00	559	Galar Manullang	Jl. Rajawali Barat No. 82\nKediri, Gorontalo 78383	+62-035-771-3085	2026-03-18	7500000.00	Product Sale
3244	2026-07-03	2	Printer Epson	2500000.00	4	10000000.00	1886	Kuncara Ramadan	Gang Jend. A. Yani No. 1\nPrabumulih, Jambi 84390	(0268) 430 7524	2026-07-03	10000000.00	Product Sale
3246	2026-02-15	2	Printer Epson	2500000.00	2	5000000.00	888	R. Karimah Puspita, M.Ak	Gg. Gardujati No. 6\nBatam, KS 65132	+62 (032) 059-8522	2026-02-15	5000000.00	Online Transaction
3250	2026-06-30	2	Printer Epson	2500000.00	10	25000000.00	167	Ayu Simanjuntak	Jl. Indragiri No. 204\nTangerang Selatan, BA 71768	0863313851	2026-06-30	25000000.00	Store Sale
3259	2026-05-09	2	Printer Epson	2500000.00	5	12500000.00	931	Cemplunk Mandasari, S.H.	Gg. Antapani Lama No. 02\nLangsa, NT 32139	+62-0333-421-6537	2026-05-09	12500000.00	Product Sale
3262	2025-10-18	2	Printer Epson	2500000.00	5	12500000.00	1418	Jayadi Uyainah	Jalan Tebet Barat Dalam No. 13\nAmbon, Sulawesi Tengah 48303	+62 (069) 434-7466	2025-10-18	12500000.00	Online Transaction
3269	2025-12-26	2	Printer Epson	2500000.00	8	20000000.00	1901	Tina Saputra	Jalan Pasteur No. 329\nTangerang Selatan, JA 38356	(0843) 252-8486	2025-12-26	20000000.00	Customer Purchase
3271	2026-06-19	2	Printer Epson	2500000.00	9	22500000.00	1046	R. Usman Saragih	Jalan Peta No. 92\nLangsa, SU 58853	0880600802	2026-06-19	22500000.00	Online Transaction
3273	2026-02-12	2	Printer Epson	2500000.00	3	7500000.00	1915	Himawan Nababan	Jalan Ahmad Yani No. 035\nPadang Sidempuan, Banten 01618	0802872791	2026-02-12	7500000.00	Online Transaction
3274	2025-12-12	2	Printer Epson	2500000.00	7	17500000.00	1347	Ana Nurdiyanti	Jl. Suryakencana No. 9\nDepok, KU 68714	+62 (0194) 996-0169	2025-12-12	17500000.00	Product Sale
3277	2026-01-20	2	Printer Epson	2500000.00	3	7500000.00	431	Rahman Siregar	Jalan Siliwangi No. 949\nPalembang, Kepulauan Riau 65289	+62-024-732-3656	2026-01-20	7500000.00	Online Transaction
3280	2026-02-14	2	Printer Epson	2500000.00	6	15000000.00	641	T. Heryanto Pranowo, S.Pt	Jalan M.T Haryono No. 6\nPadang Sidempuan, BE 13262	+62-0552-178-8213	2026-02-14	15000000.00	Product Sale
3294	2025-10-23	2	Printer Epson	2500000.00	5	12500000.00	1990	Yulia Pradipta	Jl. Veteran No. 94\nJambi, JA 84532	(097) 027-8262	2025-10-23	12500000.00	Product Sale
3299	2025-11-25	2	Printer Epson	2500000.00	3	7500000.00	760	Eva Pratama	Jalan Pasirkoja No. 528\nTomohon, MA 80010	+62 (086) 635 1324	2025-11-25	7500000.00	Product Sale
3313	2026-06-10	2	Printer Epson	2500000.00	4	10000000.00	796	Tasnim Prastuti	Jalan Suniaraja No. 7\nPariaman, Jawa Barat 79096	+62 (330) 096 4365	2026-06-10	10000000.00	Online Transaction
3314	2026-05-18	2	Printer Epson	2500000.00	8	20000000.00	951	H. Mursinin Mansur	Gg. Rawamangun No. 03\nBukittinggi, Kalimantan Tengah 36830	+62 (0338) 117 8887	2026-05-18	20000000.00	Customer Purchase
3327	2026-01-30	2	Printer Epson	2500000.00	5	12500000.00	1959	Vanya Saputra	Jalan Jend. Sudirman No. 1\nMataram, NB 32949	(0866) 187 9328	2026-01-30	12500000.00	Store Sale
3336	2026-05-16	2	Printer Epson	2500000.00	8	20000000.00	1588	Mulyanto Pradipta	Gg. Siliwangi No. 4\nPekanbaru, SB 28478	+62 (0124) 904 5725	2026-05-16	20000000.00	Store Sale
3344	2025-12-14	2	Printer Epson	2500000.00	3	7500000.00	645	Kasiyah Pudjiastuti	Jl. Sukabumi No. 4\nPadang, SS 53462	+62 (0622) 010-9216	2025-12-14	7500000.00	Store Sale
3346	2025-11-30	2	Printer Epson	2500000.00	7	17500000.00	512	Ikhsan Hutapea	Jalan Kiaracondong No. 531\nSorong, SR 65758	(054) 129-6561	2025-11-30	17500000.00	Store Sale
3347	2025-08-09	2	Printer Epson	2500000.00	10	25000000.00	979	Himawan Salahudin, M.Farm	Jalan Cikutra Barat No. 4\nDepok, Sulawesi Utara 40227	+62 (934) 534 2921	2025-08-09	25000000.00	Customer Purchase
3349	2026-07-01	2	Printer Epson	2500000.00	3	7500000.00	1874	Rudi Hassanah, S.Sos	Gg. Rajawali Barat No. 38\nSerang, SU 48557	+62 (84) 074-7899	2026-07-01	7500000.00	Customer Purchase
3352	2025-12-13	2	Printer Epson	2500000.00	3	7500000.00	1817	Drs. Alika Zulaika	Jalan Medokan Ayu No. 4\nBima, Bali 81045	+62 (295) 497-1612	2025-12-13	7500000.00	Customer Purchase
3363	2026-03-29	2	Printer Epson	2500000.00	1	2500000.00	381	Soleh Padmasari	Gang Pelajar Pejuang No. 00\nDenpasar, BT 17587	+62-411-275-6733	2026-03-29	2500000.00	Product Sale
3364	2025-10-30	2	Printer Epson	2500000.00	2	5000000.00	288	Alambana Widiastuti	Gg. Sentot Alibasa No. 28\nBalikpapan, GO 50624	+62 (086) 911 4315	2025-10-30	5000000.00	Store Sale
3365	2026-06-16	2	Printer Epson	2500000.00	5	12500000.00	1146	Harsana Mardhiyah	Gg. Kutai No. 02\nSolok, SB 52497	+62 (055) 814 0650	2026-06-16	12500000.00	Customer Purchase
3368	2026-02-21	2	Printer Epson	2500000.00	6	15000000.00	1260	Nyoman Nurdiyanti	Jl. Kiaracondong No. 52\nSurakarta, PB 19304	(084) 657 3223	2026-02-21	15000000.00	Product Sale
3375	2026-02-11	2	Printer Epson	2500000.00	6	15000000.00	470	Ir. Yunita Ramadan, S.E.	Gang Tubagus Ismail No. 572\nBima, Jawa Barat 15954	+62 (13) 744 3572	2026-02-11	15000000.00	Customer Purchase
3379	2026-04-08	2	Printer Epson	2500000.00	5	12500000.00	608	Satya Nashiruddin	NULL	+62 (65) 315 7643	2026-04-08	12500000.00	Online Transaction
3381	2025-11-30	2	Printer Epson	2500000.00	3	7500000.00	1355	Cornelia Prasetyo	Gg. Raya Ujungberung No. 840\nPekalongan, Sulawesi Utara 87687	+62 (104) 425 2406	2025-11-30	7500000.00	Customer Purchase
3384	2025-11-30	2	Printer Epson	2500000.00	2	5000000.00	1382	Oliva Prasetya	Jl. Veteran No. 96\nMalang, Maluku Utara 30927	(071) 376-0588	2025-11-30	5000000.00	Product Sale
3386	2025-09-18	2	Printer Epson	2500000.00	6	15000000.00	1324	Sutan Pranawa Hassanah, S.Pd	Jl. H.J Maemunah No. 04\nProbolinggo, SN 06589	+62 (0392) 041 2651	2025-09-18	15000000.00	Customer Purchase
3392	2025-09-22	2	Printer Epson	2500000.00	5	12500000.00	1521	KH. Darsirah Uyainah, S.Farm	Gg. Rajiman No. 56\nYogyakarta, KI 82063	+62 (425) 922-5954	2025-09-22	12500000.00	Store Sale
3398	2026-05-19	2	Printer Epson	2500000.00	1	2500000.00	1402	Radit Zulaika	Gang Kutai No. 6\nSibolga, Jambi 68745	+62 (055) 597 0474	2026-05-19	2500000.00	Customer Purchase
3402	2026-02-11	2	Printer Epson	2500000.00	2	5000000.00	517	Emil Riyanti	Gg. S. Parman No. 3\nTarakan, ST 03945	+62 (460) 118 8949	2026-02-11	5000000.00	Online Transaction
3407	2025-07-28	2	Printer Epson	2500000.00	10	25000000.00	290	Olivia Prasetya	Jl. Pacuan Kuda No. 38\nPalembang, Sumatera Selatan 54919	0824022078	2025-07-28	25000000.00	Product Sale
3408	2025-10-30	2	Printer Epson	2500000.00	6	15000000.00	1802	Mulya Saptono	Jalan Soekarno Hatta No. 43\nKotamobagu, KU 99343	+62 (05) 686 5346	2025-10-30	15000000.00	Customer Purchase
3414	2025-07-15	2	Printer Epson	2500000.00	1	2500000.00	1116	Tira Palastri, S.Sos	Jl. Laswi No. 700\nKota Administrasi Jakarta Utara, LA 68504	(039) 778-6028	2025-07-15	2500000.00	Product Sale
3425	2025-09-07	2	Printer Epson	2500000.00	2	5000000.00	138	Kawaca Prasetya	Jl. HOS. Cokroaminoto No. 32\nPurwokerto, Maluku Utara 82249	+62 (0378) 309-4315	2025-09-07	5000000.00	Store Sale
3427	2026-02-24	2	Printer Epson	2500000.00	5	12500000.00	638	KH. Embuh Najmudin	Gg. Pacuan Kuda No. 94\nTegal, KS 92082	(071) 584 0092	2026-02-24	12500000.00	Customer Purchase
3428	2026-03-15	2	Printer Epson	2500000.00	9	22500000.00	402	Radit Zulaika	Gang Kutai No. 6\nSibolga, Jambi 68745	+62 (055) 597 0474	2026-03-15	22500000.00	Store Sale
3440	2025-11-09	2	Printer Epson	2500000.00	2	5000000.00	92	Wira Ramadan	Gg. Suniaraja No. 366\nSalatiga, JI 35541	0849585783	2025-11-09	5000000.00	Store Sale
3450	2025-07-27	2	Printer Epson	2500000.00	8	20000000.00	123	R. Hamima Zulkarnain, S.Farm	Gang Rajawali Timur No. 77\nSerang, YO 63607	(0895) 673 6626	2025-07-27	20000000.00	Product Sale
3451	2026-04-19	2	Printer Epson	2500000.00	3	7500000.00	408	Kani Wahyuni	Jalan Moch. Ramdan No. 765\nProbolinggo, Papua Barat 97371	081 306 2870	2026-04-19	7500000.00	Customer Purchase
3452	2026-03-22	2	Printer Epson	2500000.00	8	20000000.00	1942	Dt. Cengkal Napitupulu, S.Pd	Jl. Suryakencana No. 54\nMakassar, KI 56314	(037) 007-8697	2026-03-22	20000000.00	Online Transaction
3453	2026-05-29	2	Printer Epson	2500000.00	4	10000000.00	1537	Dr. Jatmiko Nasyiah, S.IP	Jalan Sukajadi No. 48\nTidore Kepulauan, BA 65656	(0908) 006 2693	2026-05-29	10000000.00	Store Sale
3456	2025-07-29	2	Printer Epson	2500000.00	3	7500000.00	202	Dr. Tina Ramadan, S.Pt	Jalan Gardujati No. 03\nProbolinggo, Sulawesi Selatan 01692	+62-93-455-3843	2025-07-29	7500000.00	Online Transaction
3464	2026-03-10	2	Printer Epson	2500000.00	4	10000000.00	596	Drs. Paramita Sitompul, S.Sos	Gg. R.E Martadinata No. 3\nMetro, Nusa Tenggara Barat 78945	(0944) 378 5319	2026-03-10	10000000.00	Product Sale
3470	2026-01-25	2	Printer Epson	2500000.00	7	17500000.00	1348	Ir. Ani Situmorang	Jl. Pasteur No. 6\nBitung, KR 16238	+62 (055) 838-7316	2026-01-25	17500000.00	Product Sale
3482	2026-02-28	2	Printer Epson	2500000.00	1	2500000.00	928	Samiah Tampubolon, S.Gz	Jl. Jend. A. Yani No. 363\nBengkulu, KS 82089	(077) 904 6974	2026-02-28	2500000.00	Store Sale
3483	2025-11-07	2	Printer Epson	2500000.00	8	20000000.00	1430	Cengkal Farida	Jl. Abdul Muis No. 066\nBukittinggi, PA 51106	+62 (652) 209 4581	2025-11-07	20000000.00	Customer Purchase
3484	2026-02-28	2	Printer Epson	2500000.00	8	20000000.00	884	Maria Tarihoran	Gang Rawamangun No. 8\nBinjai, Kalimantan Selatan 78514	+62 (047) 216 2335	2026-02-28	20000000.00	Customer Purchase
3487	2026-05-13	2	Printer Epson	2500000.00	8	20000000.00	1275	Wardaya Wacana	Jalan Raya Setiabudhi No. 120\nBitung, Kalimantan Tengah 09524	+62 (015) 757-3018	2026-05-13	20000000.00	Store Sale
3488	2025-08-04	2	Printer Epson	2500000.00	9	22500000.00	1673	Cahyadi Dongoran	Jalan Surapati No. 93\nLubuklinggau, Jawa Timur 96880	+62-0237-235-9801	2025-08-04	22500000.00	Product Sale
3491	2026-02-06	2	Printer Epson	2500000.00	7	17500000.00	1856	Mila Saputra	Jalan Dipenogoro No. 9\nSamarinda, SB 89816	+62 (0126) 711-2638	2026-02-06	17500000.00	Customer Purchase
3498	2026-05-26	2	Printer Epson	2500000.00	8	20000000.00	1321	Kamila Maulana	Jalan Wonoayu No. 443\nPematangsiantar, Nusa Tenggara Barat 38062	+62-928-474-9857	2026-05-26	20000000.00	Customer Purchase
3504	2026-01-11	2	Printer Epson	2500000.00	5	12500000.00	1978	R.A. Ami Yolanda, S.T.	Jalan W.R. Supratman No. 44\nGorontalo, Sulawesi Barat 58810	(0249) 779-5831	2026-01-11	12500000.00	Online Transaction
3509	2026-04-23	2	Printer Epson	2500000.00	8	20000000.00	876	Aslijan Purnawati	Gang Jend. Sudirman No. 122\nBanjarmasin, Maluku Utara 29511	+62 (015) 868-2563	2026-04-23	20000000.00	Product Sale
3516	2025-11-06	2	Printer Epson	2500000.00	2	5000000.00	465	Raden Hartati	Jl. Erlangga No. 510\nMadiun, KR 62792	+62 (776) 386-7599	2025-11-06	5000000.00	Product Sale
3526	2026-01-17	2	Printer Epson	2500000.00	8	20000000.00	1891	Cut Paulin Nababan, S.Kom	Jalan Gegerkalong Hilir No. 3\nManado, Nusa Tenggara Barat 70641	+62 (77) 322-6461	2026-01-17	20000000.00	Customer Purchase
3530	2026-04-22	2	Printer Epson	2500000.00	1	2500000.00	1616	Hj. Rahayu Suartini	Jalan Medokan Ayu No. 7\nJambi, SS 54038	+62 (27) 246-5718	2026-04-22	2500000.00	Online Transaction
3533	2026-05-04	2	Printer Epson	2500000.00	8	20000000.00	1335	Ani Halim	Jalan Raya Setiabudhi No. 6\nTernate, RI 23229	(0947) 686 1743	2026-05-04	20000000.00	Product Sale
3536	2026-06-19	2	Printer Epson	2500000.00	5	12500000.00	179	Karimah Prastuti	Gang Merdeka No. 858\nPalopo, BT 34400	+62-007-945-1697	2026-06-19	12500000.00	Product Sale
3537	2026-06-28	2	Printer Epson	2500000.00	6	15000000.00	435	Paiman Napitupulu	Jl. Pelajar Pejuang No. 6\nLangsa, KR 23955	+62-076-167-7345	2026-06-28	15000000.00	Customer Purchase
3544	2026-04-29	2	Printer Epson	2500000.00	1	2500000.00	1920	Tgk. Yoga Safitri	Jalan Ahmad Dahlan No. 9\nTebingtinggi, SS 68350	(0130) 693 3172	2026-04-29	2500000.00	Store Sale
3551	2026-06-23	2	Printer Epson	2500000.00	3	7500000.00	1450	Keisha Hakim	Jl. Ronggowarsito No. 690\nKendari, JK 98415	0801051621	2026-06-23	7500000.00	Store Sale
3552	2026-04-17	2	Printer Epson	2500000.00	5	12500000.00	299	Fathonah Thamrin	Jalan Kendalsari No. 4\nSurabaya, BE 64253	+62 (0218) 794 2540	2026-04-17	12500000.00	Store Sale
3555	2025-12-07	2	Printer Epson	2500000.00	6	15000000.00	1581	Tiara Puspasari	Gg. Moch. Ramdan No. 89\nJambi, AC 29738	(0575) 280 6130	2025-12-07	15000000.00	Customer Purchase
3570	2025-12-11	2	Printer Epson	2500000.00	1	2500000.00	1769	Paris Nurdiyanti	Gang Jayawijaya No. 31\nMagelang, ST 50799	+62-266-554-9633	2025-12-11	2500000.00	Store Sale
3577	2026-01-18	2	Printer Epson	2500000.00	3	7500000.00	1437	Janet Hutasoit	Jalan Gedebage Selatan No. 0\nGorontalo, Aceh 35348	+62 (0850) 970-5962	2026-01-18	7500000.00	Store Sale
3585	2025-11-17	2	Printer Epson	2500000.00	5	12500000.00	636	T. Agus Hutapea, M.M.	Gg. Asia Afrika No. 375\nSukabumi, Nusa Tenggara Barat 77080	+62 (046) 486-4771	2025-11-17	12500000.00	Store Sale
3589	2025-09-01	2	Printer Epson	2500000.00	4	10000000.00	1783	Genta Dabukke	Gang Suryakencana No. 9\nKendari, Nusa Tenggara Timur 25568	+62-905-036-6513	2025-09-01	10000000.00	Customer Purchase
3590	2025-11-28	2	Printer Epson	2500000.00	7	17500000.00	651	Olga Laksita	Jalan Kapten Muslihat No. 27\nTanjungpinang, Banten 36498	+62 (090) 289-1266	2025-11-28	17500000.00	Product Sale
3599	2026-07-02	2	Printer Epson	2500000.00	2	5000000.00	1966	Bahuraksa Purwanti	Jl. Waringin No. 388\nTanjungbalai, KR 32851	(0329) 650 4769	2026-07-02	5000000.00	Store Sale
3603	2026-03-27	2	Printer Epson	2500000.00	10	25000000.00	1436	Gabriella Uyainah, S.Pd	Gang Sukajadi No. 2\nPangkalpinang, Kepulauan Riau 70652	+62-0244-419-9810	2026-03-27	25000000.00	Store Sale
3607	2026-05-04	2	Printer Epson	2500000.00	8	20000000.00	1624	Oni Safitri, S.Pd	NULL	0877268353	2026-05-04	20000000.00	Online Transaction
3608	2026-01-09	2	Printer Epson	2500000.00	6	15000000.00	1612	H. Mursinin Mansur	Gg. Ir. H. Djuanda No. 7\nLubuklinggau, BB 91673	+62-013-579-0630	2026-01-09	15000000.00	Online Transaction
3613	2025-12-05	2	Printer Epson	2500000.00	1	2500000.00	94	Ratna Kurniawan	Jalan Asia Afrika No. 0\nPontianak, Kalimantan Selatan 54908	+62 (77) 229 8564	2025-12-05	2500000.00	Product Sale
3620	2026-02-28	2	Printer Epson	2500000.00	6	15000000.00	1620	Natalia Andriani	Gg. Cikutra Barat No. 868\nSawahlunto, KU 78966	+62-0595-541-8433	2026-02-28	15000000.00	Store Sale
3633	2025-12-26	2	Printer Epson	2500000.00	2	5000000.00	1161	Mahfud Tamba, M.TI.	Jl. Sadang Serang No. 2\nPrabumulih, MU 77421	0825493694	2025-12-26	5000000.00	Online Transaction
3640	2025-10-15	2	Printer Epson	2500000.00	8	20000000.00	704	Harsana Maryadi	Jalan Setiabudhi No. 600\nPagaralam, Bali 65899	+62 (22) 631-8647	2025-10-15	20000000.00	Online Transaction
3651	2026-01-20	2	Printer Epson	2500000.00	4	10000000.00	1777	Ellis Saptono	Gang Ciumbuleuit No. 1\nTomohon, Sumatera Barat 46067	+62 (06) 871 5813	2026-01-20	10000000.00	Product Sale
3660	2026-04-29	2	Printer Epson	2500000.00	6	15000000.00	196	Icha Zulkarnain, M.TI.	Gg. Tubagus Ismail No. 2\nKendari, DKI Jakarta 56682	+62 (0551) 151-6622	2026-04-29	15000000.00	Product Sale
3664	2026-01-17	2	Printer Epson	2500000.00	2	5000000.00	1831	Yani Palastri	Jl. Gegerkalong Hilir No. 660\nMetro, YO 05965	+62-31-847-9150	2026-01-17	5000000.00	Product Sale
3670	2025-07-24	2	Printer Epson	2500000.00	1	2500000.00	1350	Jamil Jailani	Jl. Veteran No. 359\nPagaralam, Riau 06144	+62 (0959) 007 6103	2025-07-24	2500000.00	Customer Purchase
3689	2025-11-07	2	Printer Epson	2500000.00	8	20000000.00	1984	Dono Ardianto	Gg. Raya Ujungberung No. 9\nBukittinggi, Bali 73021	(070) 109-9455	2025-11-07	20000000.00	Customer Purchase
3691	2025-12-23	2	Printer Epson	2500000.00	1	2500000.00	7	R. Eman Mayasari, S.Sos	Jalan Pacuan Kuda No. 055\nMojokerto, Kalimantan Barat 98368	(051) 173-9932	2025-12-23	2500000.00	Customer Purchase
3696	2026-06-11	2	Printer Epson	2500000.00	3	7500000.00	1406	Oskar Sitorus	Jalan Kiaracondong No. 044\nPalembang, Sulawesi Utara 12147	(0095) 533-7204	2026-06-11	7500000.00	Customer Purchase
3700	2025-07-19	2	Printer Epson	2500000.00	9	22500000.00	1590	Tgk. Kayla Maryati	Jl. Laswi No. 298\nPasuruan, PA 45959	+62 (032) 425 7764	2025-07-19	22500000.00	Online Transaction
3704	2026-01-04	2	Printer Epson	2500000.00	7	17500000.00	1910	Jail Agustina	Jl. Suryakencana No. 6\nKota Administrasi Jakarta Selatan, SS 10933	+62 (32) 800-0281	2026-01-04	17500000.00	Store Sale
3707	2025-11-28	2	Printer Epson	2500000.00	4	10000000.00	1757	Azalea Sirait	Gang Sukabumi No. 4\nTangerang Selatan, Kepulauan Riau 21697	+62-219-961-6720	2025-11-28	10000000.00	Product Sale
3713	2025-08-08	2	Printer Epson	2500000.00	10	25000000.00	1820	Nadia Waluyo	Jl. H.J Maemunah No. 21\nBatu, ST 15027	+62 (762) 510 3570	2025-08-08	25000000.00	Online Transaction
3720	2026-01-21	2	Printer Epson	2500000.00	4	10000000.00	1884	Maria Tarihoran	Gang Rawamangun No. 8\nBinjai, Kalimantan Selatan 78514	+62 (047) 216 2335	2026-01-21	10000000.00	Store Sale
3726	2025-08-15	2	Printer Epson	2500000.00	4	10000000.00	187	Mahfud Maulana	Jl. Kiaracondong No. 868\nPurwokerto, NB 04028	+62 (020) 484 2760	2025-08-15	10000000.00	Online Transaction
3736	2026-05-09	2	Printer Epson	2500000.00	6	15000000.00	1618	Kemal Winarno	Jl. Jakarta No. 5\nSurakarta, Kalimantan Barat 45009	+62 (47) 382-3500	2026-05-09	15000000.00	Online Transaction
3737	2025-07-13	2	Printer Epson	2500000.00	5	12500000.00	436	Gabriella Uyainah, S.Pd	Gang Sukajadi No. 2\nPangkalpinang, Kepulauan Riau 70652	+62-0244-419-9810	2025-07-13	12500000.00	Customer Purchase
3746	2025-11-13	2	Printer Epson	2500000.00	6	15000000.00	1261	Padma Hariyah, S.E.I	Jl. Gardujati No. 1\nBinjai, Nusa Tenggara Timur 01632	0827537861	2025-11-13	15000000.00	Product Sale
3757	2025-10-09	2	Printer Epson	2500000.00	5	12500000.00	735	Tgk. Yuliana Handayani, S.Kom	Gang Astana Anyar No. 5\nCirebon, Bengkulu 96261	+62 (356) 533 7340	2025-10-09	12500000.00	Product Sale
3774	2025-08-26	2	Printer Epson	2500000.00	6	15000000.00	1464	Niyaga Mayasari	Gang Asia Afrika No. 9\nBinjai, Riau 90977	(073) 997 1771	2025-08-26	15000000.00	Store Sale
3779	2026-07-02	2	Printer Epson	2500000.00	7	17500000.00	1212	Marsito Siregar	Gg. Ciwastra No. 6\nKupang, Bengkulu 89273	082 984 3558	2026-07-02	17500000.00	Store Sale
3784	2025-09-06	2	Printer Epson	2500000.00	8	20000000.00	54	Yulia Ardianto	Gg. Jend. Sudirman No. 516\nAmbon, Jambi 27822	+62 (0520) 058 3646	2025-09-06	20000000.00	Store Sale
3789	2026-03-01	2	Printer Epson	2500000.00	5	12500000.00	766	Cici Astuti	Jalan PHH. Mustofa No. 03\nPariaman, Bali 27114	(0792) 119-1987	2026-03-01	12500000.00	Store Sale
3791	2026-07-03	2	Printer Epson	2500000.00	1	2500000.00	1932	R.M. Luluh Purwanti, S.E.	Jalan Kebonjati No. 95\nSamarinda, ST 11719	(095) 504 5884	2026-07-03	2500000.00	Customer Purchase
3813	2026-01-20	2	Printer Epson	2500000.00	3	7500000.00	1517	Emil Riyanti	Gg. S. Parman No. 3\nTarakan, ST 03945	+62 (460) 118 8949	2026-01-20	7500000.00	Product Sale
3819	2026-07-04	2	Printer Epson	2500000.00	9	22500000.00	566	Ulya Suwarno	Gang Gegerkalong Hilir No. 093\nPalu, Kepulauan Bangka Belitung 71219	+62 (086) 927-3358	2026-07-04	22500000.00	Customer Purchase
3821	2025-12-09	2	Printer Epson	2500000.00	2	5000000.00	583	dr. Arta Dongoran	Jalan Cempaka No. 880\nCirebon, SS 63865	089 197 3884	2025-12-09	5000000.00	Store Sale
3828	2025-10-01	2	Printer Epson	2500000.00	10	25000000.00	297	Kani Kusmawati	Gg. Rajawali Timur No. 038\nMalang, SN 25600	(058) 558-0263	2025-10-01	25000000.00	Product Sale
3833	2026-03-18	2	Printer Epson	2500000.00	10	25000000.00	901	Tina Saputra	Jalan Pasteur No. 329\nTangerang Selatan, JA 38356	(0843) 252-8486	2026-03-18	25000000.00	Product Sale
3834	2025-09-13	2	Printer Epson	2500000.00	6	15000000.00	1989	Ilyas Rajasa	Gang Dipenogoro No. 202\nPalopo, MU 70730	+62 (012) 474 8917	2025-09-13	15000000.00	Product Sale
3838	2026-05-31	2	Printer Epson	2500000.00	5	12500000.00	1206	R.M. Jayeng Hastuti, S.H.	Jl. Ahmad Dahlan No. 06\nSungai Penuh, NT 09900	+62-049-855-0969	2026-05-31	12500000.00	Customer Purchase
3839	2025-10-12	2	Printer Epson	2500000.00	3	7500000.00	1298	Gada Marbun, S.Farm	Gg. Rajiman No. 4\nBengkulu, KR 52986	+62-039-696-0689	2025-10-12	7500000.00	Customer Purchase
3840	2025-08-05	2	Printer Epson	2500000.00	4	10000000.00	1267	Padma Nasyidah	Gang Rungkut Industri No. 619\nBanjar, Bengkulu 14045	(093) 026 0878	2025-08-05	10000000.00	Store Sale
3842	2026-03-15	2	Printer Epson	2500000.00	8	20000000.00	157	Dariati Napitupulu, S.Farm	Gang W.R. Supratman No. 3\nSawahlunto, NB 58580	(0771) 260-7473	2026-03-15	20000000.00	Customer Purchase
3845	2026-03-02	2	Printer Epson	2500000.00	4	10000000.00	1735	Tgk. Yuliana Handayani, S.Kom	Gang Astana Anyar No. 5\nCirebon, Bengkulu 96261	+62 (356) 533 7340	2026-03-02	10000000.00	Store Sale
3846	2025-12-09	2	Printer Epson	2500000.00	4	10000000.00	434	Karimah Prastuti	Jl. KH Amin Jasuta No. 47\nCilegon, KS 97374	(0104) 489-0566	2025-12-09	10000000.00	Store Sale
3848	2025-09-06	2	Printer Epson	2500000.00	3	7500000.00	1588	Mulyanto Pradipta	Gg. Siliwangi No. 4\nPekanbaru, SB 28478	+62 (0124) 904 5725	2025-09-06	7500000.00	Store Sale
3851	2025-11-06	2	Printer Epson	2500000.00	10	25000000.00	447	R. Candra Yulianti	Gg. Gedebage Selatan No. 6\nTual, SR 34323	(016) 832-2944	2025-11-06	25000000.00	Online Transaction
3859	2026-06-13	2	Printer Epson	2500000.00	10	25000000.00	1842	Nadia Putra, M.TI.	Jl. Rajiman No. 44\nBanjarbaru, SG 40650	0840649824	2026-06-13	25000000.00	Store Sale
3861	2026-06-04	2	Printer Epson	2500000.00	8	20000000.00	133	Yulia Maryadi	Gang HOS. Cokroaminoto No. 4\nKota Administrasi Jakarta Utara, Maluku Utara 22818	+62-39-057-0324	2026-06-04	20000000.00	Customer Purchase
3884	2025-07-23	2	Printer Epson	2500000.00	4	10000000.00	192	Mursita Waluyo	Jalan Sadang Serang No. 9\nJayapura, Bali 31883	+62 (0651) 756 8969	2025-07-23	10000000.00	Store Sale
3886	2026-04-30	2	Printer Epson	2500000.00	2	5000000.00	1957	Ika Narpati, M.Farm	Gang Kiaracondong No. 950\nCirebon, Maluku 63958	+62-99-913-7037	2026-04-30	5000000.00	Product Sale
3901	2026-07-05	2	Printer Epson	2500000.00	2	5000000.00	369	Okto Saragih	Jalan Sukabumi No. 85\nBinjai, JA 61246	(047) 823 6480	2026-07-05	5000000.00	Online Transaction
3903	2025-08-02	2	Printer Epson	2500000.00	2	5000000.00	1896	Sabar Usada	Gg. Rungkut Industri No. 28\nBatu, Sumatera Barat 28974	+62 (088) 785 2516	2025-08-02	5000000.00	Product Sale
3916	2025-08-08	2	Printer Epson	2500000.00	4	10000000.00	1606	Gara Kuswoyo, S.IP	Jl. W.R. Supratman No. 0\nBlitar, KS 48801	(004) 543 9687	2025-08-08	10000000.00	Customer Purchase
3922	2026-06-01	2	Printer Epson	2500000.00	7	17500000.00	1527	Drs. Gandewa Wacana	Jalan Kutisari Selatan No. 13\nBandung, Nusa Tenggara Timur 86334	+62 (479) 889-9957	2026-06-01	17500000.00	Product Sale
3929	2025-09-24	2	Printer Epson	2500000.00	2	5000000.00	999	Candra Hidayat, S.Sos	Jalan Monginsidi No. 0\nSolok, DI Yogyakarta 89072	(0481) 889 2972	2025-09-24	5000000.00	Customer Purchase
3932	2025-08-06	2	Printer Epson	2500000.00	3	7500000.00	261	Padma Hariyah, S.E.I	Jl. Gardujati No. 1\nBinjai, Nusa Tenggara Timur 01632	0827537861	2025-08-06	7500000.00	Online Transaction
3938	2025-11-18	2	Printer Epson	2500000.00	7	17500000.00	416	Tgk. Zelda Sitorus, S.I.Kom	Gg. Cikutra Timur No. 191\nSurabaya, RI 14560	+62-0245-571-7206	2025-11-18	17500000.00	Customer Purchase
3939	2025-10-28	2	Printer Epson	2500000.00	10	25000000.00	354	R. Violet Widodo	Jalan Kebonjati No. 6\nPariaman, Sumatera Barat 85235	+62-0777-899-3264	2025-10-28	25000000.00	Online Transaction
3942	2026-06-18	2	Printer Epson	2500000.00	8	20000000.00	1387	Hilda Wibowo	Jl. M.H Thamrin No. 30\nBatam, Papua 16285	+62-62-307-3718	2026-06-18	20000000.00	Customer Purchase
3944	2026-01-24	2	Printer Epson	2500000.00	6	15000000.00	73	Cut Winda Hastuti, S.IP	Jl. Cikutra Barat No. 37\nKota Administrasi Jakarta Barat, Sumatera Selatan 72778	+62 (0554) 246 2119	2026-01-24	15000000.00	Customer Purchase
3948	2026-03-17	2	Printer Epson	2500000.00	7	17500000.00	1565	Ellis Nashiruddin	Gg. Tebet Barat Dalam No. 13\nPadangpanjang, GO 82772	+62 (817) 642-9517	2026-03-17	17500000.00	Store Sale
3956	2026-01-13	2	Printer Epson	2500000.00	1	2500000.00	1455	Calista Mayasari	Jl. Kebonjati No. 1\nManado, Kalimantan Utara 31958	+62-51-266-6926	2026-01-13	2500000.00	Store Sale
3957	2026-05-09	2	Printer Epson	2500000.00	6	15000000.00	646	Mitra Mulyani	Jalan Surapati No. 0\nMojokerto, RI 59369	+62 (13) 296-8870	2026-05-09	15000000.00	Online Transaction
3960	2026-07-03	2	Printer Epson	2500000.00	4	10000000.00	1321	Kamila Maulana	Jalan Wonoayu No. 443\nPematangsiantar, Nusa Tenggara Barat 38062	+62-928-474-9857	2026-07-03	10000000.00	Product Sale
3961	2026-05-10	2	Printer Epson	2500000.00	9	22500000.00	1503	Daliono Najmudin	NULL	(0956) 279-0786	2026-05-10	22500000.00	Online Transaction
3966	2025-11-26	2	Printer Epson	2500000.00	5	12500000.00	716	R. Bajragin Aryani, S.Kom	Jl. Cempaka No. 990\nBalikpapan, RI 05506	+62 (280) 029-8373	2025-11-26	12500000.00	Online Transaction
3981	2025-08-15	2	Printer Epson	2500000.00	6	15000000.00	1412	Mala Sihotang, S.Ked	Gg. Pacuan Kuda No. 0\nBengkulu, Jawa Barat 21995	+62 (91) 212-4033	2025-08-15	15000000.00	Store Sale
3984	2025-09-14	2	Printer Epson	2500000.00	3	7500000.00	91	Bala Irawan	Gang Indragiri No. 6\nBanjarmasin, Aceh 12762	(045) 754 1974	2025-09-14	7500000.00	Store Sale
3985	2025-10-01	2	Printer Epson	2500000.00	2	5000000.00	778	Maya Wahyudin	Jl. Sadang Serang No. 0\nMojokerto, Nusa Tenggara Barat 44827	+62-32-021-1732	2025-10-01	5000000.00	Product Sale
3998	2026-06-14	2	Printer Epson	2500000.00	4	10000000.00	1184	R.A. Eli Rahayu	Jalan Cihampelas No. 62\nTanjungbalai, BE 69856	(0279) 192 0134	2026-06-14	10000000.00	Store Sale
4000	2026-02-21	2	Printer Epson	2500000.00	6	15000000.00	116	Tira Palastri, S.Sos	Jl. Laswi No. 700\nKota Administrasi Jakarta Utara, LA 68504	(039) 778-6028	2026-02-21	15000000.00	Online Transaction
4001	2026-04-18	2	Printer Epson	2500000.00	7	17500000.00	1882	Sutan Marwata Pangestu	Gg. Cikutra Barat No. 720\nTangerang, RI 05277	+62 (0757) 525 5112	2026-04-18	17500000.00	Store Sale
4011	2026-06-03	2	Printer Epson	2500000.00	6	15000000.00	1783	Genta Dabukke	Gang Suryakencana No. 9\nKendari, Nusa Tenggara Timur 25568	+62-905-036-6513	2026-06-03	15000000.00	Product Sale
4017	2026-04-19	2	Printer Epson	2500000.00	9	22500000.00	1436	Gabriella Uyainah, S.Pd	Gang Sukajadi No. 2\nPangkalpinang, Kepulauan Riau 70652	+62-0244-419-9810	2026-04-19	22500000.00	Store Sale
4018	2026-04-27	2	Printer Epson	2500000.00	4	10000000.00	249	Zulaikha Wahyudin	Gang Wonoayu No. 13\nTanjungbalai, Sulawesi Utara 97492	+62 (977) 422 5852	2026-04-27	10000000.00	Customer Purchase
4019	2026-04-04	2	Printer Epson	2500000.00	9	22500000.00	1963	Drs. Ega Jailani	Gang Rumah Sakit No. 21\nSurakarta, Banten 94966	+62 (61) 719 2666	2026-04-04	22500000.00	Store Sale
4021	2026-01-23	2	Printer Epson	2500000.00	4	10000000.00	566	Ulya Suwarno	Gang Gegerkalong Hilir No. 093\nPalu, Kepulauan Bangka Belitung 71219	+62 (086) 927-3358	2026-01-23	10000000.00	Customer Purchase
4025	2026-04-26	2	Printer Epson	2500000.00	8	20000000.00	440	Lantar Prasetyo	Gang S. Parman No. 35\nSabang, JI 95202	(0956) 471-5365	2026-04-26	20000000.00	Store Sale
4027	2025-10-28	2	Printer Epson	2500000.00	5	12500000.00	1754	Alika Habibi	Jl. Tubagus Ismail No. 1\nCilegon, Papua Barat 60696	(0789) 133 4660	2025-10-28	12500000.00	Customer Purchase
4031	2026-04-11	2	Printer Epson	2500000.00	10	25000000.00	409	Dr. Ganjaran Salahudin, M.Ak	Gg. Indragiri No. 454\nPekalongan, Sulawesi Tenggara 43387	+62 (063) 729-8828	2026-04-11	25000000.00	Product Sale
4042	2026-01-02	2	Printer Epson	2500000.00	1	2500000.00	1119	Gilda Rajata, S.T.	NULL	+62 (560) 506-6805	2026-01-02	2500000.00	Online Transaction
4043	2026-01-13	2	Printer Epson	2500000.00	3	7500000.00	1873	Drs. Ihsan Aryani, S.Pt	Gg. Antapani Lama No. 113\nMagelang, Bali 77927	+62 (0607) 781-4697	2026-01-13	7500000.00	Online Transaction
4049	2025-07-31	2	Printer Epson	2500000.00	6	15000000.00	1586	Luthfi Saragih	Jl. Pelajar Pejuang No. 7\nSabang, Gorontalo 58607	+62-013-779-4704	2025-07-31	15000000.00	Customer Purchase
4050	2026-05-14	2	Printer Epson	2500000.00	3	7500000.00	994	R.A. Maida Gunarto	Gang Rawamangun No. 17\nSubulussalam, SB 29906	+62 (80) 266-9284	2026-05-14	7500000.00	Online Transaction
4055	2025-11-14	2	Printer Epson	2500000.00	6	15000000.00	1658	Jati Mandala	Gang Cihampelas No. 551\nSurakarta, JI 15764	(0954) 146-6608	2025-11-14	15000000.00	Online Transaction
4059	2026-01-14	2	Printer Epson	2500000.00	7	17500000.00	1880	R. Ulya Habibi, M.Farm	Gg. Lembong No. 684\nSurabaya, Lampung 45708	+62-635-148-2378	2026-01-14	17500000.00	Customer Purchase
4060	2025-08-27	2	Printer Epson	2500000.00	3	7500000.00	1061	Ana Nurdiyanti	Gg. Asia Afrika No. 9\nTasikmalaya, SU 89817	+62-013-775-4071	2025-08-27	7500000.00	Product Sale
4062	2026-03-12	2	Printer Epson	2500000.00	4	10000000.00	1135	Usyi Wastuti	Jalan Sentot Alibasa No. 660\nKediri, Gorontalo 17508	+62 (69) 226 4119	2026-03-12	10000000.00	Store Sale
4067	2026-05-27	2	Printer Epson	2500000.00	10	25000000.00	445	Dinda Nababan	Jl. Pacuan Kuda No. 5\nBanjarbaru, Jawa Tengah 98257	+62-56-765-2277	2026-05-27	25000000.00	Online Transaction
4073	2026-03-20	2	Printer Epson	2500000.00	3	7500000.00	277	Sutan Umay Widiastuti, S.Kom	Jalan Pasteur No. 088\nPematangsiantar, LA 52412	+62 (599) 917 4709	2026-03-20	7500000.00	Online Transaction
4076	2026-06-12	2	Printer Epson	2500000.00	7	17500000.00	1938	R.A. Ida Tamba, M.Farm	Gang Waringin No. 6\nLubuklinggau, Kalimantan Timur 35682	+62 (0265) 076 8185	2026-06-12	17500000.00	Customer Purchase
4080	2026-01-18	2	Printer Epson	2500000.00	1	2500000.00	1014	Silvia Hutasoit	Gg. Pacuan Kuda No. 46\nCimahi, KT 49208	+62 (0075) 340 6538	2026-01-18	2500000.00	Customer Purchase
4086	2026-04-29	2	Printer Epson	2500000.00	8	20000000.00	1766	Cici Astuti	Jalan PHH. Mustofa No. 03\nPariaman, Bali 27114	(0792) 119-1987	2026-04-29	20000000.00	Product Sale
4089	2025-07-13	2	Printer Epson	2500000.00	4	10000000.00	1024	Erik Susanti	Gang Dr. Djunjunan No. 73\nMalang, KB 31983	+62 (22) 012-0041	2025-07-13	10000000.00	Store Sale
4094	2025-11-27	2	Printer Epson	2500000.00	10	25000000.00	552	Parman Mandala	Jalan M.T Haryono No. 090\nSibolga, Kalimantan Tengah 62485	(0178) 164-0760	2025-11-27	25000000.00	Customer Purchase
4097	2025-09-11	2	Printer Epson	2500000.00	4	10000000.00	231	Puti Yessi Padmasari, S.E.I	Jl. Pacuan Kuda No. 693\nLhokseumawe, Sumatera Barat 14490	+62-072-663-0316	2025-09-11	10000000.00	Customer Purchase
4102	2025-08-08	2	Printer Epson	2500000.00	2	5000000.00	16	Drs. Indah Mardhiyah	NULL	+62 (0817) 726-0114	2025-08-08	5000000.00	Store Sale
4111	2025-11-23	2	Printer Epson	2500000.00	8	20000000.00	337	Eli Nugroho	Gg. Medokan Ayu No. 9\nSawahlunto, Riau 77405	+62 (851) 823-4694	2025-11-23	20000000.00	Store Sale
4120	2026-06-28	2	Printer Epson	2500000.00	1	2500000.00	1499	Putu Nurdiyanti	Gang Rumah Sakit No. 524\nPayakumbuh, Bengkulu 80020	+62 (0034) 683-2325	2026-06-28	2500000.00	Online Transaction
4133	2025-08-04	2	Printer Epson	2500000.00	10	25000000.00	1699	T. Lamar Prayoga	Gg. Gedebage Selatan No. 557\nKota Administrasi Jakarta Utara, Papua 49019	0856501881	2025-08-04	25000000.00	Online Transaction
4138	2026-02-23	2	Printer Epson	2500000.00	2	5000000.00	1501	Ir. Dimas Utami, S.Sos	Gg. Gedebage Selatan No. 9\nBau-Bau, KT 49143	(072) 645 6599	2026-02-23	5000000.00	Online Transaction
4139	2025-07-11	2	Printer Epson	2500000.00	5	12500000.00	1358	Kacung Permadi	Gg. Sukajadi No. 803\nBitung, BT 86171	+62-0866-664-1555	2025-07-11	12500000.00	Online Transaction
4148	2025-09-19	2	Printer Epson	2500000.00	6	15000000.00	140	Saiful Hidayat	Gang Dipatiukur No. 185\nSurakarta, AC 96418	+62-87-430-1477	2025-09-19	15000000.00	Store Sale
4151	2025-09-21	2	Printer Epson	2500000.00	8	20000000.00	761	Rini Pratama	Jl. Ciumbuleuit No. 74\nTangerang Selatan, KI 48363	0852038385	2025-09-21	20000000.00	Store Sale
4161	2026-04-01	2	Printer Epson	2500000.00	9	22500000.00	1057	Gambira Firgantoro	Gang Ronggowarsito No. 07\nBalikpapan, KR 08017	(053) 636-4937	2026-04-01	22500000.00	Product Sale
4163	2026-03-02	2	Printer Epson	2500000.00	3	7500000.00	210	Suci Hidayat	Jl. Medokan Ayu No. 686\nMalang, Kalimantan Barat 63120	+62-749-520-5690	2026-03-02	7500000.00	Online Transaction
4167	2026-06-04	2	Printer Epson	2500000.00	6	15000000.00	294	Jail Winarno, M.Ak	Gang Cihampelas No. 390\nBanjar, DKI Jakarta 26677	(098) 546-2711	2026-06-04	15000000.00	Product Sale
4168	2026-01-07	2	Printer Epson	2500000.00	8	20000000.00	1539	Ridwan Usamah	Gang Rajawali Timur No. 66\nPagaralam, JI 79828	+62 (031) 879 4994	2026-01-07	20000000.00	Store Sale
4170	2026-07-08	2	Printer Epson	2500000.00	9	22500000.00	78	Ir. Maimunah Sihombing	Gg. S. Parman No. 00\nSubulussalam, Bengkulu 70376	+62 (0908) 928 6314	2026-07-08	22500000.00	Store Sale
4174	2025-10-25	2	Printer Epson	2500000.00	10	25000000.00	1066	Drs. Belinda Anggriawan	NULL	+62 (24) 915 1414	2025-10-25	25000000.00	Online Transaction
4176	2025-11-06	2	Printer Epson	2500000.00	10	25000000.00	1403	Raharja Salahudin, S.H.	Gg. Setiabudhi No. 40\nPalu, KS 22373	+62 (31) 800 9112	2025-11-06	25000000.00	Store Sale
4177	2025-12-27	2	Printer Epson	2500000.00	10	25000000.00	173	Sutan Prabu Prayoga	Jl. K.H. Wahid Hasyim No. 56\nMalang, Lampung 01824	(028) 962-5474	2025-12-27	25000000.00	Store Sale
4185	2026-06-08	2	Printer Epson	2500000.00	3	7500000.00	1059	Tgk. Fathonah Nurdiyanti, S.IP	Gang Dipenogoro No. 71\nBitung, Sulawesi Selatan 07399	+62-715-710-0695	2026-06-08	7500000.00	Store Sale
4194	2026-04-14	2	Printer Epson	2500000.00	6	15000000.00	1057	Gambira Firgantoro	Gang Ronggowarsito No. 07\nBalikpapan, KR 08017	(053) 636-4937	2026-04-14	15000000.00	Product Sale
4195	2026-03-05	2	Printer Epson	2500000.00	1	2500000.00	1564	Rika Latupono	Jl. Pelajar Pejuang No. 549\nPalembang, BE 02521	(0130) 814-2387	2026-03-05	2500000.00	Product Sale
4196	2025-09-28	2	Printer Epson	2500000.00	10	25000000.00	1019	Prabawa Maheswara	Jalan Kiaracondong No. 3\nBengkulu, NB 93894	+62 (0556) 091-9775	2025-09-28	25000000.00	Store Sale
4214	2026-04-19	2	Printer Epson	2500000.00	1	2500000.00	1555	Nardi Saragih, S.Gz	NULL	+62 (097) 666-8785	2026-04-19	2500000.00	Customer Purchase
4235	2026-07-02	2	Printer Epson	2500000.00	1	2500000.00	339	Samiah Prayoga	NULL	+62 (221) 352 5312	2026-07-02	2500000.00	Customer Purchase
4236	2026-05-09	2	Printer Epson	2500000.00	6	15000000.00	1398	drg. Saka Wijaya	Jalan Monginsidi No. 482\nSibolga, JT 73723	(0094) 616-0510	2026-05-09	15000000.00	Store Sale
4237	2026-06-06	2	Printer Epson	2500000.00	1	2500000.00	1970	Dr. Ella Lailasari	Jalan Pacuan Kuda No. 69\nManado, Kepulauan Riau 98842	+62 (126) 956-6147	2026-06-06	2500000.00	Customer Purchase
4238	2025-08-01	2	Printer Epson	2500000.00	7	17500000.00	1127	Sabri Marpaung	Gang Siliwangi No. 65\nTomohon, KR 30699	+62 (017) 933 8079	2025-08-01	17500000.00	Online Transaction
4249	2025-08-16	2	Printer Epson	2500000.00	2	5000000.00	201	Dewi Pangestu	NULL	+62 (37) 762-9840	2025-08-16	5000000.00	Store Sale
4250	2026-02-02	2	Printer Epson	2500000.00	6	15000000.00	724	Wawan Mulyani	Gg. Ciumbuleuit No. 88\nPekanbaru, Maluku Utara 94768	+62-093-301-8679	2026-02-02	15000000.00	Online Transaction
4256	2025-12-26	2	Printer Epson	2500000.00	4	10000000.00	991	Cinthia Utama	Jalan Raya Setiabudhi No. 0\nBima, Sumatera Utara 74210	084 199 1431	2025-12-26	10000000.00	Customer Purchase
4258	2026-05-04	2	Printer Epson	2500000.00	8	20000000.00	1866	Ir. Cinta Tamba	Gang Sukajadi No. 50\nBengkulu, Gorontalo 90647	+62-03-799-5362	2026-05-04	20000000.00	Store Sale
4263	2026-06-16	2	Printer Epson	2500000.00	9	22500000.00	1070	Anom Rahimah	Jl. PHH. Mustofa No. 031\nKota Administrasi Jakarta Barat, Kalimantan Barat 91918	(0746) 092-8397	2026-06-16	22500000.00	Online Transaction
4267	2025-12-09	2	Printer Epson	2500000.00	2	5000000.00	649	T. Gara Usada	Jalan Bangka Raya No. 3\nSabang, BA 63630	+62 (56) 645-4072	2025-12-09	5000000.00	Online Transaction
4269	2025-11-18	2	Printer Epson	2500000.00	6	15000000.00	1620	Natalia Andriani	Gg. Cikutra Barat No. 868\nSawahlunto, KU 78966	+62-0595-541-8433	2025-11-18	15000000.00	Store Sale
4281	2026-01-20	2	Printer Epson	2500000.00	10	25000000.00	1309	Nalar Samosir	Gg. Abdul Muis No. 3\nBanjarbaru, Jawa Tengah 07113	+62 (14) 237 3230	2026-01-20	25000000.00	Customer Purchase
4289	2025-09-30	2	Printer Epson	2500000.00	3	7500000.00	249	Zulaikha Wahyudin	Gang Wonoayu No. 13\nTanjungbalai, Sulawesi Utara 97492	+62 (977) 422 5852	2025-09-30	7500000.00	Online Transaction
4294	2026-04-23	2	Printer Epson	2500000.00	1	2500000.00	115	Sadina Rahimah, S.E.I	Gang Suniaraja No. 16\nBitung, Nusa Tenggara Timur 02852	+62-145-679-9454	2026-04-23	2500000.00	Online Transaction
4297	2026-03-13	2	Printer Epson	2500000.00	9	22500000.00	462	Mursinin Firmansyah, S.Pt	Gang Dipatiukur No. 42\nBanjarmasin, Lampung 54494	0894788637	2026-03-13	22500000.00	Online Transaction
4305	2026-04-06	2	Printer Epson	2500000.00	4	10000000.00	458	Estiono Hasanah	Gg. Cihampelas No. 5\nKendari, BT 55977	+62 (41) 027-8083	2026-04-06	10000000.00	Customer Purchase
4313	2026-01-27	2	Printer Epson	2500000.00	7	17500000.00	532	Fitria Saptono	Jalan Suniaraja No. 0\nTebingtinggi, Jawa Tengah 61025	086 522 5147	2026-01-27	17500000.00	Online Transaction
4325	2026-04-07	2	Printer Epson	2500000.00	4	10000000.00	1112	dr. Amalia Pudjiastuti	Jl. Joyoboyo No. 1\nSolok, SU 33513	(044) 350-6752	2026-04-07	10000000.00	Store Sale
4327	2025-09-14	2	Printer Epson	2500000.00	8	20000000.00	1676	Vicky Sudiati	Jl. Jayawijaya No. 8\nBekasi, Bali 12630	(023) 152-1312	2025-09-14	20000000.00	Customer Purchase
4333	2025-11-10	2	Printer Epson	2500000.00	4	10000000.00	791	Ayu Yuliarti	Jl. Ronggowarsito No. 338\nMedan, Nusa Tenggara Timur 58649	+62-0650-318-5459	2025-11-10	10000000.00	Online Transaction
4338	2026-02-14	2	Printer Epson	2500000.00	9	22500000.00	1393	Cornelia Hasanah	Gang K.H. Wahid Hasyim No. 97\nPalopo, JK 95011	+62 (060) 220-3231	2026-02-14	22500000.00	Product Sale
4344	2026-04-18	2	Printer Epson	2500000.00	3	7500000.00	1347	Ana Nurdiyanti	Jl. Suryakencana No. 9\nDepok, KU 68714	+62 (0194) 996-0169	2026-04-18	7500000.00	Customer Purchase
4348	2025-12-29	2	Printer Epson	2500000.00	5	12500000.00	350	Jamil Jailani	Jl. Veteran No. 359\nPagaralam, Riau 06144	+62 (0959) 007 6103	2025-12-29	12500000.00	Online Transaction
4352	2026-01-10	2	Printer Epson	2500000.00	8	20000000.00	1534	Kunthara Suryatmi	Gg. Moch. Ramdan No. 991\nTernate, KS 21359	(0226) 071-6047	2026-01-10	20000000.00	Online Transaction
4363	2025-07-23	2	Printer Epson	2500000.00	7	17500000.00	1566	Ulya Suwarno	Gang Gegerkalong Hilir No. 093\nPalu, Kepulauan Bangka Belitung 71219	+62 (086) 927-3358	2025-07-23	17500000.00	Product Sale
4371	2025-12-17	2	Printer Epson	2500000.00	1	2500000.00	2000	Hasna Firgantoro	Gg. Suniaraja No. 861\nPalangkaraya, GO 38968	+62 (063) 664-2867	2025-12-17	2500000.00	Product Sale
4373	2026-06-04	2	Printer Epson	2500000.00	1	2500000.00	1445	Dinda Nababan	Jl. Pacuan Kuda No. 5\nBanjarbaru, Jawa Tengah 98257	+62-56-765-2277	2026-06-04	2500000.00	Customer Purchase
4377	2025-12-16	2	Printer Epson	2500000.00	9	22500000.00	127	Sabri Marpaung	Gang Siliwangi No. 65\nTomohon, KR 30699	+62 (017) 933 8079	2025-12-16	22500000.00	Product Sale
4386	2025-08-15	2	Printer Epson	2500000.00	1	2500000.00	909	Embuh Pradipta	Gg. Tebet Barat Dalam No. 731\nTangerang Selatan, RI 08764	+62 (897) 590 5010	2025-08-15	2500000.00	Customer Purchase
4390	2025-12-25	2	Printer Epson	2500000.00	4	10000000.00	1142	Zizi Mandala	Jalan Ronggowarsito No. 265\nTanjungpinang, Maluku 32707	(098) 402-5466	2025-12-25	10000000.00	Store Sale
4392	2025-12-01	2	Printer Epson	2500000.00	3	7500000.00	1350	Jamil Jailani	Jl. Veteran No. 359\nPagaralam, Riau 06144	+62 (0959) 007 6103	2025-12-01	7500000.00	Customer Purchase
4395	2026-01-18	2	Printer Epson	2500000.00	3	7500000.00	1780	Kasiyah Wahyuni	Jalan Cihampelas No. 3\nYogyakarta, KS 19993	+62-36-806-9251	2026-01-18	7500000.00	Online Transaction
4409	2025-09-20	2	Printer Epson	2500000.00	2	5000000.00	363	Mutia Sudiati, M.M.	Gg. Setiabudhi No. 270\nTanjungbalai, LA 80708	+62-065-754-6167	2025-09-20	5000000.00	Online Transaction
4415	2026-02-07	2	Printer Epson	2500000.00	3	7500000.00	1516	Cawisono Dabukke, S.Gz	Gg. S. Parman No. 18\nDenpasar, Sumatera Barat 93659	(074) 377 1927	2026-02-07	7500000.00	Customer Purchase
4423	2025-09-29	2	Printer Epson	2500000.00	7	17500000.00	981	Cut Zahra Sinaga	Gang Waringin No. 27\nProbolinggo, Sulawesi Utara 02426	+62 (614) 519-1537	2025-09-29	17500000.00	Product Sale
4426	2025-10-27	2	Printer Epson	2500000.00	4	10000000.00	1422	R. Ira Prasetyo	Gg. HOS. Cokroaminoto No. 8\nTanjungpinang, Kalimantan Selatan 47829	+62 (0871) 567-8255	2025-10-27	10000000.00	Store Sale
4428	2025-11-13	2	Printer Epson	2500000.00	9	22500000.00	1964	Karma Hasanah	Gg. W.R. Supratman No. 1\nMedan, RI 56832	+62 (05) 305-7111	2025-11-13	22500000.00	Store Sale
4438	2025-08-28	2	Printer Epson	2500000.00	8	20000000.00	1694	Tina Yuniar	Jalan W.R. Supratman No. 7\nKediri, Kepulauan Riau 87093	+62-589-933-4686	2025-08-28	20000000.00	Store Sale
4447	2026-03-15	2	Printer Epson	2500000.00	8	20000000.00	4	Uchita Anggriawan	Gg. Sadang Serang No. 860\nSurabaya, JI 41619	+62 (63) 895-0317	2026-03-15	20000000.00	Product Sale
4448	2026-05-09	2	Printer Epson	2500000.00	2	5000000.00	419	Tgk. Novi Saefullah, M.Kom.	Jl. Gegerkalong Hilir No. 953\nPalangkaraya, SR 91647	(040) 432-7170	2026-05-09	5000000.00	Online Transaction
4455	2026-02-02	2	Printer Epson	2500000.00	6	15000000.00	1809	Wani Puspita	NULL	+62 (028) 811 6408	2026-02-02	15000000.00	Online Transaction
4466	2025-12-23	2	Printer Epson	2500000.00	10	25000000.00	1294	Jail Winarno, M.Ak	Gang Cihampelas No. 390\nBanjar, DKI Jakarta 26677	(098) 546-2711	2025-12-23	25000000.00	Product Sale
4467	2025-10-02	2	Printer Epson	2500000.00	6	15000000.00	241	Jelita Dongoran	Gang Jayawijaya No. 4\nDumai, PB 21565	+62-808-651-4949	2025-10-02	15000000.00	Online Transaction
4471	2025-12-20	2	Printer Epson	2500000.00	7	17500000.00	201	Dewi Pangestu	NULL	+62 (37) 762-9840	2025-12-20	17500000.00	Customer Purchase
4474	2026-02-01	2	Printer Epson	2500000.00	10	25000000.00	1944	Sari Salahudin	Gg. Yos Sudarso No. 1\nBanjarbaru, DKI Jakarta 20022	(0684) 849-6780	2026-02-01	25000000.00	Product Sale
4475	2025-12-07	2	Printer Epson	2500000.00	1	2500000.00	1066	Drs. Belinda Anggriawan	NULL	+62 (24) 915 1414	2025-12-07	2500000.00	Product Sale
4483	2025-12-08	2	Printer Epson	2500000.00	9	22500000.00	1560	Tgk. Cecep Wijaya, S.Psi	Gg. Ronggowarsito No. 11\nPalopo, LA 86739	+62 (556) 168 4579	2025-12-08	22500000.00	Store Sale
4489	2026-04-21	2	Printer Epson	2500000.00	10	25000000.00	1901	Tina Saputra	Jalan Pasteur No. 329\nTangerang Selatan, JA 38356	(0843) 252-8486	2026-04-21	25000000.00	Customer Purchase
4491	2025-12-07	2	Printer Epson	2500000.00	5	12500000.00	1312	Pia Wibowo	Jalan Ahmad Yani No. 21\nBandar Lampung, Sulawesi Tenggara 96226	+62 (195) 799-0405	2025-12-07	12500000.00	Store Sale
4492	2026-02-02	2	Printer Epson	2500000.00	7	17500000.00	256	drg. Kamaria Wahyuni, S.E.I	Jl. Moch. Toha No. 50\nKota Administrasi Jakarta Pusat, Gorontalo 37675	+62 (0756) 416-2231	2026-02-02	17500000.00	Customer Purchase
4496	2026-01-08	2	Printer Epson	2500000.00	6	15000000.00	259	Rahayu Uyainah	Jalan Dr. Djunjunan No. 7\nMataram, DKI Jakarta 65309	+62-076-218-8703	2026-01-08	15000000.00	Product Sale
4498	2026-05-29	2	Printer Epson	2500000.00	4	10000000.00	1823	Garda Sirait	NULL	+62 (301) 961-6939	2026-05-29	10000000.00	Product Sale
4505	2026-05-22	2	Printer Epson	2500000.00	5	12500000.00	1744	Farhunnisa Saputra	Jl. Cikutra Barat No. 660\nPalu, Nusa Tenggara Barat 57292	+62 (580) 398-9431	2026-05-22	12500000.00	Customer Purchase
4512	2025-11-15	2	Printer Epson	2500000.00	6	15000000.00	1997	Hana Megantara	Jl. Astana Anyar No. 492\nSemarang, BT 09828	+62 (0024) 486 4176	2025-11-15	15000000.00	Online Transaction
4532	2026-02-10	2	Printer Epson	2500000.00	4	10000000.00	875	Maida Wibisono	Jalan Monginsidi No. 95\nSibolga, Maluku Utara 54277	080 339 5141	2026-02-10	10000000.00	Product Sale
4535	2025-11-29	2	Printer Epson	2500000.00	4	10000000.00	1448	Dr. Utama Utami	Jl. Joyoboyo No. 01\nMakassar, SG 07135	+62 (064) 641-9155	2025-11-29	10000000.00	Online Transaction
4540	2026-02-01	2	Printer Epson	2500000.00	1	2500000.00	1867	T. Harto Hutagalung, S.Pt	Gang Bangka Raya No. 547\nPontianak, PB 21866	+62 (89) 386 0030	2026-02-01	2500000.00	Customer Purchase
4543	2026-05-03	2	Printer Epson	2500000.00	10	25000000.00	1930	Salman Thamrin	Jalan Kutai No. 091\nBatam, Aceh 16878	0873741727	2026-05-03	25000000.00	Online Transaction
4548	2025-10-27	2	Printer Epson	2500000.00	4	10000000.00	1147	Vera Sitorus	Gang Jakarta No. 58\nMetro, MA 06382	+62 (480) 403 3536	2025-10-27	10000000.00	Customer Purchase
4551	2025-11-17	2	Printer Epson	2500000.00	1	2500000.00	758	Ina Laksmiwati, M.TI.	Gang Waringin No. 714\nSurabaya, JK 32275	+62 (046) 649-0632	2025-11-17	2500000.00	Store Sale
4557	2026-05-09	2	Printer Epson	2500000.00	9	22500000.00	1494	Dian Tarihoran, M.Kom.	Gang Raya Ujungberung No. 7\nPasuruan, Jawa Barat 13429	(0942) 267-2828	2026-05-09	22500000.00	Customer Purchase
4558	2025-08-06	2	Printer Epson	2500000.00	2	5000000.00	781	Farhunnisa Hutapea	Jalan Moch. Ramdan No. 922\nPurwokerto, SU 89174	(0970) 350 3642	2025-08-06	5000000.00	Customer Purchase
4564	2025-11-23	2	Printer Epson	2500000.00	4	10000000.00	1574	Sakura Nasyiah	Jl. Ciwastra No. 962\nMadiun, RI 36436	+62 (967) 323 6487	2025-11-23	10000000.00	Product Sale
4569	2025-09-17	2	Printer Epson	2500000.00	6	15000000.00	46	R. Usman Saragih	Jalan Peta No. 92\nLangsa, SU 58853	0880600802	2025-09-17	15000000.00	Store Sale
4571	2026-05-26	2	Printer Epson	2500000.00	6	15000000.00	383	Tri Mayasari	Jl. Peta No. 2\nPadang Sidempuan, Nusa Tenggara Timur 38880	+62-332-520-4496	2026-05-26	15000000.00	Store Sale
4575	2026-05-11	2	Printer Epson	2500000.00	10	25000000.00	930	Salman Thamrin	Jalan Kutai No. 091\nBatam, Aceh 16878	0873741727	2026-05-11	25000000.00	Store Sale
4576	2026-03-12	2	Printer Epson	2500000.00	1	2500000.00	1331	Eva Hidayanto	Jl. Sukajadi No. 59\nSukabumi, Sulawesi Tenggara 41357	+62 (049) 816 7123	2026-03-12	2500000.00	Product Sale
4583	2025-08-30	2	Printer Epson	2500000.00	9	22500000.00	916	Tgk. Alika Sitompul, S.Sos	NULL	+62-919-451-1085	2025-08-30	22500000.00	Customer Purchase
4585	2025-09-06	2	Printer Epson	2500000.00	4	10000000.00	782	Rina Mustofa, S.Ked	Gang Tebet Barat Dalam No. 26\nPadangpanjang, Gorontalo 19334	(0700) 700 2972	2025-09-06	10000000.00	Product Sale
4587	2026-03-15	2	Printer Epson	2500000.00	2	5000000.00	761	Rini Pratama	Jl. Ciumbuleuit No. 74\nTangerang Selatan, KI 48363	0852038385	2026-03-15	5000000.00	Store Sale
4589	2025-07-31	2	Printer Epson	2500000.00	3	7500000.00	1954	Belinda Salahudin	Gang Yos Sudarso No. 5\nSabang, Aceh 20634	+62 (048) 299 9185	2025-07-31	7500000.00	Customer Purchase
4596	2026-03-15	2	Printer Epson	2500000.00	8	20000000.00	153	Zelda Tarihoran	Gang Kendalsari No. 0\nMagelang, Kalimantan Timur 31696	+62 (43) 925-1873	2026-03-15	20000000.00	Store Sale
4599	2025-07-29	2	Printer Epson	2500000.00	4	10000000.00	1273	Laksana Winarsih, S.E.	Jalan Ir. H. Djuanda No. 92\nKota Administrasi Jakarta Selatan, Jambi 94123	+62 (036) 249-1247	2025-07-29	10000000.00	Product Sale
4600	2026-05-15	2	Printer Epson	2500000.00	6	15000000.00	262	Laila Firgantoro, S.T.	Gang Stasiun Wonokromo No. 0\nKendari, KB 02830	(0969) 056 1266	2026-05-15	15000000.00	Store Sale
4628	2025-07-24	2	Printer Epson	2500000.00	1	2500000.00	1308	Elisa Mahendra	Jl. Cikutra Timur No. 6\nPalangkaraya, Sumatera Utara 18556	+62 (50) 220-5779	2025-07-24	2500000.00	Store Sale
4639	2025-07-30	2	Printer Epson	2500000.00	2	5000000.00	438	Harjo Halim	Gang Cikapayang No. 443\nSungai Penuh, ST 44751	(0935) 816-0776	2025-07-30	5000000.00	Online Transaction
4644	2026-03-03	2	Printer Epson	2500000.00	4	10000000.00	1693	Viktor Firmansyah	Gang Moch. Toha No. 5\nBitung, NB 63653	+62-262-581-8094	2026-03-03	10000000.00	Customer Purchase
4653	2025-09-02	2	Printer Epson	2500000.00	9	22500000.00	1727	T. Saiful Iswahyudi, S.I.Kom	Jl. Stasiun Wonokromo No. 4\nKota Administrasi Jakarta Selatan, RI 71323	(040) 103-6833	2025-09-02	22500000.00	Store Sale
4658	2025-11-12	2	Printer Epson	2500000.00	6	15000000.00	658	Jati Mandala	Gang Cihampelas No. 551\nSurakarta, JI 15764	(0954) 146-6608	2025-11-12	15000000.00	Product Sale
4660	2026-05-30	2	Printer Epson	2500000.00	10	25000000.00	945	Salwa Waskita, M.Ak	Jl. Sadang Serang No. 788\nTanjungbalai, JI 98155	089 973 0056	2026-05-30	25000000.00	Product Sale
4677	2025-09-04	2	Printer Epson	2500000.00	6	15000000.00	29	Gaman Anggraini, S.Pt	Gang Joyoboyo No. 1\nKota Administrasi Jakarta Timur, Maluku Utara 58485	+62 (51) 176-7793	2025-09-04	15000000.00	Product Sale
4689	2026-01-28	2	Printer Epson	2500000.00	2	5000000.00	547	Dt. Ilyas Hariyah, S.Pd	Jalan Bangka Raya No. 37\nPalopo, SR 95364	+62-315-898-8526	2026-01-28	5000000.00	Customer Purchase
4691	2026-02-24	2	Printer Epson	2500000.00	1	2500000.00	1373	Raisa Wastuti	Gg. Dipenogoro No. 680\nSingkawang, SU 45575	+62 (0667) 399 4904	2026-02-24	2500000.00	Online Transaction
4692	2026-05-07	2	Printer Epson	2500000.00	10	25000000.00	583	dr. Arta Dongoran	Jalan Cempaka No. 880\nCirebon, SS 63865	089 197 3884	2026-05-07	25000000.00	Online Transaction
4695	2025-09-21	2	Printer Epson	2500000.00	1	2500000.00	494	Dian Tarihoran, M.Kom.	Gang Raya Ujungberung No. 7\nPasuruan, Jawa Barat 13429	(0942) 267-2828	2025-09-21	2500000.00	Online Transaction
4706	2025-10-02	2	Printer Epson	2500000.00	7	17500000.00	1431	Rahman Siregar	Jalan Siliwangi No. 949\nPalembang, Kepulauan Riau 65289	+62-024-732-3656	2025-10-02	17500000.00	Online Transaction
4715	2025-07-13	2	Printer Epson	2500000.00	1	2500000.00	438	Harjo Halim	Gang Cikapayang No. 443\nSungai Penuh, ST 44751	(0935) 816-0776	2025-07-13	2500000.00	Product Sale
4716	2026-02-08	2	Printer Epson	2500000.00	4	10000000.00	621	Tgk. Slamet Jailani, S.I.Kom	Jalan Monginsidi No. 9\nSabang, KT 11610	+62 (92) 389-6235	2026-02-08	10000000.00	Product Sale
4717	2025-12-25	2	Printer Epson	2500000.00	8	20000000.00	859	Salsabila Hidayanto	Gg. Waringin No. 57\nMetro, Sulawesi Utara 74468	+62 (0937) 388-7404	2025-12-25	20000000.00	Online Transaction
4725	2025-11-15	2	Printer Epson	2500000.00	7	17500000.00	1900	Daryani Pertiwi	Gang PHH. Mustofa No. 42\nPagaralam, NB 49272	(0014) 593-4034	2025-11-15	17500000.00	Store Sale
4726	2026-02-05	2	Printer Epson	2500000.00	5	12500000.00	617	Tgk. Lintang Puspasari	Jl. Cikutra Barat No. 087\nSawahlunto, MU 84715	+62 (92) 666 3619	2026-02-05	12500000.00	Product Sale
4740	2026-02-14	2	Printer Epson	2500000.00	7	17500000.00	1605	R. Wani Lestari	Gg. Gegerkalong Hilir No. 037\nTasikmalaya, ST 89606	+62 (063) 139-2687	2026-02-14	17500000.00	Customer Purchase
4743	2026-04-15	2	Printer Epson	2500000.00	5	12500000.00	1369	Okto Saragih	Jalan Sukabumi No. 85\nBinjai, JA 61246	(047) 823 6480	2026-04-15	12500000.00	Customer Purchase
4744	2026-01-06	2	Printer Epson	2500000.00	3	7500000.00	1541	Nurul Astuti	Gg. Laswi No. 314\nDenpasar, SR 37661	+62 (77) 589-9159	2026-01-06	7500000.00	Store Sale
4757	2025-09-25	2	Printer Epson	2500000.00	6	15000000.00	1989	Ilyas Rajasa	Gang Dipenogoro No. 202\nPalopo, MU 70730	+62 (012) 474 8917	2025-09-25	15000000.00	Store Sale
4761	2025-07-23	2	Printer Epson	2500000.00	5	12500000.00	1718	Dian Tarihoran, M.Kom.	Gg. Dr. Djunjunan No. 558\nPasuruan, Sumatera Barat 76778	+62-0158-052-9500	2025-07-23	12500000.00	Product Sale
4762	2025-09-01	2	Printer Epson	2500000.00	10	25000000.00	1758	Ina Laksmiwati, M.TI.	Gang Waringin No. 714\nSurabaya, JK 32275	+62 (046) 649-0632	2025-09-01	25000000.00	Online Transaction
4765	2025-10-23	2	Printer Epson	2500000.00	7	17500000.00	1100	Gasti Dongoran	Gg. Setiabudhi No. 48\nTegal, LA 18235	089 720 9468	2025-10-23	17500000.00	Customer Purchase
4781	2025-11-25	2	Printer Epson	2500000.00	5	12500000.00	429	Tgk. Chandra Astuti, M.Kom.	Jalan Asia Afrika No. 657\nPadang Sidempuan, Nusa Tenggara Timur 47596	0835510263	2025-11-25	12500000.00	Online Transaction
4801	2025-12-10	2	Printer Epson	2500000.00	4	10000000.00	766	Cici Astuti	Jalan PHH. Mustofa No. 03\nPariaman, Bali 27114	(0792) 119-1987	2025-12-10	10000000.00	Store Sale
4804	2026-02-05	2	Printer Epson	2500000.00	1	2500000.00	371	Patricia Permadi	Jl. Cihampelas No. 952\nSungai Penuh, SS 96385	+62 (037) 446 5820	2026-02-05	2500000.00	Customer Purchase
4817	2026-01-25	2	Printer Epson	2500000.00	10	25000000.00	967	Nabila Hutasoit	Jl. BKR No. 99\nParepare, SU 23709	+62 (0338) 830 7790	2026-01-25	25000000.00	Customer Purchase
4821	2025-10-12	2	Printer Epson	2500000.00	1	2500000.00	1290	Olivia Prasetya	Jl. Pacuan Kuda No. 38\nPalembang, Sumatera Selatan 54919	0824022078	2025-10-12	2500000.00	Store Sale
4822	2026-03-03	2	Printer Epson	2500000.00	8	20000000.00	700	Dr. Violet Wijayanti	Gang W.R. Supratman No. 99\nSurakarta, Bengkulu 67666	+62-071-923-0802	2026-03-03	20000000.00	Online Transaction
4830	2026-01-24	2	Printer Epson	2500000.00	10	25000000.00	1836	Dr. Cindy Damanik	Gg. Rajawali Timur No. 86\nSibolga, BT 48755	+62 (001) 103-6096	2026-01-24	25000000.00	Store Sale
4831	2025-07-09	2	Printer Epson	2500000.00	4	10000000.00	1451	Hani Haryanto	Gg. Soekarno Hatta No. 719\nPadang, Jambi 59770	+62 (033) 910 2125	2025-07-09	10000000.00	Product Sale
4838	2025-08-17	2	Printer Epson	2500000.00	3	7500000.00	895	Ana Kuswoyo	Jl. Asia Afrika No. 251\nMetro, KU 03705	+62 (264) 301 1980	2025-08-17	7500000.00	Product Sale
4839	2026-04-21	2	Printer Epson	2500000.00	1	2500000.00	1634	Mala Dabukke	Jalan Abdul Muis No. 09\nPekalongan, Papua Barat 17089	+62-07-269-6440	2026-04-21	2500000.00	Store Sale
4848	2026-02-12	2	Printer Epson	2500000.00	6	15000000.00	568	Ayu Yuliarti, M.Ak	Jalan Surapati No. 01\nCimahi, KI 53874	+62-441-983-2432	2026-02-12	15000000.00	Store Sale
4851	2026-04-25	2	Printer Epson	2500000.00	6	15000000.00	1402	Radit Zulaika	Gang Kutai No. 6\nSibolga, Jambi 68745	+62 (055) 597 0474	2026-04-25	15000000.00	Store Sale
4856	2026-01-25	2	Printer Epson	2500000.00	10	25000000.00	360	Adinata Mayasari	Jalan HOS. Cokroaminoto No. 400\nTarakan, NB 69786	+62 (448) 437 0118	2026-01-25	25000000.00	Online Transaction
4860	2025-10-26	2	Printer Epson	2500000.00	8	20000000.00	1041	Dewi Pangestu	Gang Pacuan Kuda No. 58\nTual, RI 81051	+62 (0484) 286 7416	2025-10-26	20000000.00	Store Sale
4861	2025-09-24	2	Printer Epson	2500000.00	6	15000000.00	1683	dr. Irfan Marpaung, S.E.I	Gg. Cempaka No. 0\nBanjar, KI 33255	+62 (0192) 131-8554	2025-09-24	15000000.00	Customer Purchase
4867	2026-07-05	2	Printer Epson	2500000.00	2	5000000.00	900	Daryani Pertiwi	Gang PHH. Mustofa No. 42\nPagaralam, NB 49272	(0014) 593-4034	2026-07-05	5000000.00	Store Sale
4873	2026-01-09	2	Printer Epson	2500000.00	4	10000000.00	1009	Ana Prasetya	Jl. Astana Anyar No. 936\nDenpasar, KR 34561	+62 (0506) 321-2435	2026-01-09	10000000.00	Store Sale
4877	2025-08-08	2	Printer Epson	2500000.00	5	12500000.00	1947	Elisa Prasasta	Jalan Wonoayu No. 24\nSerang, NB 69442	+62 (514) 898 0000	2025-08-08	12500000.00	Online Transaction
4886	2026-02-27	2	Printer Epson	2500000.00	4	10000000.00	223	Ratih Lailasari, S.E.	Gg. Jakarta No. 395\nPariaman, Jawa Barat 19328	(008) 460-1584	2026-02-27	10000000.00	Product Sale
4889	2026-02-23	2	Printer Epson	2500000.00	5	12500000.00	1569	Tantri Wijaya, M.Pd	Gang Laswi No. 6\nMetro, Kalimantan Utara 74513	+62-0812-459-2842	2026-02-23	12500000.00	Online Transaction
4895	2025-11-04	2	Printer Epson	2500000.00	3	7500000.00	1945	Salwa Waskita, M.Ak	Jl. Sadang Serang No. 788\nTanjungbalai, JI 98155	089 973 0056	2025-11-04	7500000.00	Customer Purchase
4897	2025-10-16	2	Printer Epson	2500000.00	4	10000000.00	1604	Tami Simanjuntak	NULL	+62 (0535) 457 7112	2025-10-16	10000000.00	Product Sale
4898	2026-01-15	2	Printer Epson	2500000.00	5	12500000.00	140	Saiful Hidayat	Gang Dipatiukur No. 185\nSurakarta, AC 96418	+62-87-430-1477	2026-01-15	12500000.00	Online Transaction
4899	2026-02-18	2	Printer Epson	2500000.00	9	22500000.00	1159	Padmi Hidayanto, S.E.I	Gg. Gardujati No. 7\nSurabaya, Papua 07091	(075) 303-2352	2026-02-18	22500000.00	Customer Purchase
4901	2025-09-11	2	Printer Epson	2500000.00	8	20000000.00	399	Hani Palastri	Gg. Rajawali Timur No. 0\nMedan, Sulawesi Selatan 18003	+62-0020-508-0493	2025-09-11	20000000.00	Online Transaction
4904	2026-01-10	2	Printer Epson	2500000.00	6	15000000.00	1939	Jinawi Budiman	Jl. Abdul Muis No. 4\nCimahi, JI 66904	+62-72-446-3878	2026-01-10	15000000.00	Store Sale
4909	2025-12-28	2	Printer Epson	2500000.00	7	17500000.00	1554	Indah Riyanti	Jalan Ahmad Yani No. 2\nPekalongan, MA 98530	+62 (394) 244-0730	2025-12-28	17500000.00	Online Transaction
4917	2026-06-26	2	Printer Epson	2500000.00	3	7500000.00	246	Oskar Ardianto	Gg. Gedebage Selatan No. 9\nYogyakarta, JK 82719	+62-78-138-2110	2026-06-26	7500000.00	Online Transaction
4919	2026-05-18	2	Printer Epson	2500000.00	3	7500000.00	734	dr. Yusuf Situmorang	Jl. Sadang Serang No. 0\nJambi, Sulawesi Tengah 33092	+62 (49) 540 3840	2026-05-18	7500000.00	Customer Purchase
4922	2026-04-25	2	Printer Epson	2500000.00	7	17500000.00	1237	Novi Gunarto	Gg. Otto Iskandardinata No. 9\nPadang, BA 45947	+62 (0291) 200 9058	2026-04-25	17500000.00	Customer Purchase
4925	2025-11-16	2	Printer Epson	2500000.00	8	20000000.00	898	Aslijan Rahmawati, S.IP	NULL	+62 (523) 472-6552	2025-11-16	20000000.00	Online Transaction
4926	2026-04-07	2	Printer Epson	2500000.00	5	12500000.00	1030	Genta Prasasta	Gang Tubagus Ismail No. 1\nTasikmalaya, NT 03025	+62-30-468-2355	2026-04-07	12500000.00	Online Transaction
4933	2025-10-25	2	Printer Epson	2500000.00	3	7500000.00	725	Harja Narpati	Jl. Wonoayu No. 0\nBekasi, Nusa Tenggara Timur 98636	+62-0113-355-8191	2025-10-25	7500000.00	Product Sale
4937	2026-05-28	2	Printer Epson	2500000.00	4	10000000.00	115	Sadina Rahimah, S.E.I	Gang Suniaraja No. 16\nBitung, Nusa Tenggara Timur 02852	+62-145-679-9454	2026-05-28	10000000.00	Store Sale
4941	2026-01-22	2	Printer Epson	2500000.00	7	17500000.00	619	Rusman Waluyo	Jl. Pacuan Kuda No. 53\nCimahi, Jawa Timur 89463	+62 (0429) 784-1069	2026-01-22	17500000.00	Customer Purchase
4943	2025-12-07	2	Printer Epson	2500000.00	4	10000000.00	1704	Harsana Maryadi	Jalan Setiabudhi No. 600\nPagaralam, Bali 65899	+62 (22) 631-8647	2025-12-07	10000000.00	Product Sale
4949	2026-05-21	2	Printer Epson	2500000.00	3	7500000.00	387	Hilda Wibowo	Jl. M.H Thamrin No. 30\nBatam, Papua 16285	+62-62-307-3718	2026-05-21	7500000.00	Store Sale
4962	2025-07-17	2	Printer Epson	2500000.00	8	20000000.00	1290	Olivia Prasetya	Jl. Pacuan Kuda No. 38\nPalembang, Sumatera Selatan 54919	0824022078	2025-07-17	20000000.00	Customer Purchase
4964	2025-11-25	2	Printer Epson	2500000.00	2	5000000.00	365	Sadina Thamrin	Gang HOS. Cokroaminoto No. 9\nCimahi, Maluku Utara 08291	+62 (018) 910 9014	2025-11-25	5000000.00	Customer Purchase
4968	2025-08-06	2	Printer Epson	2500000.00	6	15000000.00	998	Dr. Rusman Tarihoran	Gg. Cihampelas No. 287\nAmbon, Maluku 02718	+62-99-115-0523	2025-08-06	15000000.00	Store Sale
4978	2026-03-25	2	Printer Epson	2500000.00	6	15000000.00	1	Test Data	Jakarta	0800000000	2026-03-25	15000000.00	Product Sale
4983	2026-01-25	2	Printer Epson	2500000.00	3	7500000.00	362	Irma Wacana, M.TI.	Jalan Rajawali Timur No. 2\nPekanbaru, Sumatera Barat 13159	(019) 801 1979	2026-01-25	7500000.00	Customer Purchase
4988	2026-01-28	2	Printer Epson	2500000.00	4	10000000.00	347	Ana Nurdiyanti	Jl. Suryakencana No. 9\nDepok, KU 68714	+62 (0194) 996-0169	2026-01-28	10000000.00	Online Transaction
4991	2025-12-13	2	Printer Epson	2500000.00	4	10000000.00	1696	Nadine Nasyidah	Jalan Kendalsari No. 533\nTasikmalaya, SU 88576	(0553) 483-7365	2025-12-13	10000000.00	Online Transaction
4992	2025-11-14	2	Printer Epson	2500000.00	6	15000000.00	1717	Tgk. Salwa Puspita	Jalan Otto Iskandardinata No. 575\nBatu, GO 23831	+62 (0034) 579-2321	2025-11-14	15000000.00	Online Transaction
5003	2025-11-22	2	Printer Epson	2500000.00	9	22500000.00	1785	Diana Manullang	Gang Indragiri No. 34\nTual, SU 96968	+62 (021) 583 4907	2025-11-22	22500000.00	Product Sale
5005	2026-06-15	2	Printer Epson	2500000.00	9	22500000.00	1877	Oliva Nurdiyanti	Jalan Sadang Serang No. 45\nPekanbaru, SR 41761	089 421 0122	2026-06-15	22500000.00	Store Sale
13	2025-10-10	3	Mouse Logitech	250000.00	2	500000.00	383	Tri Mayasari	Jl. Peta No. 2\nPadang Sidempuan, Nusa Tenggara Timur 38880	+62-332-520-4496	2025-10-10	500000.00	Customer Purchase
16	2026-06-26	3	Mouse Logitech	250000.00	6	1500000.00	390	Icha Irawan	Jl. Ronggowarsito No. 6\nSibolga, Kalimantan Tengah 17563	084 295 7851	2026-06-26	1500000.00	Online Transaction
17	2025-10-20	3	Mouse Logitech	250000.00	1	250000.00	940	Drs. Lanang Permadi, M.Pd	Gang Jayawijaya No. 96\nBanjar, SU 96493	+62 (077) 137 4953	2025-10-20	250000.00	Store Sale
23	2026-03-12	3	Mouse Logitech	250000.00	1	250000.00	1871	Candra Handayani	Jalan Kebonjati No. 893\nSemarang, JT 12650	0805750171	2026-03-12	250000.00	Store Sale
27	2026-04-23	3	Mouse Logitech	250000.00	1	250000.00	337	Eli Nugroho	Gg. Medokan Ayu No. 9\nSawahlunto, Riau 77405	+62 (851) 823-4694	2026-04-23	250000.00	Online Transaction
35	2025-12-05	3	Mouse Logitech	250000.00	10	2500000.00	1008	Sutan Gamblang Purnawati	Gg. W.R. Supratman No. 588\nSorong, YO 50475	(047) 944 7704	2025-12-05	2500000.00	Store Sale
46	2026-04-09	3	Mouse Logitech	250000.00	6	1500000.00	56	Drs. Hartaka Kuswandari	Jl. Pasteur No. 772\nKota Administrasi Jakarta Utara, Sulawesi Barat 49141	(0738) 934 1414	2026-04-09	1500000.00	Online Transaction
55	2025-10-07	3	Mouse Logitech	250000.00	9	2250000.00	91	Bala Irawan	Gang Indragiri No. 6\nBanjarmasin, Aceh 12762	(045) 754 1974	2025-10-07	2250000.00	Customer Purchase
58	2026-02-01	3	Mouse Logitech	250000.00	7	1750000.00	1405	Akarsana Irawan	Jalan Suryakencana No. 9\nTasikmalaya, AC 78612	(056) 814 1459	2026-02-01	1750000.00	Customer Purchase
65	2026-03-24	3	Mouse Logitech	250000.00	6	1500000.00	373	Raisa Wastuti	Gg. Dipenogoro No. 680\nSingkawang, SU 45575	+62 (0667) 399 4904	2026-03-24	1500000.00	Online Transaction
66	2025-12-22	3	Mouse Logitech	250000.00	6	1500000.00	1847	Julia Nashiruddin	Jl. Setiabudhi No. 5\nPangkalpinang, DKI Jakarta 65207	(0335) 583 6284	2025-12-22	1500000.00	Online Transaction
70	2026-03-28	3	Mouse Logitech	250000.00	7	1750000.00	476	Rahayu Wahyudin	Gang Gardujati No. 715\nBinjai, KU 97567	+62 (340) 073 9590	2026-03-28	1750000.00	Product Sale
72	2026-01-26	3	Mouse Logitech	250000.00	7	1750000.00	65	Dt. Raharja Hasanah, S.IP	Gg. Kutai No. 76\nSawahlunto, JB 57439	+62-012-700-2595	2026-01-26	1750000.00	Online Transaction
76	2026-05-23	3	Mouse Logitech	250000.00	1	250000.00	325	Panji Nasyidah, S.Pd	Gang Waringin No. 673\nSerang, KR 33743	+62 (0146) 751 0226	2026-05-23	250000.00	Online Transaction
80	2026-04-16	3	Mouse Logitech	250000.00	10	2500000.00	1089	Dimas Hartati, S.Ked	Jl. Rungkut Industri No. 37\nPagaralam, Kalimantan Barat 06320	+62 (060) 954 9484	2026-04-16	2500000.00	Product Sale
85	2026-02-06	3	Mouse Logitech	250000.00	7	1750000.00	654	Queen Pradipta	Jl. M.H Thamrin No. 71\nCirebon, Gorontalo 66111	081 095 9439	2026-02-06	1750000.00	Store Sale
105	2025-12-16	3	Mouse Logitech	250000.00	4	1000000.00	1865	Prayoga Hakim	Jl. Erlangga No. 90\nKota Administrasi Jakarta Barat, KU 51664	+62 (71) 110-5978	2025-12-16	1000000.00	Online Transaction
107	2025-11-23	3	Mouse Logitech	250000.00	4	1000000.00	228	Gasti Suwarno	Gg. Pasirkoja No. 4\nBekasi, MU 22416	0860238662	2025-11-23	1000000.00	Online Transaction
120	2026-03-23	3	Mouse Logitech	250000.00	1	250000.00	1045	Cut Wulan Uyainah, S.Psi	Jalan Moch. Ramdan No. 4\nProbolinggo, LA 61591	082 614 2520	2026-03-23	250000.00	Product Sale
131	2025-12-22	3	Mouse Logitech	250000.00	3	750000.00	1724	Wawan Mulyani	Gg. Ciumbuleuit No. 88\nPekanbaru, Maluku Utara 94768	+62-093-301-8679	2025-12-22	750000.00	Online Transaction
132	2025-08-21	3	Mouse Logitech	250000.00	6	1500000.00	329	Vivi Sihombing	Jl. Kapten Muslihat No. 8\nSingkawang, Sumatera Utara 37383	+62 (0869) 190 0279	2025-08-21	1500000.00	Product Sale
133	2026-06-18	3	Mouse Logitech	250000.00	7	1750000.00	1231	Puti Yessi Padmasari, S.E.I	Jl. Pacuan Kuda No. 693\nLhokseumawe, Sumatera Barat 14490	+62-072-663-0316	2026-06-18	1750000.00	Online Transaction
135	2025-10-27	3	Mouse Logitech	250000.00	7	1750000.00	55	Kamidin Prabowo	Jalan Cihampelas No. 42\nPadang Sidempuan, Maluku Utara 41483	+62 (001) 753 0137	2025-10-27	1750000.00	Online Transaction
141	2026-02-07	3	Mouse Logitech	250000.00	8	2000000.00	1041	Dewi Pangestu	Gang Pacuan Kuda No. 58\nTual, RI 81051	+62 (0484) 286 7416	2026-02-07	2000000.00	Customer Purchase
145	2026-03-28	3	Mouse Logitech	250000.00	2	500000.00	257	Jelita Melani	Gang Pacuan Kuda No. 535\nTernate, Nusa Tenggara Barat 94843	+62 (0861) 480 3094	2026-03-28	500000.00	Online Transaction
147	2026-03-03	3	Mouse Logitech	250000.00	10	2500000.00	691	Hj. Hesti Namaga, M.TI.	Jalan Kutai No. 76\nTasikmalaya, NB 29546	+62 (0154) 578 5985	2026-03-03	2500000.00	Customer Purchase
150	2026-06-28	3	Mouse Logitech	250000.00	7	1750000.00	711	Dt. Kadir Laksita, S.H.	Jl. Lembong No. 39\nDenpasar, Kalimantan Utara 30725	(0473) 612-3894	2026-06-28	1750000.00	Product Sale
152	2026-02-28	3	Mouse Logitech	250000.00	4	1000000.00	902	R. Paulin Susanti	Gang Pasir Koja No. 08\nPekalongan, GO 10726	+62 (704) 917 1255	2026-02-28	1000000.00	Product Sale
156	2026-06-14	3	Mouse Logitech	250000.00	6	1500000.00	1747	Warsa Winarsih	Jl. BKR No. 52\nJayapura, PB 25286	(001) 238-8711	2026-06-14	1500000.00	Customer Purchase
164	2026-01-05	3	Mouse Logitech	250000.00	3	750000.00	148	Artanto Sitorus	Gang Jend. Sudirman No. 61\nSorong, Sulawesi Tenggara 12613	+62 (81) 405-2758	2026-01-05	750000.00	Store Sale
166	2026-06-02	3	Mouse Logitech	250000.00	7	1750000.00	1110	Paris Novitasari	Gang Suryakencana No. 938\nTarakan, Kalimantan Utara 94751	(0013) 110 1343	2026-06-02	1750000.00	Customer Purchase
172	2025-07-14	3	Mouse Logitech	250000.00	5	1250000.00	518	Kenes Wasita	Jalan Abdul Muis No. 733\nSubulussalam, DKI Jakarta 38357	(0917) 577 5286	2025-07-14	1250000.00	Product Sale
183	2026-05-08	3	Mouse Logitech	250000.00	4	1000000.00	302	Bagya Tarihoran	Gg. Rungkut Industri No. 09\nBanjar, BE 39599	+62 (0399) 619-2520	2026-05-08	1000000.00	Customer Purchase
184	2025-09-26	3	Mouse Logitech	250000.00	7	1750000.00	1375	Restu Haryanto, S.E.	Gang R.E Martadinata No. 32\nCilegon, Sumatera Selatan 18950	+62 (084) 114-5716	2025-09-26	1750000.00	Product Sale
204	2025-12-21	3	Mouse Logitech	250000.00	4	1000000.00	1715	Ira Ardianto, S.E.I	Gg. Sukabumi No. 6\nSemarang, NB 21892	(088) 929 5758	2025-12-21	1000000.00	Store Sale
207	2025-10-12	3	Mouse Logitech	250000.00	2	500000.00	1247	Lanang Sitompul, S.Pt	Jl. Cikutra Timur No. 050\nBatam, PA 88775	+62-053-078-2313	2025-10-12	500000.00	Online Transaction
209	2025-10-28	3	Mouse Logitech	250000.00	9	2250000.00	1343	Asmadi Gunawan	Gang Kendalsari No. 57\nTarakan, Kepulauan Riau 24866	+62 (0523) 047 6571	2025-10-28	2250000.00	Online Transaction
218	2025-11-14	3	Mouse Logitech	250000.00	1	250000.00	24	Erik Susanti	Gang Dr. Djunjunan No. 73\nMalang, KB 31983	+62 (22) 012-0041	2025-11-14	250000.00	Customer Purchase
225	2026-05-29	3	Mouse Logitech	250000.00	7	1750000.00	541	Nurul Astuti	Gg. Laswi No. 314\nDenpasar, SR 37661	+62 (77) 589-9159	2026-05-29	1750000.00	Store Sale
228	2026-01-26	3	Mouse Logitech	250000.00	9	2250000.00	694	Tina Yuniar	Jalan W.R. Supratman No. 7\nKediri, Kepulauan Riau 87093	+62-589-933-4686	2026-01-26	2250000.00	Customer Purchase
230	2026-01-09	3	Mouse Logitech	250000.00	9	2250000.00	1632	Jamalia Waluyo	Gang Ahmad Yani No. 115\nKendari, BE 53657	(0751) 285 8763	2026-01-09	2250000.00	Product Sale
235	2025-12-12	3	Mouse Logitech	250000.00	7	1750000.00	941	Unjani Siregar	Jalan Cihampelas No. 5\nPangkalpinang, Banten 85978	+62 (006) 226-2509	2025-12-12	1750000.00	Online Transaction
237	2026-06-27	3	Mouse Logitech	250000.00	8	2000000.00	1457	Liman Saefullah, S.E.I	Gang Cikutra Barat No. 6\nPontianak, Sulawesi Utara 34464	+62-0326-722-9704	2026-06-27	2000000.00	Store Sale
242	2026-01-15	3	Mouse Logitech	250000.00	6	1500000.00	1414	Cemani Hasanah	Jalan BKR No. 558\nPagaralam, LA 41858	(015) 641-1722	2026-01-15	1500000.00	Online Transaction
249	2026-05-19	3	Mouse Logitech	250000.00	1	250000.00	466	Estiono Santoso	Gang Raya Setiabudhi No. 670\nMojokerto, JK 03511	+62 (0701) 708-4570	2026-05-19	250000.00	Online Transaction
251	2025-11-28	3	Mouse Logitech	250000.00	10	2500000.00	247	Lanang Sitompul, S.Pt	Jl. Cikutra Timur No. 050\nBatam, PA 88775	+62-053-078-2313	2025-11-28	2500000.00	Customer Purchase
252	2026-01-11	3	Mouse Logitech	250000.00	9	2250000.00	1186	Ulva Pudjiastuti	Jl. Kebonjati No. 69\nPematangsiantar, JT 26987	+62-056-999-2390	2026-01-11	2250000.00	Customer Purchase
260	2025-08-05	3	Mouse Logitech	250000.00	9	2250000.00	1809	Wani Puspita	NULL	+62 (028) 811 6408	2025-08-05	2250000.00	Store Sale
264	2025-11-14	3	Mouse Logitech	250000.00	8	2000000.00	742	R. Maria Winarsih, S.Farm	NULL	087 966 0106	2025-11-14	2000000.00	Online Transaction
278	2025-11-02	3	Mouse Logitech	250000.00	5	1250000.00	1242	Kanda Prasasta	Gg. Cikutra Barat No. 5\nKupang, Sulawesi Selatan 75936	+62-0074-253-6820	2025-11-02	1250000.00	Store Sale
279	2026-02-27	3	Mouse Logitech	250000.00	7	1750000.00	25	Drs. Ifa Budiman, M.Kom.	Jl. Antapani Lama No. 6\nLhokseumawe, Sulawesi Tengah 16275	(0286) 362-6536	2026-02-27	1750000.00	Store Sale
305	2025-07-18	3	Mouse Logitech	250000.00	9	2250000.00	142	Zizi Mandala	Jalan Ronggowarsito No. 265\nTanjungpinang, Maluku 32707	(098) 402-5466	2025-07-18	2250000.00	Store Sale
309	2026-07-05	3	Mouse Logitech	250000.00	5	1250000.00	546	Fitria Maheswara	Jalan Otto Iskandardinata No. 3\nKota Administrasi Jakarta Selatan, LA 91864	+62 (062) 330-9690	2026-07-05	1250000.00	Product Sale
311	2025-09-01	3	Mouse Logitech	250000.00	3	750000.00	1783	Genta Dabukke	Gang Suryakencana No. 9\nKendari, Nusa Tenggara Timur 25568	+62-905-036-6513	2025-09-01	750000.00	Online Transaction
313	2026-07-03	3	Mouse Logitech	250000.00	7	1750000.00	1069	Dr. Ika Utama	Jalan Abdul Muis No. 6\nBatu, DI Yogyakarta 47125	(059) 877-7025	2026-07-03	1750000.00	Customer Purchase
318	2026-06-01	3	Mouse Logitech	250000.00	6	1500000.00	380	R.A. Yuni Prasetya, S.Ked	Jalan Dr. Djunjunan No. 11\nPagaralam, SG 55871	+62 (90) 551 1888	2026-06-01	1500000.00	Online Transaction
325	2026-02-28	3	Mouse Logitech	250000.00	9	2250000.00	1766	Cici Astuti	Jalan PHH. Mustofa No. 03\nPariaman, Bali 27114	(0792) 119-1987	2026-02-28	2250000.00	Customer Purchase
329	2025-10-23	3	Mouse Logitech	250000.00	3	750000.00	1053	Purwanto Utama	Jalan Jakarta No. 23\nPadangpanjang, BT 02526	+62 (0714) 686-3784	2025-10-23	750000.00	Product Sale
331	2025-12-22	3	Mouse Logitech	250000.00	2	500000.00	1852	Akarsana Irawan	Gg. Ahmad Dahlan No. 58\nSabang, Kepulauan Bangka Belitung 85627	084 196 1417	2025-12-22	500000.00	Product Sale
332	2026-06-28	3	Mouse Logitech	250000.00	7	1750000.00	530	Anastasia Habibi	Jl. Pasteur No. 20\nSingkawang, Banten 28893	(0182) 842 0402	2026-06-28	1750000.00	Store Sale
334	2026-01-18	3	Mouse Logitech	250000.00	3	750000.00	791	Ayu Yuliarti	Jl. Ronggowarsito No. 338\nMedan, Nusa Tenggara Timur 58649	+62-0650-318-5459	2026-01-18	750000.00	Online Transaction
336	2026-01-05	3	Mouse Logitech	250000.00	2	500000.00	326	R. Artanto Usamah	Jalan Soekarno Hatta No. 71\nMakassar, JA 43668	+62 (0884) 073 5627	2026-01-05	500000.00	Store Sale
338	2025-11-24	3	Mouse Logitech	250000.00	1	250000.00	293	Drs. Winda Saragih	Jalan Gegerkalong Hilir No. 0\nSolok, NB 05787	+62 (0777) 863 6310	2025-11-24	250000.00	Product Sale
342	2026-04-01	3	Mouse Logitech	250000.00	10	2500000.00	1742	R. Maria Winarsih, S.Farm	NULL	087 966 0106	2026-04-01	2500000.00	Product Sale
348	2026-01-24	3	Mouse Logitech	250000.00	10	2500000.00	379	Paulin Prasetya	Jalan HOS. Cokroaminoto No. 7\nSalatiga, Kepulauan Riau 23966	+62-543-427-1903	2026-01-24	2500000.00	Store Sale
350	2026-05-02	3	Mouse Logitech	250000.00	7	1750000.00	1438	Harjo Halim	Gang Cikapayang No. 443\nSungai Penuh, ST 44751	(0935) 816-0776	2026-05-02	1750000.00	Customer Purchase
351	2025-12-02	3	Mouse Logitech	250000.00	8	2000000.00	903	Puti Amelia Hardiansyah	Gang Soekarno Hatta No. 74\nSamarinda, Papua 56675	0875824233	2025-12-02	2000000.00	Product Sale
352	2026-04-19	3	Mouse Logitech	250000.00	8	2000000.00	1735	Tgk. Yuliana Handayani, S.Kom	Gang Astana Anyar No. 5\nCirebon, Bengkulu 96261	+62 (356) 533 7340	2026-04-19	2000000.00	Store Sale
354	2025-07-08	3	Mouse Logitech	250000.00	7	1750000.00	790	Gina Prasetyo, S.Kom	Jl. Rajawali Barat No. 987\nPayakumbuh, Jawa Timur 81444	(0237) 003 4444	2025-07-08	1750000.00	Online Transaction
373	2025-09-29	3	Mouse Logitech	250000.00	4	1000000.00	1541	Nurul Astuti	Gg. Laswi No. 314\nDenpasar, SR 37661	+62 (77) 589-9159	2025-09-29	1000000.00	Product Sale
376	2026-03-01	3	Mouse Logitech	250000.00	7	1750000.00	1286	Wirda Purnawati	Jl. Antapani Lama No. 2\nMakassar, SU 85773	0831059830	2026-03-01	1750000.00	Store Sale
377	2026-05-25	3	Mouse Logitech	250000.00	5	1250000.00	1925	R. Queen Prakasa	Jl. Moch. Ramdan No. 12\nBanjarbaru, BE 64951	+62-533-954-5542	2026-05-25	1250000.00	Customer Purchase
379	2025-10-16	3	Mouse Logitech	250000.00	1	250000.00	354	R. Violet Widodo	Jalan Kebonjati No. 6\nPariaman, Sumatera Barat 85235	+62-0777-899-3264	2025-10-16	250000.00	Store Sale
384	2025-10-21	3	Mouse Logitech	250000.00	8	2000000.00	1201	Dewi Pangestu	NULL	+62 (37) 762-9840	2025-10-21	2000000.00	Online Transaction
388	2026-05-06	3	Mouse Logitech	250000.00	6	1500000.00	1347	Ana Nurdiyanti	Jl. Suryakencana No. 9\nDepok, KU 68714	+62 (0194) 996-0169	2026-05-06	1500000.00	Store Sale
398	2025-08-03	3	Mouse Logitech	250000.00	4	1000000.00	1154	Makuta Sihotang	Gang Jend. Sudirman No. 912\nMeulaboh, YO 43532	0895216617	2025-08-03	1000000.00	Product Sale
404	2026-06-11	3	Mouse Logitech	250000.00	6	1500000.00	334	Cakrawangsa Najmudin	Jalan Dipenogoro No. 781\nSamarinda, Papua Barat 76972	+62 (045) 854-0634	2026-06-11	1500000.00	Product Sale
416	2025-08-22	3	Mouse Logitech	250000.00	4	1000000.00	1395	Ir. Dartono Pranowo, S.Psi	Jalan H.J Maemunah No. 66\nPalu, LA 42580	+62 (22) 689-7884	2025-08-22	1000000.00	Customer Purchase
426	2026-04-01	3	Mouse Logitech	250000.00	3	750000.00	608	Satya Nashiruddin	NULL	+62 (65) 315 7643	2026-04-01	750000.00	Product Sale
431	2026-04-01	3	Mouse Logitech	250000.00	8	2000000.00	1606	Gara Kuswoyo, S.IP	Jl. W.R. Supratman No. 0\nBlitar, KS 48801	(004) 543 9687	2026-04-01	2000000.00	Store Sale
434	2026-04-30	3	Mouse Logitech	250000.00	1	250000.00	89	Dimas Hartati, S.Ked	Jl. Rungkut Industri No. 37\nPagaralam, Kalimantan Barat 06320	+62 (060) 954 9484	2026-04-30	250000.00	Customer Purchase
451	2026-04-24	3	Mouse Logitech	250000.00	3	750000.00	796	Tasnim Prastuti	Jalan Suniaraja No. 7\nPariaman, Jawa Barat 79096	+62 (330) 096 4365	2026-04-24	750000.00	Customer Purchase
454	2026-07-03	3	Mouse Logitech	250000.00	1	250000.00	510	Ridwan Sihotang	Jalan Rumah Sakit No. 4\nPayakumbuh, Gorontalo 09684	(0672) 180-1431	2026-07-03	250000.00	Store Sale
461	2025-09-25	3	Mouse Logitech	250000.00	5	1250000.00	298	Gada Marbun, S.Farm	Gg. Rajiman No. 4\nBengkulu, KR 52986	+62-039-696-0689	2025-09-25	1250000.00	Customer Purchase
467	2026-01-21	3	Mouse Logitech	250000.00	4	1000000.00	1568	Ayu Yuliarti, M.Ak	Jalan Surapati No. 01\nCimahi, KI 53874	+62-441-983-2432	2026-01-21	1000000.00	Product Sale
468	2026-05-25	3	Mouse Logitech	250000.00	9	2250000.00	80	Rachel Wahyuni	Jalan Medokan Ayu No. 152\nKota Administrasi Jakarta Selatan, BE 05053	+62-87-085-9912	2026-05-25	2250000.00	Store Sale
469	2025-11-04	3	Mouse Logitech	250000.00	5	1250000.00	1565	Ellis Nashiruddin	Gg. Tebet Barat Dalam No. 13\nPadangpanjang, GO 82772	+62 (817) 642-9517	2025-11-04	1250000.00	Online Transaction
475	2026-03-04	3	Mouse Logitech	250000.00	10	2500000.00	853	Nugraha Anggriawan	Gang Gardujati No. 9\nBitung, Maluku Utara 33476	+62 (385) 216 6931	2026-03-04	2500000.00	Product Sale
478	2026-05-04	3	Mouse Logitech	250000.00	7	1750000.00	47	Endra Wacana, S.T.	Gg. Suniaraja No. 324\nPematangsiantar, JT 76800	+62-199-894-7802	2026-05-04	1750000.00	Product Sale
498	2026-04-20	3	Mouse Logitech	250000.00	3	750000.00	1218	Oni Mayasari	Jl. Jayawijaya No. 7\nParepare, Sulawesi Tengah 40695	+62 (0551) 853 0363	2026-04-20	750000.00	Product Sale
501	2025-11-21	3	Mouse Logitech	250000.00	9	2250000.00	274	Dalima Natsir	Gg. Waringin No. 164\nMalang, Kepulauan Bangka Belitung 62903	+62 (0130) 575 9023	2025-11-21	2250000.00	Store Sale
502	2026-05-12	3	Mouse Logitech	250000.00	3	750000.00	492	Dt. Raharja Hasanah, S.IP	Gg. Raya Setiabudhi No. 13\nBanjarbaru, Sumatera Utara 60122	+62-21-495-7368	2026-05-12	750000.00	Customer Purchase
503	2025-07-09	3	Mouse Logitech	250000.00	1	250000.00	1175	Ajeng Suryono	Gg. Antapani Lama No. 6\nPalembang, SR 24350	+62-826-819-7580	2025-07-09	250000.00	Product Sale
505	2026-06-18	3	Mouse Logitech	250000.00	4	1000000.00	1997	Hana Megantara	Jl. Astana Anyar No. 492\nSemarang, BT 09828	+62 (0024) 486 4176	2026-06-18	1000000.00	Product Sale
510	2026-06-17	3	Mouse Logitech	250000.00	5	1250000.00	952	T. Adika Thamrin, M.TI.	Jalan Kapten Muslihat No. 044\nBanda Aceh, SR 11602	+62 (119) 456 0653	2026-06-17	1250000.00	Online Transaction
513	2025-10-28	3	Mouse Logitech	250000.00	4	1000000.00	843	Puji Wijayanti	Jl. Dipenogoro No. 5\nMagelang, Jawa Tengah 55251	+62-082-933-8227	2025-10-28	1000000.00	Online Transaction
517	2026-03-09	3	Mouse Logitech	250000.00	1	250000.00	469	Ir. Legawa Tampubolon, S.T.	Gg. BKR No. 2\nBogor, GO 20820	+62 (225) 952-8088	2026-03-09	250000.00	Product Sale
518	2026-02-17	3	Mouse Logitech	250000.00	9	2250000.00	1983	Restu Tamba	Gg. Raya Ujungberung No. 6\nDenpasar, MA 60452	+62 (75) 828 1593	2026-02-17	2250000.00	Customer Purchase
519	2025-09-27	3	Mouse Logitech	250000.00	5	1250000.00	1797	Wani Wasita, M.Ak	Jl. Jend. A. Yani No. 68\nMagelang, BT 66701	+62 (0484) 555-1577	2025-09-27	1250000.00	Store Sale
520	2025-11-02	3	Mouse Logitech	250000.00	9	2250000.00	1971	Vega Wahyuni	Gang Cikapayang No. 508\nPariaman, Aceh 10607	+62 (0822) 232-8885	2025-11-02	2250000.00	Product Sale
523	2026-02-27	3	Mouse Logitech	250000.00	8	2000000.00	940	Drs. Lanang Permadi, M.Pd	Gang Jayawijaya No. 96\nBanjar, SU 96493	+62 (077) 137 4953	2026-02-27	2000000.00	Online Transaction
525	2026-05-20	3	Mouse Logitech	250000.00	8	2000000.00	1110	Paris Novitasari	Gang Suryakencana No. 938\nTarakan, Kalimantan Utara 94751	(0013) 110 1343	2026-05-20	2000000.00	Customer Purchase
529	2026-06-15	3	Mouse Logitech	250000.00	9	2250000.00	857	Rika Anggraini	Jalan Kutai No. 7\nTangerang, Kepulauan Riau 05153	(0495) 916 9892	2026-06-15	2250000.00	Product Sale
532	2026-06-15	3	Mouse Logitech	250000.00	7	1750000.00	1345	Martaka Puspasari	Jl. Ahmad Dahlan No. 505\nBatu, Bengkulu 51286	+62 (771) 758-0803	2026-06-15	1750000.00	Store Sale
542	2025-12-14	3	Mouse Logitech	250000.00	10	2500000.00	26	Jail Situmorang	Jalan Rungkut Industri No. 18\nBandar Lampung, Gorontalo 58723	+62 (0602) 126 3136	2025-12-14	2500000.00	Product Sale
545	2025-09-23	3	Mouse Logitech	250000.00	4	1000000.00	1831	Yani Palastri	Jl. Gegerkalong Hilir No. 660\nMetro, YO 05965	+62-31-847-9150	2025-09-23	1000000.00	Online Transaction
548	2025-07-17	3	Mouse Logitech	250000.00	10	2500000.00	1228	Gasti Suwarno	Gg. Pasirkoja No. 4\nBekasi, MU 22416	0860238662	2025-07-17	2500000.00	Store Sale
550	2026-05-17	3	Mouse Logitech	250000.00	10	2500000.00	353	Gaduh Haryanto	Gang HOS. Cokroaminoto No. 180\nSalatiga, Gorontalo 62126	+62 (0107) 480-9871	2026-05-17	2500000.00	Customer Purchase
558	2026-06-07	3	Mouse Logitech	250000.00	4	1000000.00	1601	Atma Prayoga, S.E.I	Gang Surapati No. 98\nKediri, BB 62329	(0101) 630-1828	2026-06-07	1000000.00	Online Transaction
559	2025-09-23	3	Mouse Logitech	250000.00	4	1000000.00	678	Surya Halim	Jalan Rajawali Timur No. 094\nBinjai, BA 05451	(0335) 314 3841	2025-09-23	1000000.00	Store Sale
565	2025-07-26	3	Mouse Logitech	250000.00	1	250000.00	768	Purwadi Putra	Jl. Sentot Alibasa No. 46\nMagelang, JB 16921	+62 (098) 200 1229	2025-07-26	250000.00	Product Sale
587	2026-06-22	3	Mouse Logitech	250000.00	7	1750000.00	1289	Tgk. Prabu Hutagalung	Gg. Sukabumi No. 25\nBanda Aceh, KU 90842	(062) 745 3224	2026-06-22	1750000.00	Product Sale
592	2026-06-21	3	Mouse Logitech	250000.00	2	500000.00	232	R. Yosef Prasetya	Gang Jamika No. 9\nBlitar, Sulawesi Barat 38273	+62 (039) 811-3376	2026-06-21	500000.00	Store Sale
593	2025-08-13	3	Mouse Logitech	250000.00	8	2000000.00	1998	Dr. Rusman Tarihoran	Gg. Cihampelas No. 287\nAmbon, Maluku 02718	+62-99-115-0523	2025-08-13	2000000.00	Store Sale
594	2026-02-09	3	Mouse Logitech	250000.00	1	250000.00	1522	drg. Irma Suartini, S.Pd	Jl. Ciumbuleuit No. 654\nPekanbaru, SR 62054	+62 (77) 424-7654	2026-02-09	250000.00	Customer Purchase
604	2026-05-24	3	Mouse Logitech	250000.00	7	1750000.00	1033	Adinata Nainggolan, M.Farm	Jl. Cikutra Timur No. 9\nYogyakarta, Kalimantan Timur 47700	081 991 5396	2026-05-24	1750000.00	Store Sale
615	2026-04-04	3	Mouse Logitech	250000.00	5	1250000.00	1290	Olivia Prasetya	Jl. Pacuan Kuda No. 38\nPalembang, Sumatera Selatan 54919	0824022078	2026-04-04	1250000.00	Customer Purchase
620	2025-12-18	3	Mouse Logitech	250000.00	9	2250000.00	835	Prayogo Dongoran, M.M.	Gg. Monginsidi No. 3\nPayakumbuh, Gorontalo 36968	+62 (12) 477 1184	2025-12-18	2250000.00	Store Sale
647	2025-11-06	3	Mouse Logitech	250000.00	2	500000.00	909	Embuh Pradipta	Gg. Tebet Barat Dalam No. 731\nTangerang Selatan, RI 08764	+62 (897) 590 5010	2025-11-06	500000.00	Store Sale
659	2025-12-19	3	Mouse Logitech	250000.00	10	2500000.00	1546	Fitria Maheswara	Jalan Otto Iskandardinata No. 3\nKota Administrasi Jakarta Selatan, LA 91864	+62 (062) 330-9690	2025-12-19	2500000.00	Online Transaction
663	2026-03-02	3	Mouse Logitech	250000.00	4	1000000.00	1898	Aslijan Rahmawati, S.IP	NULL	+62 (523) 472-6552	2026-03-02	1000000.00	Product Sale
665	2025-09-07	3	Mouse Logitech	250000.00	5	1250000.00	1627	Darmanto Nainggolan	Jl. Kiaracondong No. 944\nPalembang, Papua 42999	+62 (35) 558 4636	2025-09-07	1250000.00	Product Sale
669	2026-01-07	3	Mouse Logitech	250000.00	1	250000.00	1191	dr. Ira Suryatmi, S.T.	Gang Kapten Muslihat No. 7\nDepok, JI 83681	+62 (44) 854-0654	2026-01-07	250000.00	Online Transaction
670	2026-06-27	3	Mouse Logitech	250000.00	4	1000000.00	31	dr. Lintang Prasasta, S.Kom	Jl. Indragiri No. 720\nBogor, JB 85935	+62-12-211-5969	2026-06-27	1000000.00	Store Sale
672	2025-07-14	3	Mouse Logitech	250000.00	10	2500000.00	1666	Intan Haryanto	Gang Suniaraja No. 6\nSabang, Sulawesi Utara 18455	(086) 449-4204	2025-07-14	2500000.00	Product Sale
674	2025-10-06	3	Mouse Logitech	250000.00	3	750000.00	1200	Tiara Firmansyah	Jl. Jend. A. Yani No. 4\nBanjarmasin, SB 94905	+62 (959) 080 3623	2025-10-06	750000.00	Customer Purchase
675	2026-04-20	3	Mouse Logitech	250000.00	2	500000.00	1992	Cut Gawati Nasyiah	Gang Surapati No. 575\nMetro, SR 44874	+62-058-138-1762	2026-04-20	500000.00	Store Sale
680	2026-06-27	3	Mouse Logitech	250000.00	2	500000.00	920	Tgk. Yoga Safitri	Jalan Ahmad Dahlan No. 9\nTebingtinggi, SS 68350	(0130) 693 3172	2026-06-27	500000.00	Store Sale
681	2025-10-12	3	Mouse Logitech	250000.00	6	1500000.00	1542	Jaya Mustofa	Gg. Lembong No. 9\nSolok, Sulawesi Barat 21955	+62 (0755) 535 7792	2025-10-12	1500000.00	Product Sale
687	2025-07-29	3	Mouse Logitech	250000.00	10	2500000.00	360	Adinata Mayasari	Jalan HOS. Cokroaminoto No. 400\nTarakan, NB 69786	+62 (448) 437 0118	2025-07-29	2500000.00	Store Sale
688	2025-12-12	3	Mouse Logitech	250000.00	3	750000.00	1827	Garan Saragih	Gg. Rajawali Timur No. 8\nKota Administrasi Jakarta Pusat, Nusa Tenggara Barat 01826	+62 (92) 172-3972	2025-12-12	750000.00	Customer Purchase
691	2025-11-15	3	Mouse Logitech	250000.00	1	250000.00	56	Drs. Hartaka Kuswandari	Jl. Pasteur No. 772\nKota Administrasi Jakarta Utara, Sulawesi Barat 49141	(0738) 934 1414	2025-11-15	250000.00	Customer Purchase
703	2025-11-10	3	Mouse Logitech	250000.00	2	500000.00	244	Bella Nuraini, M.Farm	Gg. Rajawali Barat No. 6\nBanjarbaru, Kalimantan Selatan 39092	+62 (08) 616-5110	2025-11-10	500000.00	Online Transaction
709	2025-10-09	3	Mouse Logitech	250000.00	1	250000.00	200	Tiara Firmansyah	Jl. Jend. A. Yani No. 4\nBanjarmasin, SB 94905	+62 (959) 080 3623	2025-10-09	250000.00	Customer Purchase
714	2026-06-08	3	Mouse Logitech	250000.00	2	500000.00	231	Puti Yessi Padmasari, S.E.I	Jl. Pacuan Kuda No. 693\nLhokseumawe, Sumatera Barat 14490	+62-072-663-0316	2026-06-08	500000.00	Store Sale
719	2025-08-30	3	Mouse Logitech	250000.00	7	1750000.00	1079	Halima Anggriawan, M.Kom.	Gang Yos Sudarso No. 2\nSamarinda, BB 87518	(000) 756-4341	2025-08-30	1750000.00	Customer Purchase
724	2026-02-05	3	Mouse Logitech	250000.00	5	1250000.00	139	Eli Widodo	Jalan Antapani Lama No. 2\nTernate, RI 04526	+62-036-713-3899	2026-02-05	1250000.00	Product Sale
728	2025-12-10	3	Mouse Logitech	250000.00	6	1500000.00	1609	R. Usman Adriansyah, M.Ak	Jalan Sentot Alibasa No. 2\nBalikpapan, Sumatera Barat 73435	+62 (0628) 875 9244	2025-12-10	1500000.00	Product Sale
737	2026-02-14	3	Mouse Logitech	250000.00	9	2250000.00	1167	Ayu Simanjuntak	Jl. Indragiri No. 204\nTangerang Selatan, BA 71768	0863313851	2026-02-14	2250000.00	Product Sale
738	2026-02-10	3	Mouse Logitech	250000.00	10	2500000.00	114	Kania Waskita	Gang Pacuan Kuda No. 4\nBogor, MU 57208	+62 (72) 759 7406	2026-02-10	2500000.00	Customer Purchase
739	2026-01-28	3	Mouse Logitech	250000.00	2	500000.00	280	KH. Mursita Pangestu	Gang S. Parman No. 102\nPekalongan, Bali 94018	+62-99-220-9465	2026-01-28	500000.00	Customer Purchase
740	2025-08-25	3	Mouse Logitech	250000.00	9	2250000.00	1713	R. Xanana Ramadan, S.Psi	Jl. Rajiman No. 7\nPematangsiantar, Bali 29365	+62 (188) 502-4190	2025-08-25	2250000.00	Online Transaction
754	2025-11-14	3	Mouse Logitech	250000.00	6	1500000.00	1452	Salimah Siregar	Jalan Gedebage Selatan No. 0\nKupang, MU 15491	(055) 393 9511	2025-11-14	1500000.00	Store Sale
755	2025-09-05	3	Mouse Logitech	250000.00	2	500000.00	674	Murti Dongoran	Jl. Jayawijaya No. 9\nSungai Penuh, DKI Jakarta 42365	+62 (583) 793-2038	2025-09-05	500000.00	Product Sale
757	2025-10-11	3	Mouse Logitech	250000.00	8	2000000.00	1898	Aslijan Rahmawati, S.IP	NULL	+62 (523) 472-6552	2025-10-11	2000000.00	Customer Purchase
759	2026-07-04	3	Mouse Logitech	250000.00	7	1750000.00	1752	Dr. Gina Firgantoro	Gg. Jamika No. 9\nTernate, Jambi 63139	+62 (59) 997-5324	2026-07-04	1750000.00	Customer Purchase
762	2026-02-28	3	Mouse Logitech	250000.00	6	1500000.00	421	Purwa Gunarto, M.Ak	Gg. Gegerkalong Hilir No. 551\nBanda Aceh, GO 64666	+62 (97) 002-0604	2026-02-28	1500000.00	Product Sale
764	2026-01-11	3	Mouse Logitech	250000.00	9	2250000.00	1257	Jelita Melani	Gang Pacuan Kuda No. 535\nTernate, Nusa Tenggara Barat 94843	+62 (0861) 480 3094	2026-01-11	2250000.00	Online Transaction
770	2025-12-12	3	Mouse Logitech	250000.00	5	1250000.00	1245	Drs. Qori Zulkarnain	Jalan Rungkut Industri No. 5\nDenpasar, Jambi 83943	+62-82-592-3041	2025-12-12	1250000.00	Product Sale
774	2025-09-06	3	Mouse Logitech	250000.00	4	1000000.00	140	Saiful Hidayat	Gang Dipatiukur No. 185\nSurakarta, AC 96418	+62-87-430-1477	2025-09-06	1000000.00	Store Sale
776	2025-08-14	3	Mouse Logitech	250000.00	7	1750000.00	1089	Dimas Hartati, S.Ked	Jl. Rungkut Industri No. 37\nPagaralam, Kalimantan Barat 06320	+62 (060) 954 9484	2025-08-14	1750000.00	Store Sale
787	2026-03-28	3	Mouse Logitech	250000.00	2	500000.00	160	Cut Zulfa Pertiwi	Jl. Otto Iskandardinata No. 1\nTanjungbalai, Kepulauan Bangka Belitung 35153	+62 (913) 172-7260	2026-03-28	500000.00	Online Transaction
793	2025-12-02	3	Mouse Logitech	250000.00	9	2250000.00	237	Novi Gunarto	Gg. Otto Iskandardinata No. 9\nPadang, BA 45947	+62 (0291) 200 9058	2025-12-02	2250000.00	Store Sale
796	2025-07-08	3	Mouse Logitech	250000.00	9	2250000.00	1920	Tgk. Yoga Safitri	Jalan Ahmad Dahlan No. 9\nTebingtinggi, SS 68350	(0130) 693 3172	2025-07-08	2250000.00	Customer Purchase
797	2025-11-13	3	Mouse Logitech	250000.00	1	250000.00	1287	Mulya Lestari	Jalan Pasir Koja No. 355\nPadangpanjang, SR 77285	+62-923-877-8964	2025-11-13	250000.00	Customer Purchase
803	2025-11-02	3	Mouse Logitech	250000.00	10	2500000.00	1882	Sutan Marwata Pangestu	Gg. Cikutra Barat No. 720\nTangerang, RI 05277	+62 (0757) 525 5112	2025-11-02	2500000.00	Store Sale
807	2025-08-22	3	Mouse Logitech	250000.00	2	500000.00	1633	Talia Firgantoro	Jl. Raya Setiabudhi No. 276\nMeulaboh, Jawa Timur 80706	+62-34-327-3546	2025-08-22	500000.00	Customer Purchase
811	2026-06-15	3	Mouse Logitech	250000.00	1	250000.00	5	Okto Puspita	Jalan Cihampelas No. 402\nMalang, Nusa Tenggara Barat 65000	(0162) 053 8179	2026-06-15	250000.00	Store Sale
812	2026-05-02	3	Mouse Logitech	250000.00	4	1000000.00	1944	Sari Salahudin	Gg. Yos Sudarso No. 1\nBanjarbaru, DKI Jakarta 20022	(0684) 849-6780	2026-05-02	1000000.00	Store Sale
815	2026-04-30	3	Mouse Logitech	250000.00	2	500000.00	701	drg. Ikhsan Hidayat, S.H.	Jalan Ciumbuleuit No. 71\nSawahlunto, LA 59226	+62-000-824-3956	2026-04-30	500000.00	Product Sale
817	2026-02-23	3	Mouse Logitech	250000.00	1	250000.00	922	Ir. Ghaliyati Laksmiwati, M.M.	Gang Rajiman No. 68\nKupang, KU 02183	(054) 891 9902	2026-02-23	250000.00	Product Sale
819	2026-01-21	3	Mouse Logitech	250000.00	9	2250000.00	1295	Yani Uyainah	Jl. Otto Iskandardinata No. 6\nSukabumi, MU 07003	(0720) 956 3753	2026-01-21	2250000.00	Store Sale
824	2026-02-11	3	Mouse Logitech	250000.00	8	2000000.00	988	Sakura Hidayat	Gang Ciumbuleuit No. 129\nSukabumi, RI 24538	+62-045-419-3523	2026-02-11	2000000.00	Store Sale
829	2025-10-04	3	Mouse Logitech	250000.00	7	1750000.00	1920	Tgk. Yoga Safitri	Jalan Ahmad Dahlan No. 9\nTebingtinggi, SS 68350	(0130) 693 3172	2025-10-04	1750000.00	Store Sale
854	2025-12-30	3	Mouse Logitech	250000.00	9	2250000.00	1677	Tgk. Respati Suartini, S.Ked	Jl. Ronggowarsito No. 201\nDumai, JB 39178	+62-675-693-1425	2025-12-30	2250000.00	Online Transaction
862	2026-02-09	3	Mouse Logitech	250000.00	10	2500000.00	1215	Asirwada Rahimah	Gang Pasteur No. 630\nKota Administrasi Jakarta Selatan, Jawa Tengah 33176	+62 (47) 176-8436	2026-02-09	2500000.00	Product Sale
864	2026-01-17	3	Mouse Logitech	250000.00	4	1000000.00	946	Hj. Paramita Safitri	Jl. KH Amin Jasuta No. 3\nJambi, Kalimantan Timur 85422	+62 (36) 040-5187	2026-01-17	1000000.00	Product Sale
873	2026-04-11	3	Mouse Logitech	250000.00	8	2000000.00	1050	Bajragin Permadi	Jalan Ir. H. Djuanda No. 3\nSabang, Sulawesi Barat 75188	+62-01-640-6409	2026-04-11	2000000.00	Customer Purchase
881	2026-06-16	3	Mouse Logitech	250000.00	8	2000000.00	1759	Tgk. Patricia Siregar	Gg. K.H. Wahid Hasyim No. 952\nSabang, Kalimantan Tengah 89333	+62 (28) 630 4264	2026-06-16	2000000.00	Product Sale
885	2025-10-26	3	Mouse Logitech	250000.00	7	1750000.00	171	Bakidin Nurdiyanti	Jl. Kiaracondong No. 89\nKota Administrasi Jakarta Pusat, JI 94766	0872193735	2025-10-26	1750000.00	Store Sale
893	2026-03-10	3	Mouse Logitech	250000.00	2	500000.00	1730	Hafshah Waluyo, S.E.I	Gang Ahmad Dahlan No. 3\nTangerang Selatan, JT 67632	(0684) 483-7617	2026-03-10	500000.00	Store Sale
896	2026-01-27	3	Mouse Logitech	250000.00	4	1000000.00	987	Argono Farida	Gang Jayawijaya No. 1\nSerang, KU 46498	+62-0564-137-3572	2026-01-27	1000000.00	Customer Purchase
901	2025-08-07	3	Mouse Logitech	250000.00	6	1500000.00	753	Jagapati Kuswoyo	NULL	+62 (841) 764-7608	2025-08-07	1500000.00	Customer Purchase
911	2025-09-02	3	Mouse Logitech	250000.00	6	1500000.00	1908	Intan Irawan, M.Farm	Gg. Dipatiukur No. 93\nPalangkaraya, Banten 30391	+62-87-707-7866	2025-09-02	1500000.00	Customer Purchase
918	2026-07-08	3	Mouse Logitech	250000.00	9	2250000.00	1125	Puti Rini Hasanah, S.Farm	Gg. Antapani Lama No. 608\nGorontalo, Sulawesi Tengah 12890	+62 (526) 436-4808	2026-07-08	2250000.00	Customer Purchase
925	2026-05-28	3	Mouse Logitech	250000.00	7	1750000.00	1884	Maria Tarihoran	Gang Rawamangun No. 8\nBinjai, Kalimantan Selatan 78514	+62 (047) 216 2335	2026-05-28	1750000.00	Online Transaction
928	2026-03-30	3	Mouse Logitech	250000.00	7	1750000.00	704	Harsana Maryadi	Jalan Setiabudhi No. 600\nPagaralam, Bali 65899	+62 (22) 631-8647	2026-03-30	1750000.00	Online Transaction
931	2026-04-23	3	Mouse Logitech	250000.00	3	750000.00	97	Jais Mangunsong, S.E.I	Gg. H.J Maemunah No. 97\nDenpasar, Kalimantan Timur 04060	+62 (951) 491 3821	2026-04-23	750000.00	Store Sale
948	2025-11-26	3	Mouse Logitech	250000.00	7	1750000.00	575	Puti Nadine Simbolon	Jalan Raya Ujungberung No. 81\nSemarang, KS 21979	+62 (0912) 110-0939	2025-11-26	1750000.00	Online Transaction
950	2025-12-26	3	Mouse Logitech	250000.00	9	2250000.00	1924	Drs. Adinata Hutasoit	Jalan Peta No. 96\nMojokerto, Kalimantan Tengah 89525	+62 (38) 154 3646	2025-12-26	2250000.00	Product Sale
954	2025-11-27	3	Mouse Logitech	250000.00	3	750000.00	575	Puti Nadine Simbolon	Jalan Raya Ujungberung No. 81\nSemarang, KS 21979	+62 (0912) 110-0939	2025-11-27	750000.00	Product Sale
955	2026-02-03	3	Mouse Logitech	250000.00	1	250000.00	1129	Eli Widodo	Jl. Cihampelas No. 78\nKota Administrasi Jakarta Pusat, NB 44594	+62 (06) 988 4453	2026-02-03	250000.00	Customer Purchase
960	2026-05-18	3	Mouse Logitech	250000.00	1	250000.00	1165	R. Usman Saragih	Jl. Jakarta No. 1\nTomohon, Banten 05292	+62-067-917-9531	2026-05-18	250000.00	Product Sale
968	2025-09-13	3	Mouse Logitech	250000.00	7	1750000.00	565	Ellis Nashiruddin	Gg. Tebet Barat Dalam No. 13\nPadangpanjang, GO 82772	+62 (817) 642-9517	2025-09-13	1750000.00	Customer Purchase
976	2026-06-19	3	Mouse Logitech	250000.00	10	2500000.00	1285	Dr. Anastasia Prasetya, S.Farm	Jalan Tebet Barat Dalam No. 59\nTarakan, SB 55705	+62-070-719-7515	2026-06-19	2500000.00	Product Sale
977	2026-02-25	3	Mouse Logitech	250000.00	4	1000000.00	1518	Kenes Wasita	Jalan Abdul Muis No. 733\nSubulussalam, DKI Jakarta 38357	(0917) 577 5286	2026-02-25	1000000.00	Store Sale
978	2025-12-22	3	Mouse Logitech	250000.00	6	1500000.00	520	Asmianto Siregar	Jl. Rajawali Barat No. 112\nSorong, KI 12580	+62 (62) 985 6531	2025-12-22	1500000.00	Online Transaction
979	2025-12-10	3	Mouse Logitech	250000.00	1	250000.00	35	Hj. Oliva Anggriawan	NULL	+62 (470) 564 7145	2025-12-10	250000.00	Product Sale
981	2025-08-29	3	Mouse Logitech	250000.00	8	2000000.00	647	Dr. Chelsea Zulkarnain, S.Farm	Gang Rawamangun No. 60\nBogor, KU 32684	(0524) 800 7207	2025-08-29	2000000.00	Store Sale
983	2026-04-05	3	Mouse Logitech	250000.00	5	1250000.00	1030	Genta Prasasta	Gang Tubagus Ismail No. 1\nTasikmalaya, NT 03025	+62-30-468-2355	2026-04-05	1250000.00	Product Sale
985	2025-09-11	3	Mouse Logitech	250000.00	3	750000.00	403	Raharja Salahudin, S.H.	Gg. Setiabudhi No. 40\nPalu, KS 22373	+62 (31) 800 9112	2025-09-11	750000.00	Customer Purchase
990	2025-09-24	3	Mouse Logitech	250000.00	2	500000.00	1805	Raina Hidayat	Gang M.H Thamrin No. 231\nPekalongan, Nusa Tenggara Timur 78743	(013) 469 3436	2025-09-24	500000.00	Online Transaction
994	2026-02-18	3	Mouse Logitech	250000.00	5	1250000.00	1866	Ir. Cinta Tamba	Gang Sukajadi No. 50\nBengkulu, Gorontalo 90647	+62-03-799-5362	2026-02-18	1250000.00	Customer Purchase
997	2025-10-28	3	Mouse Logitech	250000.00	9	2250000.00	128	Septi Maryati	NULL	+62-078-853-5787	2025-10-28	2250000.00	Online Transaction
1002	2025-10-07	3	Mouse Logitech	250000.00	9	2250000.00	1062	T. Prayogo Budiman	Gang Kebonjati No. 59\nKota Administrasi Jakarta Selatan, Sumatera Barat 59350	+62-0484-548-5874	2025-10-07	2250000.00	Product Sale
1003	2025-10-15	3	Mouse Logitech	250000.00	5	1250000.00	410	KH. Marsudi Permata	Jalan Indragiri No. 69\nSabang, SN 32171	(0805) 816 7342	2025-10-15	1250000.00	Store Sale
1005	2026-04-04	3	Mouse Logitech	250000.00	6	1500000.00	1157	Dariati Napitupulu, S.Farm	Gang W.R. Supratman No. 3\nSawahlunto, NB 58580	(0771) 260-7473	2026-04-04	1500000.00	Store Sale
1012	2025-11-11	3	Mouse Logitech	250000.00	5	1250000.00	1185	Embuh Prasetyo	Jalan Yos Sudarso No. 53\nKota Administrasi Jakarta Pusat, SS 01072	+62 (83) 495 1954	2025-11-11	1250000.00	Customer Purchase
1013	2025-08-01	3	Mouse Logitech	250000.00	8	2000000.00	1955	Jefri Pratama	Jl. Dr. Djunjunan No. 73\nMataram, JI 08842	+62 (0573) 706-2754	2025-08-01	2000000.00	Product Sale
1025	2026-04-22	3	Mouse Logitech	250000.00	4	1000000.00	628	Ciaobella Suryono	Gang Rumah Sakit No. 7\nSingkawang, MA 07466	+62 (85) 355 7252	2026-04-22	1000000.00	Customer Purchase
1026	2026-04-14	3	Mouse Logitech	250000.00	10	2500000.00	124	Silvia Kuswoyo	Jl. Cikapayang No. 54\nDumai, SB 45320	+62 (927) 737-8985	2026-04-14	2500000.00	Store Sale
1038	2026-06-13	3	Mouse Logitech	250000.00	9	2250000.00	891	Cut Paulin Nababan, S.Kom	Jalan Gegerkalong Hilir No. 3\nManado, Nusa Tenggara Barat 70641	+62 (77) 322-6461	2026-06-13	2250000.00	Store Sale
1045	2026-06-01	3	Mouse Logitech	250000.00	7	1750000.00	50	Bajragin Permadi	Jalan Ir. H. Djuanda No. 3\nSabang, Sulawesi Barat 75188	+62-01-640-6409	2026-06-01	1750000.00	Product Sale
1051	2026-02-15	3	Mouse Logitech	250000.00	3	750000.00	807	KH. Maryanto Suryono, M.Pd	Gang Astana Anyar No. 47\nDepok, BE 68634	(0216) 168-9688	2026-02-15	750000.00	Store Sale
1058	2026-01-09	3	Mouse Logitech	250000.00	4	1000000.00	1063	Violet Winarno, S.Psi	Gang Cihampelas No. 33\nPariaman, Gorontalo 66328	(0264) 803 1075	2026-01-09	1000000.00	Online Transaction
1065	2026-02-01	3	Mouse Logitech	250000.00	10	2500000.00	1706	Bella Prasetya	Gg. Gardujati No. 1\nSungai Penuh, Sulawesi Selatan 58734	+62-0419-351-1998	2026-02-01	2500000.00	Store Sale
1068	2025-10-11	3	Mouse Logitech	250000.00	4	1000000.00	520	Asmianto Siregar	Jl. Rajawali Barat No. 112\nSorong, KI 12580	+62 (62) 985 6531	2025-10-11	1000000.00	Customer Purchase
1069	2026-06-17	3	Mouse Logitech	250000.00	2	500000.00	1986	dr. Kambali Waskita, M.Pd	Gg. S. Parman No. 0\nSolok, MU 69709	+62-811-402-8937	2026-06-17	500000.00	Store Sale
1081	2025-12-05	3	Mouse Logitech	250000.00	1	250000.00	1221	Aris Wahyudin	Jalan Antapani Lama No. 12\nSolok, Lampung 63627	+62-599-280-7609	2025-12-05	250000.00	Store Sale
1085	2025-10-25	3	Mouse Logitech	250000.00	9	2250000.00	1763	Patricia Tampubolon	Gg. Medokan Ayu No. 34\nPangkalpinang, SN 29231	(006) 783 7630	2025-10-25	2250000.00	Online Transaction
1099	2026-02-18	3	Mouse Logitech	250000.00	2	500000.00	282	Mujur Prasetyo	Jl. Gardujati No. 496\nPontianak, MA 40422	(054) 127-9921	2026-02-18	500000.00	Online Transaction
1113	2025-11-30	3	Mouse Logitech	250000.00	10	2500000.00	786	Maimunah Aryani, S.IP	Jl. Pasir Koja No. 10\nBanjar, DI Yogyakarta 09400	+62 (33) 052-2123	2025-11-30	2500000.00	Product Sale
1125	2026-01-18	3	Mouse Logitech	250000.00	2	500000.00	1487	Bagus Maryati	Jl. Antapani Lama No. 739\nMagelang, Papua Barat 58459	+62 (0595) 630-7086	2026-01-18	500000.00	Online Transaction
1131	2025-12-02	3	Mouse Logitech	250000.00	10	2500000.00	518	Kenes Wasita	Jalan Abdul Muis No. 733\nSubulussalam, DKI Jakarta 38357	(0917) 577 5286	2025-12-02	2500000.00	Online Transaction
1136	2026-04-26	3	Mouse Logitech	250000.00	10	2500000.00	791	Ayu Yuliarti	Jl. Ronggowarsito No. 338\nMedan, Nusa Tenggara Timur 58649	+62-0650-318-5459	2026-04-26	2500000.00	Online Transaction
1137	2025-07-28	3	Mouse Logitech	250000.00	5	1250000.00	1216	dr. Jati Manullang, S.T.	Jalan Ahmad Dahlan No. 499\nBandung, Nusa Tenggara Barat 49862	(0908) 266-4599	2025-07-28	1250000.00	Online Transaction
1143	2026-01-25	3	Mouse Logitech	250000.00	9	2250000.00	1425	R. Unjani Siregar	Gg. Setiabudhi No. 631\nPurwokerto, Papua Barat 25422	0854449235	2026-01-25	2250000.00	Product Sale
1145	2025-08-18	3	Mouse Logitech	250000.00	10	2500000.00	343	Asmadi Gunawan	Gang Kendalsari No. 57\nTarakan, Kepulauan Riau 24866	+62 (0523) 047 6571	2025-08-18	2500000.00	Store Sale
1146	2025-10-29	3	Mouse Logitech	250000.00	4	1000000.00	1992	Cut Gawati Nasyiah	Gang Surapati No. 575\nMetro, SR 44874	+62-058-138-1762	2025-10-29	1000000.00	Customer Purchase
1148	2026-06-03	3	Mouse Logitech	250000.00	4	1000000.00	1804	Prabowo Wibowo	Jl. Cikutra Barat No. 209\nTual, SG 65713	+62 (783) 377-5259	2026-06-03	1000000.00	Customer Purchase
1149	2025-11-06	3	Mouse Logitech	250000.00	4	1000000.00	752	Dr. Gina Firgantoro	Gg. Jamika No. 9\nTernate, Jambi 63139	+62 (59) 997-5324	2025-11-06	1000000.00	Store Sale
1159	2026-04-21	3	Mouse Logitech	250000.00	9	2250000.00	1054	Yulia Ardianto	Gg. Jend. Sudirman No. 516\nAmbon, Jambi 27822	+62 (0520) 058 3646	2026-04-21	2250000.00	Store Sale
1161	2025-10-18	3	Mouse Logitech	250000.00	2	500000.00	802	Mulya Saptono	Jalan Soekarno Hatta No. 43\nKotamobagu, KU 99343	+62 (05) 686 5346	2025-10-18	500000.00	Customer Purchase
1169	2026-07-06	3	Mouse Logitech	250000.00	5	1250000.00	217	Sakura Dongoran	Gang Pasirkoja No. 534\nBima, Papua 10748	(052) 179 9983	2026-07-06	1250000.00	Product Sale
1171	2025-07-15	3	Mouse Logitech	250000.00	5	1250000.00	843	Puji Wijayanti	Jl. Dipenogoro No. 5\nMagelang, Jawa Tengah 55251	+62-082-933-8227	2025-07-15	1250000.00	Customer Purchase
1175	2025-07-24	3	Mouse Logitech	250000.00	1	250000.00	1036	R.A. Puji Ardianto, S.Ked	Jl. Kapten Muslihat No. 68\nPalopo, JK 61996	+62 (018) 202 5033	2025-07-24	250000.00	Customer Purchase
1176	2025-12-12	3	Mouse Logitech	250000.00	5	1250000.00	327	Lanjar Siregar	Jalan Bangka Raya No. 334\nKupang, Aceh 25470	(0459) 439 1874	2025-12-12	1250000.00	Online Transaction
1177	2026-06-10	3	Mouse Logitech	250000.00	3	750000.00	798	Dt. Muni Santoso	Gang Ronggowarsito No. 2\nSingkawang, BT 12135	+62-0393-232-2114	2026-06-10	750000.00	Store Sale
1183	2026-02-03	3	Mouse Logitech	250000.00	4	1000000.00	737	Emong Prasetya	Gg. H.J Maemunah No. 13\nPurwokerto, BB 48418	+62 (059) 322-1760	2026-02-03	1000000.00	Product Sale
1186	2025-10-02	3	Mouse Logitech	250000.00	9	2250000.00	1312	Pia Wibowo	Jalan Ahmad Yani No. 21\nBandar Lampung, Sulawesi Tenggara 96226	+62 (195) 799-0405	2025-10-02	2250000.00	Store Sale
1187	2025-08-30	3	Mouse Logitech	250000.00	9	2250000.00	1783	Genta Dabukke	Gang Suryakencana No. 9\nKendari, Nusa Tenggara Timur 25568	+62-905-036-6513	2025-08-30	2250000.00	Store Sale
1190	2025-11-28	3	Mouse Logitech	250000.00	9	2250000.00	868	Dr. Kanda Oktaviani, M.Farm	Gg. Kendalsari No. 48\nBatu, KI 10339	+62 (355) 658 8769	2025-11-28	2250000.00	Product Sale
1195	2026-05-27	3	Mouse Logitech	250000.00	5	1250000.00	1584	Imam Usamah	Jalan Jamika No. 43\nKotamobagu, GO 12310	+62 (089) 893-1109	2026-05-27	1250000.00	Customer Purchase
1196	2026-03-04	3	Mouse Logitech	250000.00	6	1500000.00	1451	Hani Haryanto	Gg. Soekarno Hatta No. 719\nPadang, Jambi 59770	+62 (033) 910 2125	2026-03-04	1500000.00	Online Transaction
1198	2025-07-31	3	Mouse Logitech	250000.00	10	2500000.00	1765	Dt. Makara Purnawati, M.Kom.	Gg. Cihampelas No. 73\nSukabumi, NT 16028	+62 (009) 607-7933	2025-07-31	2500000.00	Store Sale
1199	2026-02-20	3	Mouse Logitech	250000.00	4	1000000.00	1173	Sutan Prabu Prayoga	Jl. K.H. Wahid Hasyim No. 56\nMalang, Lampung 01824	(028) 962-5474	2026-02-20	1000000.00	Store Sale
1201	2026-06-09	3	Mouse Logitech	250000.00	10	2500000.00	650	dr. Kalim Waluyo, S.E.I	Jalan Pelajar Pejuang No. 56\nJayapura, JB 79087	+62-35-614-5517	2026-06-09	2500000.00	Store Sale
1204	2026-06-28	3	Mouse Logitech	250000.00	1	250000.00	1048	Alika Hutapea	Gg. Gardujati No. 4\nBitung, Maluku Utara 30186	(020) 909-8707	2026-06-28	250000.00	Product Sale
1211	2025-12-30	3	Mouse Logitech	250000.00	1	250000.00	825	Jarwadi Sinaga, S.Pd	Jalan Setiabudhi No. 939\nPayakumbuh, Sulawesi Barat 51466	+62-644-609-6367	2025-12-30	250000.00	Online Transaction
1212	2025-10-25	3	Mouse Logitech	250000.00	8	2000000.00	1581	Tiara Puspasari	Gg. Moch. Ramdan No. 89\nJambi, AC 29738	(0575) 280 6130	2025-10-25	2000000.00	Online Transaction
1215	2026-02-06	3	Mouse Logitech	250000.00	7	1750000.00	1779	Warsa Pangestu	Gang Medokan Ayu No. 9\nBinjai, RI 94652	+62 (0370) 641-3324	2026-02-06	1750000.00	Customer Purchase
1223	2026-05-06	3	Mouse Logitech	250000.00	7	1750000.00	1852	Akarsana Irawan	Gg. Ahmad Dahlan No. 58\nSabang, Kepulauan Bangka Belitung 85627	084 196 1417	2026-05-06	1750000.00	Store Sale
1227	2026-01-02	3	Mouse Logitech	250000.00	1	250000.00	137	Zulfa Habibi	Gg. Setiabudhi No. 85\nBatam, Sulawesi Tengah 06592	+62 (496) 557 7819	2026-01-02	250000.00	Online Transaction
1229	2026-05-13	3	Mouse Logitech	250000.00	8	2000000.00	91	Bala Irawan	Gang Indragiri No. 6\nBanjarmasin, Aceh 12762	(045) 754 1974	2026-05-13	2000000.00	Store Sale
1232	2026-07-03	3	Mouse Logitech	250000.00	10	2500000.00	1266	Paris Novitasari	Gg. Laswi No. 558\nPariaman, Sulawesi Barat 80817	+62-0717-104-1769	2026-07-03	2500000.00	Product Sale
1233	2025-12-08	3	Mouse Logitech	250000.00	7	1750000.00	87	Dalima Yuliarti	Gg. R.E Martadinata No. 5\nTegal, Sulawesi Tenggara 61896	+62 (0619) 615-4492	2025-12-08	1750000.00	Store Sale
1249	2025-07-14	3	Mouse Logitech	250000.00	9	2250000.00	1560	Tgk. Cecep Wijaya, S.Psi	Gg. Ronggowarsito No. 11\nPalopo, LA 86739	+62 (556) 168 4579	2025-07-14	2250000.00	Product Sale
1252	2025-08-16	3	Mouse Logitech	250000.00	9	2250000.00	1754	Alika Habibi	Jl. Tubagus Ismail No. 1\nCilegon, Papua Barat 60696	(0789) 133 4660	2025-08-16	2250000.00	Store Sale
1266	2026-06-04	3	Mouse Logitech	250000.00	4	1000000.00	535	Kala Pradana	Gang Moch. Toha No. 4\nSingkawang, DI Yogyakarta 73345	+62 (28) 019 2323	2026-06-04	1000000.00	Customer Purchase
1274	2026-05-28	3	Mouse Logitech	250000.00	7	1750000.00	1306	Gabriella Halimah	Jl. BKR No. 2\nPekanbaru, BE 96954	+62-0987-938-5209	2026-05-28	1750000.00	Product Sale
1275	2026-04-03	3	Mouse Logitech	250000.00	3	750000.00	575	Puti Nadine Simbolon	Jalan Raya Ujungberung No. 81\nSemarang, KS 21979	+62 (0912) 110-0939	2026-04-03	750000.00	Online Transaction
1278	2026-01-01	3	Mouse Logitech	250000.00	4	1000000.00	1985	Ciaobella Zulaika, S.Pd	Gg. Yos Sudarso No. 377\nMetro, LA 67031	+62 (88) 444 6958	2026-01-01	1000000.00	Customer Purchase
1290	2026-05-15	3	Mouse Logitech	250000.00	5	1250000.00	1989	Ilyas Rajasa	Gang Dipenogoro No. 202\nPalopo, MU 70730	+62 (012) 474 8917	2026-05-15	1250000.00	Store Sale
1295	2025-07-11	3	Mouse Logitech	250000.00	2	500000.00	219	Zelda Tarihoran	Gang Cikutra Timur No. 0\nSubulussalam, Lampung 55379	+62-698-897-8838	2025-07-11	500000.00	Product Sale
1296	2025-11-27	3	Mouse Logitech	250000.00	9	2250000.00	1917	Rahayu Uyainah	NULL	0840168563	2025-11-27	2250000.00	Customer Purchase
1298	2025-08-21	3	Mouse Logitech	250000.00	2	500000.00	359	Zamira Andriani, M.M.	Jl. Raya Setiabudhi No. 43\nBima, SR 24795	083 900 9754	2025-08-21	500000.00	Online Transaction
1302	2026-01-08	3	Mouse Logitech	250000.00	6	1500000.00	1185	Embuh Prasetyo	Jalan Yos Sudarso No. 53\nKota Administrasi Jakarta Pusat, SS 01072	+62 (83) 495 1954	2026-01-08	1500000.00	Store Sale
1313	2026-07-02	3	Mouse Logitech	250000.00	8	2000000.00	1390	Icha Irawan	Jl. Ronggowarsito No. 6\nSibolga, Kalimantan Tengah 17563	084 295 7851	2026-07-02	2000000.00	Online Transaction
1314	2025-07-21	3	Mouse Logitech	250000.00	10	2500000.00	949	Cengkir Mustofa	Jalan Tebet Barat Dalam No. 8\nSolok, KB 53264	+62 (0564) 668 2691	2025-07-21	2500000.00	Store Sale
1319	2025-07-28	3	Mouse Logitech	250000.00	10	2500000.00	898	Aslijan Rahmawati, S.IP	NULL	+62 (523) 472-6552	2025-07-28	2500000.00	Online Transaction
1324	2025-09-11	3	Mouse Logitech	250000.00	3	750000.00	483	Dr. Elvina Rahmawati, S.T.	Gang Monginsidi No. 08\nPematangsiantar, KI 14122	+62 (0099) 244 0496	2025-09-11	750000.00	Online Transaction
1330	2026-01-10	3	Mouse Logitech	250000.00	4	1000000.00	197	KH. Kenari Gunawan, S.E.	Jalan M.H Thamrin No. 504\nTangerang Selatan, PA 51146	+62 (107) 685 7780	2026-01-10	1000000.00	Online Transaction
1334	2026-02-20	3	Mouse Logitech	250000.00	9	2250000.00	1346	Kiandra Salahudin	Jalan KH Amin Jasuta No. 1\nTernate, NB 71316	+62-72-060-7251	2026-02-20	2250000.00	Store Sale
1337	2025-10-28	3	Mouse Logitech	250000.00	7	1750000.00	1094	Ratna Kurniawan	Jalan Asia Afrika No. 0\nPontianak, Kalimantan Selatan 54908	+62 (77) 229 8564	2025-10-28	1750000.00	Customer Purchase
1338	2026-05-12	3	Mouse Logitech	250000.00	3	750000.00	936	Septi Gunawan	Gg. Rajiman No. 606\nDumai, Aceh 08442	+62-0525-521-7489	2026-05-12	750000.00	Product Sale
1341	2025-10-14	3	Mouse Logitech	250000.00	3	750000.00	1160	Cut Zulfa Pertiwi	Jl. Otto Iskandardinata No. 1\nTanjungbalai, Kepulauan Bangka Belitung 35153	+62 (913) 172-7260	2025-10-14	750000.00	Store Sale
1342	2025-12-03	3	Mouse Logitech	250000.00	1	250000.00	588	Mulyanto Pradipta	Gg. Siliwangi No. 4\nPekanbaru, SB 28478	+62 (0124) 904 5725	2025-12-03	250000.00	Product Sale
1343	2026-02-13	3	Mouse Logitech	250000.00	4	1000000.00	1398	drg. Saka Wijaya	Jalan Monginsidi No. 482\nSibolga, JT 73723	(0094) 616-0510	2026-02-13	1000000.00	Customer Purchase
1359	2025-07-19	3	Mouse Logitech	250000.00	2	500000.00	1694	Tina Yuniar	Jalan W.R. Supratman No. 7\nKediri, Kepulauan Riau 87093	+62-589-933-4686	2025-07-19	500000.00	Store Sale
1370	2025-09-13	3	Mouse Logitech	250000.00	3	750000.00	96	Citra Mardhiyah	Gg. Jayawijaya No. 46\nKediri, JB 64840	(0312) 397 0262	2025-09-13	750000.00	Store Sale
1373	2025-08-22	3	Mouse Logitech	250000.00	4	1000000.00	1199	Nadia Permadi, S.E.	Gang Sadang Serang No. 188\nLhokseumawe, Jawa Barat 92758	+62 (97) 750-1340	2025-08-22	1000000.00	Customer Purchase
1375	2025-10-06	3	Mouse Logitech	250000.00	9	2250000.00	124	Silvia Kuswoyo	Jl. Cikapayang No. 54\nDumai, SB 45320	+62 (927) 737-8985	2025-10-06	2250000.00	Customer Purchase
1376	2025-07-27	3	Mouse Logitech	250000.00	5	1250000.00	671	Nova Yuniar	Gg. Siliwangi No. 39\nBau-Bau, SG 02728	0895424515	2025-07-27	1250000.00	Customer Purchase
1377	2026-01-21	3	Mouse Logitech	250000.00	9	2250000.00	290	Olivia Prasetya	Jl. Pacuan Kuda No. 38\nPalembang, Sumatera Selatan 54919	0824022078	2026-01-21	2250000.00	Customer Purchase
1378	2025-12-01	3	Mouse Logitech	250000.00	8	2000000.00	1542	Jaya Mustofa	Gg. Lembong No. 9\nSolok, Sulawesi Barat 21955	+62 (0755) 535 7792	2025-12-01	2000000.00	Store Sale
1389	2025-09-18	3	Mouse Logitech	250000.00	2	500000.00	1072	Ami Lazuardi	Jl. Pasteur No. 8\nSerang, SS 84619	+62-536-922-2211	2025-09-18	500000.00	Customer Purchase
1397	2025-11-19	3	Mouse Logitech	250000.00	3	750000.00	548	Tgk. Najam Simbolon	Jalan Sukajadi No. 647\nTarakan, AC 72530	(0555) 963 2042	2025-11-19	750000.00	Product Sale
1402	2026-02-17	3	Mouse Logitech	250000.00	3	750000.00	1821	Maya Gunawan	Gg. Suryakencana No. 0\nTarakan, JI 04603	+62 (949) 222 7827	2026-02-17	750000.00	Store Sale
1412	2025-08-22	3	Mouse Logitech	250000.00	9	2250000.00	1065	Dt. Raharja Hasanah, S.IP	Gg. Kutai No. 76\nSawahlunto, JB 57439	+62-012-700-2595	2025-08-22	2250000.00	Online Transaction
1413	2025-10-18	3	Mouse Logitech	250000.00	2	500000.00	1790	Gina Prasetyo, S.Kom	Jl. Rajawali Barat No. 987\nPayakumbuh, Jawa Timur 81444	(0237) 003 4444	2025-10-18	500000.00	Customer Purchase
1425	2025-07-08	3	Mouse Logitech	250000.00	4	1000000.00	1923	drg. Nalar Yuniar	Gg. Ahmad Dahlan No. 4\nPalangkaraya, Jawa Barat 65452	+62 (16) 302 6272	2025-07-08	1000000.00	Store Sale
1426	2025-11-14	3	Mouse Logitech	250000.00	4	1000000.00	1441	Puji Prasetyo	Jl. Soekarno Hatta No. 443\nPekanbaru, JB 01756	+62-142-409-6983	2025-11-14	1000000.00	Customer Purchase
1427	2025-12-22	3	Mouse Logitech	250000.00	10	2500000.00	441	Puji Prasetyo	Jl. Soekarno Hatta No. 443\nPekanbaru, JB 01756	+62-142-409-6983	2025-12-22	2500000.00	Online Transaction
1431	2026-06-13	3	Mouse Logitech	250000.00	3	750000.00	69	Dr. Ika Utama	Jalan Abdul Muis No. 6\nBatu, DI Yogyakarta 47125	(059) 877-7025	2026-06-13	750000.00	Product Sale
1439	2025-12-25	3	Mouse Logitech	250000.00	8	2000000.00	924	Drs. Adinata Hutasoit	Jalan Peta No. 96\nMojokerto, Kalimantan Tengah 89525	+62 (38) 154 3646	2025-12-25	2000000.00	Customer Purchase
1443	2025-11-01	3	Mouse Logitech	250000.00	2	500000.00	515	Irma Wacana	Gg. Ronggowarsito No. 687\nKota Administrasi Jakarta Barat, SN 42533	(0502) 228-7281	2025-11-01	500000.00	Customer Purchase
1448	2026-05-01	3	Mouse Logitech	250000.00	5	1250000.00	695	Yessi Farida	Jalan Moch. Toha No. 296\nKendari, Kalimantan Timur 66002	+62-69-800-9123	2026-05-01	1250000.00	Store Sale
1464	2025-11-06	3	Mouse Logitech	250000.00	5	1250000.00	991	Cinthia Utama	Jalan Raya Setiabudhi No. 0\nBima, Sumatera Utara 74210	084 199 1431	2025-11-06	1250000.00	Online Transaction
1468	2025-12-28	3	Mouse Logitech	250000.00	3	750000.00	201	Dewi Pangestu	NULL	+62 (37) 762-9840	2025-12-28	750000.00	Online Transaction
1472	2026-03-01	3	Mouse Logitech	250000.00	3	750000.00	1014	Silvia Hutasoit	Gg. Pacuan Kuda No. 46\nCimahi, KT 49208	+62 (0075) 340 6538	2026-03-01	750000.00	Online Transaction
1475	2026-03-05	3	Mouse Logitech	250000.00	3	750000.00	1524	Harsanto Samosir	Gg. PHH. Mustofa No. 86\nTanjungpinang, Nusa Tenggara Timur 22557	(020) 231 5513	2026-03-05	750000.00	Customer Purchase
1476	2025-12-09	3	Mouse Logitech	250000.00	7	1750000.00	1126	Padmi Utama	Jalan Rawamangun No. 20\nCilegon, SU 21050	+62 (0619) 231-6097	2025-12-09	1750000.00	Online Transaction
1486	2025-07-28	3	Mouse Logitech	250000.00	9	2250000.00	1098	Zamira Prasetyo, S.Kom	Jl. Raya Setiabudhi No. 236\nParepare, Sulawesi Tenggara 67541	+62 (32) 475 0481	2025-07-28	2250000.00	Customer Purchase
1491	2025-12-18	3	Mouse Logitech	250000.00	2	500000.00	1324	Sutan Pranawa Hassanah, S.Pd	Jl. H.J Maemunah No. 04\nProbolinggo, SN 06589	+62 (0392) 041 2651	2025-12-18	500000.00	Online Transaction
1493	2026-06-21	3	Mouse Logitech	250000.00	1	250000.00	1674	Murti Dongoran	Jl. Jayawijaya No. 9\nSungai Penuh, DKI Jakarta 42365	+62 (583) 793-2038	2026-06-21	250000.00	Store Sale
1495	2025-12-27	3	Mouse Logitech	250000.00	3	750000.00	538	Paris Anggraini	Jl. Astana Anyar No. 5\nAmbon, Banten 58048	(0710) 990-7526	2025-12-27	750000.00	Customer Purchase
1498	2026-06-22	3	Mouse Logitech	250000.00	2	500000.00	1316	Dirja Hardiansyah	Jalan W.R. Supratman No. 887\nDenpasar, JA 60245	+62 (933) 036-7460	2026-06-22	500000.00	Customer Purchase
1499	2026-04-10	3	Mouse Logitech	250000.00	3	750000.00	270	Umar Hakim	Gang Jend. A. Yani No. 11\nMetro, LA 02909	+62 (68) 174-4745	2026-04-10	750000.00	Store Sale
1505	2025-12-29	3	Mouse Logitech	250000.00	3	750000.00	1999	Candra Hidayat, S.Sos	Jalan Monginsidi No. 0\nSolok, DI Yogyakarta 89072	(0481) 889 2972	2025-12-29	750000.00	Product Sale
1508	2026-06-11	3	Mouse Logitech	250000.00	1	250000.00	1734	dr. Yusuf Situmorang	Jl. Sadang Serang No. 0\nJambi, Sulawesi Tengah 33092	+62 (49) 540 3840	2026-06-11	250000.00	Store Sale
1513	2026-06-17	3	Mouse Logitech	250000.00	6	1500000.00	1059	Tgk. Fathonah Nurdiyanti, S.IP	Gang Dipenogoro No. 71\nBitung, Sulawesi Selatan 07399	+62-715-710-0695	2026-06-17	1500000.00	Customer Purchase
1531	2025-07-27	3	Mouse Logitech	250000.00	9	2250000.00	665	Najam Wijayanti, M.M.	Jalan Kapten Muslihat No. 2\nTual, Jambi 01452	+62-214-902-5110	2025-07-27	2250000.00	Store Sale
1533	2026-05-22	3	Mouse Logitech	250000.00	1	250000.00	304	Ridwan Sinaga	Jl. Bangka Raya No. 93\nMagelang, Sulawesi Barat 30607	+62-709-127-3792	2026-05-22	250000.00	Store Sale
1538	2026-02-21	3	Mouse Logitech	250000.00	1	250000.00	446	Drs. Farah Farida, S.Kom	Jalan Dipenogoro No. 8\nBontang, Kalimantan Selatan 37924	+62 (032) 892 3382	2026-02-21	250000.00	Online Transaction
1546	2026-01-31	3	Mouse Logitech	250000.00	5	1250000.00	1185	Embuh Prasetyo	Jalan Yos Sudarso No. 53\nKota Administrasi Jakarta Pusat, SS 01072	+62 (83) 495 1954	2026-01-31	1250000.00	Product Sale
1561	2026-01-17	3	Mouse Logitech	250000.00	9	2250000.00	1502	Tgk. Gaman Simbolon	NULL	+62 (04) 328-6218	2026-01-17	2250000.00	Online Transaction
1564	2026-02-12	3	Mouse Logitech	250000.00	9	2250000.00	104	R. Yulia Halimah, S.Pd	Gang Ciumbuleuit No. 9\nKota Administrasi Jakarta Timur, YO 32068	+62 (072) 503-5448	2026-02-12	2250000.00	Online Transaction
1578	2025-08-16	3	Mouse Logitech	250000.00	6	1500000.00	408	Kani Wahyuni	Jalan Moch. Ramdan No. 765\nProbolinggo, Papua Barat 97371	081 306 2870	2025-08-16	1500000.00	Store Sale
1580	2026-02-12	3	Mouse Logitech	250000.00	9	2250000.00	1281	Safina Tarihoran	NULL	+62-15-051-0463	2026-02-12	2250000.00	Online Transaction
1581	2025-10-09	3	Mouse Logitech	250000.00	3	750000.00	1422	R. Ira Prasetyo	Gg. HOS. Cokroaminoto No. 8\nTanjungpinang, Kalimantan Selatan 47829	+62 (0871) 567-8255	2025-10-09	750000.00	Store Sale
1584	2026-04-07	3	Mouse Logitech	250000.00	8	2000000.00	704	Harsana Maryadi	Jalan Setiabudhi No. 600\nPagaralam, Bali 65899	+62 (22) 631-8647	2026-04-07	2000000.00	Product Sale
1594	2025-07-29	3	Mouse Logitech	250000.00	9	2250000.00	928	Samiah Tampubolon, S.Gz	Jl. Jend. A. Yani No. 363\nBengkulu, KS 82089	(077) 904 6974	2025-07-29	2250000.00	Product Sale
1595	2025-07-08	3	Mouse Logitech	250000.00	4	1000000.00	913	R.M. Asirwanda Natsir	Jalan Kendalsari No. 29\nParepare, BA 19840	0848371218	2025-07-08	1000000.00	Online Transaction
1598	2025-09-24	3	Mouse Logitech	250000.00	5	1250000.00	1311	Ellis Hardiansyah	Jalan Waringin No. 708\nKota Administrasi Jakarta Selatan, Bali 30280	(0592) 967-0249	2025-09-24	1250000.00	Customer Purchase
1599	2025-12-10	3	Mouse Logitech	250000.00	1	250000.00	725	Harja Narpati	Jl. Wonoayu No. 0\nBekasi, Nusa Tenggara Timur 98636	+62-0113-355-8191	2025-12-10	250000.00	Online Transaction
1600	2025-07-28	3	Mouse Logitech	250000.00	3	750000.00	754	Alika Habibi	Jl. Tubagus Ismail No. 1\nCilegon, Papua Barat 60696	(0789) 133 4660	2025-07-28	750000.00	Customer Purchase
1608	2025-11-12	3	Mouse Logitech	250000.00	2	500000.00	844	Kajen Pratiwi	Jl. R.E Martadinata No. 8\nBandar Lampung, BE 96828	(0654) 388-3941	2025-11-12	500000.00	Online Transaction
1614	2026-04-28	3	Mouse Logitech	250000.00	9	2250000.00	376	Shania Prasetyo	Jl. W.R. Supratman No. 498\nPekanbaru, PB 72481	(0259) 017 5524	2026-04-28	2250000.00	Store Sale
1628	2025-09-28	3	Mouse Logitech	250000.00	7	1750000.00	53	Purwanto Utama	Jalan Jakarta No. 23\nPadangpanjang, BT 02526	+62 (0714) 686-3784	2025-09-28	1750000.00	Online Transaction
1629	2025-08-23	3	Mouse Logitech	250000.00	2	500000.00	392	Hj. Ciaobella Suryatmi	Jl. Gedebage Selatan No. 34\nMagelang, Kalimantan Utara 67065	(0840) 589-3518	2025-08-23	500000.00	Store Sale
1631	2025-07-21	3	Mouse Logitech	250000.00	5	1250000.00	479	Opan Permadi	Jalan Raya Setiabudhi No. 4\nTual, Sulawesi Barat 17471	(074) 257 8346	2025-07-21	1250000.00	Online Transaction
1642	2025-12-23	3	Mouse Logitech	250000.00	7	1750000.00	839	Iriana Wijayanti	Gang Gegerkalong Hilir No. 33\nBalikpapan, DI Yogyakarta 02460	+62 (0801) 919 2499	2025-12-23	1750000.00	Online Transaction
1644	2026-05-12	3	Mouse Logitech	250000.00	6	1500000.00	1481	Farah Hidayat, S.T.	Jalan Rajawali Timur No. 14\nBukittinggi, Sumatera Barat 85224	+62 (221) 942-9991	2026-05-12	1500000.00	Store Sale
1648	2025-07-26	3	Mouse Logitech	250000.00	5	1250000.00	688	Zulaikha Irawan	Jl. PHH. Mustofa No. 635\nBandar Lampung, BE 38504	+62 (60) 738-2992	2025-07-26	1250000.00	Online Transaction
1651	2026-01-26	3	Mouse Logitech	250000.00	1	250000.00	1401	Lurhur Mayasari	Gang Rajiman No. 734\nBukittinggi, Sumatera Utara 43478	0827864043	2026-01-26	250000.00	Product Sale
1655	2025-11-03	3	Mouse Logitech	250000.00	8	2000000.00	1025	Drs. Ifa Budiman, M.Kom.	Jl. Antapani Lama No. 6\nLhokseumawe, Sulawesi Tengah 16275	(0286) 362-6536	2025-11-03	2000000.00	Product Sale
1657	2025-10-24	3	Mouse Logitech	250000.00	3	750000.00	87	Dalima Yuliarti	Gg. R.E Martadinata No. 5\nTegal, Sulawesi Tenggara 61896	+62 (0619) 615-4492	2025-10-24	750000.00	Online Transaction
1679	2026-01-23	3	Mouse Logitech	250000.00	10	2500000.00	1202	Dr. Tina Ramadan, S.Pt	Jalan Gardujati No. 03\nProbolinggo, Sulawesi Selatan 01692	+62-93-455-3843	2026-01-23	2500000.00	Customer Purchase
1689	2025-07-25	3	Mouse Logitech	250000.00	1	250000.00	876	Aslijan Purnawati	Gang Jend. Sudirman No. 122\nBanjarmasin, Maluku Utara 29511	+62 (015) 868-2563	2025-07-25	250000.00	Customer Purchase
1692	2025-07-22	3	Mouse Logitech	250000.00	6	1500000.00	1672	Kamila Iswahyudi, S.Sos	NULL	0848356989	2025-07-22	1500000.00	Product Sale
1697	2025-12-30	3	Mouse Logitech	250000.00	4	1000000.00	1799	Candrakanta Lazuardi, S.Pt	NULL	+62-492-029-9755	2025-12-30	1000000.00	Customer Purchase
1703	2026-05-07	3	Mouse Logitech	250000.00	4	1000000.00	369	Okto Saragih	Jalan Sukabumi No. 85\nBinjai, JA 61246	(047) 823 6480	2026-05-07	1000000.00	Online Transaction
1705	2026-03-18	3	Mouse Logitech	250000.00	4	1000000.00	1500	Prayogo Zulaika, S.Farm	Jalan Cikutra Barat No. 9\nTangerang Selatan, KR 08665	+62 (96) 140 6934	2026-03-18	1000000.00	Product Sale
1709	2026-03-14	3	Mouse Logitech	250000.00	9	2250000.00	1448	Dr. Utama Utami	Jl. Joyoboyo No. 01\nMakassar, SG 07135	+62 (064) 641-9155	2026-03-14	2250000.00	Product Sale
1713	2026-05-13	3	Mouse Logitech	250000.00	2	500000.00	1611	Nadia Waluyo	Gg. Suniaraja No. 6\nTasikmalaya, Maluku 94574	+62 (0448) 245-5585	2026-05-13	500000.00	Store Sale
1718	2025-11-03	3	Mouse Logitech	250000.00	2	500000.00	594	Nadia Kurniawan	Jl. Lembong No. 703\nSorong, MU 10859	+62 (065) 256 5198	2025-11-03	500000.00	Product Sale
1722	2026-03-17	3	Mouse Logitech	250000.00	6	1500000.00	1445	Dinda Nababan	Jl. Pacuan Kuda No. 5\nBanjarbaru, Jawa Tengah 98257	+62-56-765-2277	2026-03-17	1500000.00	Store Sale
1727	2025-07-14	3	Mouse Logitech	250000.00	2	500000.00	512	Ikhsan Hutapea	Jalan Kiaracondong No. 531\nSorong, SR 65758	(054) 129-6561	2025-07-14	500000.00	Store Sale
1733	2026-03-11	3	Mouse Logitech	250000.00	5	1250000.00	16	Drs. Indah Mardhiyah	NULL	+62 (0817) 726-0114	2026-03-11	1250000.00	Customer Purchase
1739	2026-07-02	3	Mouse Logitech	250000.00	10	2500000.00	1554	Indah Riyanti	Jalan Ahmad Yani No. 2\nPekalongan, MA 98530	+62 (394) 244-0730	2026-07-02	2500000.00	Product Sale
1740	2025-10-11	3	Mouse Logitech	250000.00	9	2250000.00	513	Galuh Wahyuni	Gang Erlangga No. 47\nKupang, Lampung 87798	+62 (21) 969-8455	2025-10-11	2250000.00	Customer Purchase
1743	2026-02-02	3	Mouse Logitech	250000.00	1	250000.00	1927	Uchita Usada	Gang K.H. Wahid Hasyim No. 7\nTasikmalaya, Kalimantan Tengah 38075	+62-003-168-3382	2026-02-02	250000.00	Store Sale
1757	2026-02-06	3	Mouse Logitech	250000.00	3	750000.00	1928	Samiah Tampubolon, S.Gz	Jl. Jend. A. Yani No. 363\nBengkulu, KS 82089	(077) 904 6974	2026-02-06	750000.00	Product Sale
1763	2026-03-25	3	Mouse Logitech	250000.00	7	1750000.00	384	Iriana Nashiruddin	Gang Gedebage Selatan No. 10\nKota Administrasi Jakarta Utara, JK 17426	+62 (0153) 655 0257	2026-03-25	1750000.00	Customer Purchase
1772	2026-05-28	3	Mouse Logitech	250000.00	5	1250000.00	1502	Tgk. Gaman Simbolon	NULL	+62 (04) 328-6218	2026-05-28	1250000.00	Store Sale
1773	2026-04-05	3	Mouse Logitech	250000.00	4	1000000.00	1974	R. Yosef Prasetya	Gang Cempaka No. 149\nPalopo, SB 87888	+62 (0635) 686-2408	2026-04-05	1000000.00	Customer Purchase
1778	2026-06-22	3	Mouse Logitech	250000.00	1	250000.00	1948	Ade Maryati	Jalan Jamika No. 956\nBengkulu, Sumatera Selatan 75538	082 191 2779	2026-06-22	250000.00	Online Transaction
1779	2025-08-17	3	Mouse Logitech	250000.00	2	500000.00	454	Galih Hasanah	Jl. Cihampelas No. 1\nBanda Aceh, Sulawesi Utara 08479	+62 (845) 712-4032	2025-08-17	500000.00	Customer Purchase
1784	2026-02-08	3	Mouse Logitech	250000.00	9	2250000.00	667	Hendri Prayoga, M.M.	Gang Pasirkoja No. 311\nPayakumbuh, Jawa Tengah 74654	+62 (093) 444-0972	2026-02-08	2250000.00	Product Sale
1791	2026-02-13	3	Mouse Logitech	250000.00	1	250000.00	494	Dian Tarihoran, M.Kom.	Gang Raya Ujungberung No. 7\nPasuruan, Jawa Barat 13429	(0942) 267-2828	2026-02-13	250000.00	Online Transaction
1796	2025-11-09	3	Mouse Logitech	250000.00	10	2500000.00	1911	Heryanto Nasyidah	Jalan Ahmad Dahlan No. 8\nSerang, NB 17362	+62 (010) 481-5982	2025-11-09	2500000.00	Online Transaction
1806	2025-11-11	3	Mouse Logitech	250000.00	3	750000.00	896	Sabar Usada	Gg. Rungkut Industri No. 28\nBatu, Sumatera Barat 28974	+62 (088) 785 2516	2025-11-11	750000.00	Product Sale
1810	2025-12-05	3	Mouse Logitech	250000.00	4	1000000.00	1038	R. Xanana Hidayanto	NULL	089 164 1561	2025-12-05	1000000.00	Online Transaction
1812	2025-07-28	3	Mouse Logitech	250000.00	3	750000.00	1832	Prasetya Wibisono	Gg. Peta No. 135\nPontianak, PB 21464	(073) 607-4068	2025-07-28	750000.00	Online Transaction
1814	2025-09-18	3	Mouse Logitech	250000.00	10	2500000.00	2	Ahmad Fauzi	Semarang	0811111111	2025-09-18	2500000.00	Product Sale
1817	2025-10-16	3	Mouse Logitech	250000.00	10	2500000.00	1549	Emil Andriani	Gang Tebet Barat Dalam No. 3\nKota Administrasi Jakarta Pusat, Jambi 73543	+62 (0713) 673 4973	2025-10-16	2500000.00	Online Transaction
1821	2025-09-10	3	Mouse Logitech	250000.00	10	2500000.00	1416	Tgk. Zelda Sitorus, S.I.Kom	Gg. Cikutra Timur No. 191\nSurabaya, RI 14560	+62-0245-571-7206	2025-09-10	2500000.00	Customer Purchase
1825	2026-05-15	3	Mouse Logitech	250000.00	6	1500000.00	1850	Novi Samosir, S.E.I	Gang Monginsidi No. 1\nBukittinggi, Sulawesi Selatan 25939	+62-088-430-2551	2026-05-15	1500000.00	Customer Purchase
1837	2026-05-27	3	Mouse Logitech	250000.00	6	1500000.00	549	Emil Andriani	Gang Tebet Barat Dalam No. 3\nKota Administrasi Jakarta Pusat, Jambi 73543	+62 (0713) 673 4973	2026-05-27	1500000.00	Customer Purchase
1838	2026-07-04	3	Mouse Logitech	250000.00	4	1000000.00	1145	Tgk. Soleh Rajata, S.Pt	Gg. Suryakencana No. 8\nSamarinda, KR 41955	+62 (908) 014 9608	2026-07-04	1000000.00	Product Sale
1840	2025-12-23	3	Mouse Logitech	250000.00	7	1750000.00	1528	Drs. Puji Adriansyah, S.E.	Gang W.R. Supratman No. 344\nMetro, Bali 36336	+62 (043) 976 8469	2025-12-23	1750000.00	Store Sale
1843	2026-01-10	3	Mouse Logitech	250000.00	6	1500000.00	1079	Halima Anggriawan, M.Kom.	Gang Yos Sudarso No. 2\nSamarinda, BB 87518	(000) 756-4341	2026-01-10	1500000.00	Product Sale
1849	2026-02-20	3	Mouse Logitech	250000.00	3	750000.00	1254	Ami Maheswara, M.Pd	Gg. KH Amin Jasuta No. 163\nCimahi, KI 96855	(076) 899 5526	2026-02-20	750000.00	Product Sale
1851	2025-08-11	3	Mouse Logitech	250000.00	10	2500000.00	650	dr. Kalim Waluyo, S.E.I	Jalan Pelajar Pejuang No. 56\nJayapura, JB 79087	+62-35-614-5517	2025-08-11	2500000.00	Customer Purchase
1852	2026-01-28	3	Mouse Logitech	250000.00	9	2250000.00	1794	Ibun Megantara	Gg. Raya Setiabudhi No. 3\nBandar Lampung, Jawa Barat 57014	+62-448-254-4601	2026-01-28	2250000.00	Online Transaction
1854	2026-05-03	3	Mouse Logitech	250000.00	2	500000.00	107	Rina Puspita	Jalan Medokan Ayu No. 4\nCirebon, KI 67081	0880576587	2026-05-03	500000.00	Store Sale
1858	2026-07-01	3	Mouse Logitech	250000.00	3	750000.00	764	Cahyono Pudjiastuti	Gang Merdeka No. 094\nTidore Kepulauan, LA 73068	+62-76-677-1329	2026-07-01	750000.00	Online Transaction
1867	2025-10-01	3	Mouse Logitech	250000.00	3	750000.00	609	R. Usman Adriansyah, M.Ak	Jalan Sentot Alibasa No. 2\nBalikpapan, Sumatera Barat 73435	+62 (0628) 875 9244	2025-10-01	750000.00	Customer Purchase
1868	2026-04-29	3	Mouse Logitech	250000.00	8	2000000.00	539	Ridwan Usamah	Gang Rajawali Timur No. 66\nPagaralam, JI 79828	+62 (031) 879 4994	2026-04-29	2000000.00	Customer Purchase
1880	2026-06-22	3	Mouse Logitech	250000.00	7	1750000.00	1103	Chelsea Damanik	NULL	+62-0066-521-0024	2026-06-22	1750000.00	Online Transaction
1881	2026-02-11	3	Mouse Logitech	250000.00	9	2250000.00	250	Dr. Elisa Pertiwi	Gg. HOS. Cokroaminoto No. 581\nLhokseumawe, Kalimantan Tengah 67955	(017) 138 6217	2026-02-11	2250000.00	Customer Purchase
1887	2026-06-21	3	Mouse Logitech	250000.00	9	2250000.00	1475	Labuh Pratama	Jalan Kendalsari No. 4\nMojokerto, SU 76733	+62 (0925) 056-2681	2026-06-21	2250000.00	Store Sale
1890	2025-11-16	3	Mouse Logitech	250000.00	7	1750000.00	519	Nadine Prasasta	Jalan Setiabudhi No. 58\nTangerang Selatan, KR 67249	(078) 206 5662	2025-11-16	1750000.00	Store Sale
1891	2026-05-18	3	Mouse Logitech	250000.00	5	1250000.00	615	Gada Lailasari	Jalan Monginsidi No. 75\nSubulussalam, Papua Barat 18409	+62 (27) 284-9378	2026-05-18	1250000.00	Customer Purchase
1893	2026-03-31	3	Mouse Logitech	250000.00	6	1500000.00	124	Silvia Kuswoyo	Jl. Cikapayang No. 54\nDumai, SB 45320	+62 (927) 737-8985	2026-03-31	1500000.00	Customer Purchase
1895	2026-01-12	3	Mouse Logitech	250000.00	3	750000.00	715	Ira Ardianto, S.E.I	Gg. Sukabumi No. 6\nSemarang, NB 21892	(088) 929 5758	2026-01-12	750000.00	Customer Purchase
1903	2025-10-06	3	Mouse Logitech	250000.00	5	1250000.00	1789	R.A. Tiara Zulkarnain	Jalan K.H. Wahid Hasyim No. 972\nMalang, LA 29436	+62-043-558-1542	2025-10-06	1250000.00	Store Sale
1905	2026-03-02	3	Mouse Logitech	250000.00	9	2250000.00	1690	Darsirah Usada, S.Sos	Gg. K.H. Wahid Hasyim No. 4\nMeulaboh, SR 62337	+62 (062) 346 2914	2026-03-02	2250000.00	Product Sale
1909	2025-08-14	3	Mouse Logitech	250000.00	9	2250000.00	80	Rachel Wahyuni	Jalan Medokan Ayu No. 152\nKota Administrasi Jakarta Selatan, BE 05053	+62-87-085-9912	2025-08-14	2250000.00	Online Transaction
1916	2025-10-11	3	Mouse Logitech	250000.00	5	1250000.00	1142	Zizi Mandala	Jalan Ronggowarsito No. 265\nTanjungpinang, Maluku 32707	(098) 402-5466	2025-10-11	1250000.00	Customer Purchase
1918	2025-09-13	3	Mouse Logitech	250000.00	9	2250000.00	448	Dr. Utama Utami	Jl. Joyoboyo No. 01\nMakassar, SG 07135	+62 (064) 641-9155	2025-09-13	2250000.00	Store Sale
1921	2025-09-14	3	Mouse Logitech	250000.00	5	1250000.00	1592	Cut Yunita Budiyanto, S.IP	Jl. K.H. Wahid Hasyim No. 253\nSingkawang, JT 77872	(0077) 476-8213	2025-09-14	1250000.00	Product Sale
1933	2025-07-13	3	Mouse Logitech	250000.00	8	2000000.00	1067	Ozy Habibi, S.Ked	Gang Astana Anyar No. 007\nLangsa, Kepulauan Bangka Belitung 34897	+62 (0305) 439 1971	2025-07-13	2000000.00	Customer Purchase
1935	2026-03-01	3	Mouse Logitech	250000.00	10	2500000.00	1678	Surya Halim	Jalan Rajawali Timur No. 094\nBinjai, BA 05451	(0335) 314 3841	2026-03-01	2500000.00	Store Sale
1939	2026-03-03	3	Mouse Logitech	250000.00	9	2250000.00	1147	Vera Sitorus	Gang Jakarta No. 58\nMetro, MA 06382	+62 (480) 403 3536	2026-03-03	2250000.00	Customer Purchase
1940	2026-06-14	3	Mouse Logitech	250000.00	10	2500000.00	491	Liman Kusmawati	Jalan Dr. Djunjunan No. 0\nYogyakarta, KI 43005	+62 (0220) 025-1301	2026-06-14	2500000.00	Product Sale
1941	2025-10-15	3	Mouse Logitech	250000.00	10	2500000.00	301	Nardi Saragih, S.Gz	Gang Dipatiukur No. 50\nMagelang, KS 08269	+62-0212-659-0774	2025-10-15	2500000.00	Product Sale
1951	2026-02-02	3	Mouse Logitech	250000.00	8	2000000.00	1847	Julia Nashiruddin	Jl. Setiabudhi No. 5\nPangkalpinang, DKI Jakarta 65207	(0335) 583 6284	2026-02-02	2000000.00	Store Sale
1972	2025-07-12	3	Mouse Logitech	250000.00	5	1250000.00	1810	Jagapati Wasita	Gg. Moch. Ramdan No. 215\nSalatiga, Gorontalo 21614	+62 (028) 835 7845	2025-07-12	1250000.00	Online Transaction
1974	2026-03-11	3	Mouse Logitech	250000.00	2	500000.00	501	Ir. Dimas Utami, S.Sos	Gg. Gedebage Selatan No. 9\nBau-Bau, KT 49143	(072) 645 6599	2026-03-11	500000.00	Product Sale
1980	2025-10-26	3	Mouse Logitech	250000.00	6	1500000.00	331	Eva Hidayanto	Jl. Sukajadi No. 59\nSukabumi, Sulawesi Tenggara 41357	+62 (049) 816 7123	2025-10-26	1500000.00	Product Sale
1985	2026-01-09	3	Mouse Logitech	250000.00	3	750000.00	797	Wani Wasita, M.Ak	Jl. Jend. A. Yani No. 68\nMagelang, BT 66701	+62 (0484) 555-1577	2026-01-09	750000.00	Online Transaction
1997	2025-11-22	3	Mouse Logitech	250000.00	8	2000000.00	769	Paris Nurdiyanti	Gang Jayawijaya No. 31\nMagelang, ST 50799	+62-266-554-9633	2025-11-22	2000000.00	Product Sale
2001	2025-09-10	3	Mouse Logitech	250000.00	6	1500000.00	1982	Wani Lestari	Jalan Gardujati No. 752\nTidore Kepulauan, Kepulauan Bangka Belitung 92605	(0769) 846 4525	2025-09-10	1500000.00	Store Sale
2006	2026-03-14	3	Mouse Logitech	250000.00	7	1750000.00	1877	Oliva Nurdiyanti	Jalan Sadang Serang No. 45\nPekanbaru, SR 41761	089 421 0122	2026-03-14	1750000.00	Product Sale
2008	2026-03-09	3	Mouse Logitech	250000.00	4	1000000.00	1629	Ozy Agustina	Jalan Ronggowarsito No. 3\nBatu, Sulawesi Tenggara 37509	+62 (310) 017 6012	2026-03-09	1000000.00	Product Sale
2018	2025-11-04	3	Mouse Logitech	250000.00	1	250000.00	1516	Cawisono Dabukke, S.Gz	Gg. S. Parman No. 18\nDenpasar, Sumatera Barat 93659	(074) 377 1927	2025-11-04	250000.00	Online Transaction
2022	2025-09-15	3	Mouse Logitech	250000.00	6	1500000.00	1607	Salwa Nasyiah	Jl. Ronggowarsito No. 47\nPadangpanjang, Sulawesi Utara 48903	+62 (018) 126 5499	2025-09-15	1500000.00	Product Sale
2027	2025-09-17	3	Mouse Logitech	250000.00	3	750000.00	747	Warsa Winarsih	Jl. BKR No. 52\nJayapura, PB 25286	(001) 238-8711	2025-09-17	750000.00	Customer Purchase
2029	2026-02-25	3	Mouse Logitech	250000.00	7	1750000.00	99	Sutan Lukita Usamah, S.T.	NULL	085 518 6215	2026-02-25	1750000.00	Store Sale
2033	2025-10-06	3	Mouse Logitech	250000.00	1	250000.00	865	Prayoga Hakim	Jl. Erlangga No. 90\nKota Administrasi Jakarta Barat, KU 51664	+62 (71) 110-5978	2025-10-06	250000.00	Store Sale
2039	2025-07-31	3	Mouse Logitech	250000.00	4	1000000.00	787	Ratih Sinaga	Jalan Jakarta No. 160\nTidore Kepulauan, SR 28984	+62-05-938-2954	2025-07-31	1000000.00	Store Sale
2041	2026-02-28	3	Mouse Logitech	250000.00	2	500000.00	842	Nadia Putra, M.TI.	Jl. Rajiman No. 44\nBanjarbaru, SG 40650	0840649824	2026-02-28	500000.00	Customer Purchase
2042	2026-04-22	3	Mouse Logitech	250000.00	10	2500000.00	1195	Leo Mandala	Jalan Sentot Alibasa No. 59\nBukittinggi, JK 06747	(033) 106 6448	2026-04-22	2500000.00	Customer Purchase
2045	2025-11-29	3	Mouse Logitech	250000.00	5	1250000.00	734	dr. Yusuf Situmorang	Jl. Sadang Serang No. 0\nJambi, Sulawesi Tengah 33092	+62 (49) 540 3840	2025-11-29	1250000.00	Product Sale
2048	2026-01-25	3	Mouse Logitech	250000.00	3	750000.00	1021	Muni Melani	Gg. Ciumbuleuit No. 2\nBatu, Nusa Tenggara Timur 55343	0856152478	2026-01-25	750000.00	Online Transaction
2057	2025-09-24	3	Mouse Logitech	250000.00	7	1750000.00	1611	Nadia Waluyo	Gg. Suniaraja No. 6\nTasikmalaya, Maluku 94574	+62 (0448) 245-5585	2025-09-24	1750000.00	Product Sale
2080	2026-06-14	3	Mouse Logitech	250000.00	2	500000.00	30	Genta Prasasta	Gang Tubagus Ismail No. 1\nTasikmalaya, NT 03025	+62-30-468-2355	2026-06-14	500000.00	Customer Purchase
2082	2025-07-27	3	Mouse Logitech	250000.00	2	500000.00	114	Kania Waskita	Gang Pacuan Kuda No. 4\nBogor, MU 57208	+62 (72) 759 7406	2025-07-27	500000.00	Customer Purchase
2090	2026-02-19	3	Mouse Logitech	250000.00	2	500000.00	1198	Azalea Sihombing	Jalan Cempaka No. 771\nMadiun, Bengkulu 54637	+62-020-998-3110	2026-02-19	500000.00	Customer Purchase
2091	2026-06-02	3	Mouse Logitech	250000.00	9	2250000.00	1377	Umaya Prasetya, S.Pd	Jalan Kiaracondong No. 70\nPalopo, JI 89908	+62 (089) 210-8855	2026-06-02	2250000.00	Product Sale
2094	2025-10-06	3	Mouse Logitech	250000.00	5	1250000.00	1984	Dono Ardianto	Gg. Raya Ujungberung No. 9\nBukittinggi, Bali 73021	(070) 109-9455	2025-10-06	1250000.00	Store Sale
2096	2026-01-25	3	Mouse Logitech	250000.00	1	250000.00	991	Cinthia Utama	Jalan Raya Setiabudhi No. 0\nBima, Sumatera Utara 74210	084 199 1431	2026-01-25	250000.00	Online Transaction
2103	2025-11-17	3	Mouse Logitech	250000.00	6	1500000.00	499	Putu Nurdiyanti	Gang Rumah Sakit No. 524\nPayakumbuh, Bengkulu 80020	+62 (0034) 683-2325	2025-11-17	1500000.00	Online Transaction
2105	2026-03-16	3	Mouse Logitech	250000.00	3	750000.00	175	Ajeng Suryono	Gg. Antapani Lama No. 6\nPalembang, SR 24350	+62-826-819-7580	2026-03-16	750000.00	Customer Purchase
2114	2025-12-30	3	Mouse Logitech	250000.00	9	2250000.00	312	Pia Wibowo	Jalan Ahmad Yani No. 21\nBandar Lampung, Sulawesi Tenggara 96226	+62 (195) 799-0405	2025-12-30	2250000.00	Product Sale
2122	2025-12-16	3	Mouse Logitech	250000.00	6	1500000.00	1724	Wawan Mulyani	Gg. Ciumbuleuit No. 88\nPekanbaru, Maluku Utara 94768	+62-093-301-8679	2025-12-16	1500000.00	Store Sale
2131	2026-02-16	3	Mouse Logitech	250000.00	2	500000.00	372	Amelia Sirait	Jl. S. Parman No. 78\nLangsa, Aceh 05907	(0302) 342 4183	2026-02-16	500000.00	Customer Purchase
2134	2025-11-10	3	Mouse Logitech	250000.00	5	1250000.00	1321	Kamila Maulana	Jalan Wonoayu No. 443\nPematangsiantar, Nusa Tenggara Barat 38062	+62-928-474-9857	2025-11-10	1250000.00	Customer Purchase
2137	2025-08-29	3	Mouse Logitech	250000.00	5	1250000.00	1369	Okto Saragih	Jalan Sukabumi No. 85\nBinjai, JA 61246	(047) 823 6480	2025-08-29	1250000.00	Customer Purchase
2151	2025-09-14	3	Mouse Logitech	250000.00	3	750000.00	1494	Dian Tarihoran, M.Kom.	Gang Raya Ujungberung No. 7\nPasuruan, Jawa Barat 13429	(0942) 267-2828	2025-09-14	750000.00	Online Transaction
2152	2026-05-30	3	Mouse Logitech	250000.00	4	1000000.00	160	Cut Zulfa Pertiwi	Jl. Otto Iskandardinata No. 1\nTanjungbalai, Kepulauan Bangka Belitung 35153	+62 (913) 172-7260	2026-05-30	1000000.00	Store Sale
2158	2025-12-11	3	Mouse Logitech	250000.00	3	750000.00	690	Darsirah Usada, S.Sos	Gg. K.H. Wahid Hasyim No. 4\nMeulaboh, SR 62337	+62 (062) 346 2914	2025-12-11	750000.00	Customer Purchase
2159	2025-10-04	3	Mouse Logitech	250000.00	9	2250000.00	1165	R. Usman Saragih	Jl. Jakarta No. 1\nTomohon, Banten 05292	+62-067-917-9531	2025-10-04	2250000.00	Product Sale
2164	2026-07-06	3	Mouse Logitech	250000.00	3	750000.00	538	Paris Anggraini	Jl. Astana Anyar No. 5\nAmbon, Banten 58048	(0710) 990-7526	2026-07-06	750000.00	Customer Purchase
2170	2026-07-02	3	Mouse Logitech	250000.00	1	250000.00	1594	Nadia Kurniawan	Jl. Lembong No. 703\nSorong, MU 10859	+62 (065) 256 5198	2026-07-02	250000.00	Product Sale
2171	2025-10-10	3	Mouse Logitech	250000.00	2	500000.00	1863	Citra Waskita	Gg. Joyoboyo No. 79\nSibolga, DKI Jakarta 85816	(0285) 149 6121	2025-10-10	500000.00	Product Sale
2175	2025-12-01	3	Mouse Logitech	250000.00	2	500000.00	1413	Ayu Habibi	NULL	+62-563-623-0838	2025-12-01	500000.00	Store Sale
2177	2025-09-06	3	Mouse Logitech	250000.00	9	2250000.00	526	Wardaya Sirait	Gg. Erlangga No. 911\nPariaman, KB 55927	+62 (840) 785-5077	2025-09-06	2250000.00	Online Transaction
2180	2026-01-10	3	Mouse Logitech	250000.00	4	1000000.00	243	Lalita Hutagalung, S.I.Kom	Jalan M.H Thamrin No. 62\nBanjarbaru, BT 46890	+62 (326) 015 7811	2026-01-10	1000000.00	Online Transaction
2183	2026-02-22	3	Mouse Logitech	250000.00	4	1000000.00	1088	Unjani Riyanti	NULL	+62-13-134-5691	2026-02-22	1000000.00	Product Sale
2185	2026-07-06	3	Mouse Logitech	250000.00	9	2250000.00	1658	Jati Mandala	Gang Cihampelas No. 551\nSurakarta, JI 15764	(0954) 146-6608	2026-07-06	2250000.00	Online Transaction
2191	2026-05-04	3	Mouse Logitech	250000.00	7	1750000.00	1617	Tgk. Lintang Puspasari	Jl. Cikutra Barat No. 087\nSawahlunto, MU 84715	+62 (92) 666 3619	2026-05-04	1750000.00	Product Sale
2195	2025-12-24	3	Mouse Logitech	250000.00	10	2500000.00	680	Tgk. Azalea Saragih	Jl. Rajiman No. 516\nTegal, SN 50533	+62 (085) 265 3129	2025-12-24	2500000.00	Product Sale
2200	2026-06-11	3	Mouse Logitech	250000.00	4	1000000.00	876	Aslijan Purnawati	Gang Jend. Sudirman No. 122\nBanjarmasin, Maluku Utara 29511	+62 (015) 868-2563	2026-06-11	1000000.00	Product Sale
2206	2025-12-02	3	Mouse Logitech	250000.00	3	750000.00	519	Nadine Prasasta	Jalan Setiabudhi No. 58\nTangerang Selatan, KR 67249	(078) 206 5662	2025-12-02	750000.00	Customer Purchase
2210	2026-01-20	3	Mouse Logitech	250000.00	7	1750000.00	1104	R. Yulia Halimah, S.Pd	Gang Ciumbuleuit No. 9\nKota Administrasi Jakarta Timur, YO 32068	+62 (072) 503-5448	2026-01-20	1750000.00	Store Sale
2219	2025-11-06	3	Mouse Logitech	250000.00	4	1000000.00	1012	Bakti Susanti	Gg. Lembong No. 1\nPayakumbuh, Sulawesi Utara 63352	(098) 372 3898	2025-11-06	1000000.00	Online Transaction
2228	2025-10-13	3	Mouse Logitech	250000.00	5	1250000.00	1797	Wani Wasita, M.Ak	Jl. Jend. A. Yani No. 68\nMagelang, BT 66701	+62 (0484) 555-1577	2025-10-13	1250000.00	Product Sale
2240	2025-09-23	3	Mouse Logitech	250000.00	2	500000.00	1416	Tgk. Zelda Sitorus, S.I.Kom	Gg. Cikutra Timur No. 191\nSurabaya, RI 14560	+62-0245-571-7206	2025-09-23	500000.00	Store Sale
2249	2026-04-18	3	Mouse Logitech	250000.00	5	1250000.00	475	Labuh Pratama	Jalan Kendalsari No. 4\nMojokerto, SU 76733	+62 (0925) 056-2681	2026-04-18	1250000.00	Product Sale
2250	2026-03-29	3	Mouse Logitech	250000.00	3	750000.00	597	Najwa Saefullah, S.Ked	Jalan Veteran No. 5\nPekanbaru, Papua Barat 35738	+62 (027) 775-8192	2026-03-29	750000.00	Online Transaction
2257	2025-09-26	3	Mouse Logitech	250000.00	6	1500000.00	142	Zizi Mandala	Jalan Ronggowarsito No. 265\nTanjungpinang, Maluku 32707	(098) 402-5466	2025-09-26	1500000.00	Online Transaction
2273	2026-03-17	3	Mouse Logitech	250000.00	3	750000.00	177	Drs. Radika Wijayanti, S.E.I	Gg. Kiaracondong No. 1\nCimahi, Papua Barat 35158	(050) 752 4133	2026-03-17	750000.00	Online Transaction
2275	2026-02-21	3	Mouse Logitech	250000.00	2	500000.00	653	drg. Iriana Damanik, M.Pd	Gg. Erlangga No. 0\nKota Administrasi Jakarta Selatan, Aceh 17383	+62 (069) 258-1232	2026-02-21	500000.00	Product Sale
2276	2025-08-28	3	Mouse Logitech	250000.00	9	2250000.00	578	Dt. Dimaz Sihombing	Gang Lembong No. 1\nBontang, Kalimantan Tengah 26548	+62-584-025-3770	2025-08-28	2250000.00	Product Sale
2285	2026-03-14	3	Mouse Logitech	250000.00	5	1250000.00	1605	R. Wani Lestari	Gg. Gegerkalong Hilir No. 037\nTasikmalaya, ST 89606	+62 (063) 139-2687	2026-03-14	1250000.00	Store Sale
2286	2025-12-31	3	Mouse Logitech	250000.00	5	1250000.00	1041	Dewi Pangestu	Gang Pacuan Kuda No. 58\nTual, RI 81051	+62 (0484) 286 7416	2025-12-31	1250000.00	Store Sale
2301	2025-08-31	3	Mouse Logitech	250000.00	8	2000000.00	814	Putri Laksmiwati, S.Kom	Gang Gardujati No. 36\nCirebon, JT 06498	+62 (48) 602 7912	2025-08-31	2000000.00	Product Sale
2303	2025-10-27	3	Mouse Logitech	250000.00	1	250000.00	1093	R.M. Pandu Winarsih, S.H.	Gg. Siliwangi No. 1\nBalikpapan, Jawa Barat 95462	+62 (0079) 940-1539	2025-10-27	250000.00	Customer Purchase
2307	2025-10-07	3	Mouse Logitech	250000.00	4	1000000.00	913	R.M. Asirwanda Natsir	Jalan Kendalsari No. 29\nParepare, BA 19840	0848371218	2025-10-07	1000000.00	Customer Purchase
2309	2025-12-05	3	Mouse Logitech	250000.00	2	500000.00	941	Unjani Siregar	Jalan Cihampelas No. 5\nPangkalpinang, Banten 85978	+62 (006) 226-2509	2025-12-05	500000.00	Customer Purchase
2313	2026-02-26	3	Mouse Logitech	250000.00	6	1500000.00	1821	Maya Gunawan	Gg. Suryakencana No. 0\nTarakan, JI 04603	+62 (949) 222 7827	2026-02-26	1500000.00	Store Sale
2320	2025-07-14	3	Mouse Logitech	250000.00	5	1250000.00	288	Alambana Widiastuti	Gg. Sentot Alibasa No. 28\nBalikpapan, GO 50624	+62 (086) 911 4315	2025-07-14	1250000.00	Online Transaction
2324	2026-05-25	3	Mouse Logitech	250000.00	10	2500000.00	275	Wardaya Wacana	Jalan Raya Setiabudhi No. 120\nBitung, Kalimantan Tengah 09524	+62 (015) 757-3018	2026-05-25	2500000.00	Customer Purchase
2325	2026-02-21	3	Mouse Logitech	250000.00	8	2000000.00	278	Umaya Sudiati, M.Ak	Gang Pelajar Pejuang No. 6\nSawahlunto, MA 03499	+62 (048) 257-4311	2026-02-21	2000000.00	Store Sale
2329	2026-01-13	3	Mouse Logitech	250000.00	7	1750000.00	1511	Mala Dabukke	Jalan Astana Anyar No. 1\nYogyakarta, KI 01799	0833691732	2026-01-13	1750000.00	Product Sale
2330	2025-08-18	3	Mouse Logitech	250000.00	6	1500000.00	1988	Sakura Hidayat	Gang Ciumbuleuit No. 129\nSukabumi, RI 24538	+62-045-419-3523	2025-08-18	1500000.00	Customer Purchase
2332	2026-03-06	3	Mouse Logitech	250000.00	2	500000.00	480	Michelle Purnawati	Gang Wonoayu No. 7\nLubuklinggau, Bengkulu 23980	(0483) 153-4109	2026-03-06	500000.00	Customer Purchase
2333	2026-01-29	3	Mouse Logitech	250000.00	8	2000000.00	19	Prabawa Maheswara	Jalan Kiaracondong No. 3\nBengkulu, NB 93894	+62 (0556) 091-9775	2026-01-29	2000000.00	Customer Purchase
2337	2025-07-21	3	Mouse Logitech	250000.00	3	750000.00	1665	Najam Wijayanti, M.M.	Jalan Kapten Muslihat No. 2\nTual, Jambi 01452	+62-214-902-5110	2025-07-21	750000.00	Store Sale
2341	2026-02-04	3	Mouse Logitech	250000.00	3	750000.00	1737	Emong Prasetya	Gg. H.J Maemunah No. 13\nPurwokerto, BB 48418	+62 (059) 322-1760	2026-02-04	750000.00	Store Sale
2358	2026-02-04	3	Mouse Logitech	250000.00	3	750000.00	1735	Tgk. Yuliana Handayani, S.Kom	Gang Astana Anyar No. 5\nCirebon, Bengkulu 96261	+62 (356) 533 7340	2026-02-04	750000.00	Product Sale
2361	2026-06-25	3	Mouse Logitech	250000.00	8	2000000.00	963	Drs. Ega Jailani	Gang Rumah Sakit No. 21\nSurakarta, Banten 94966	+62 (61) 719 2666	2026-06-25	2000000.00	Customer Purchase
2365	2026-06-30	3	Mouse Logitech	250000.00	6	1500000.00	1091	Bala Irawan	Gang Indragiri No. 6\nBanjarmasin, Aceh 12762	(045) 754 1974	2026-06-30	1500000.00	Product Sale
2368	2026-02-01	3	Mouse Logitech	250000.00	8	2000000.00	270	Umar Hakim	Gang Jend. A. Yani No. 11\nMetro, LA 02909	+62 (68) 174-4745	2026-02-01	2000000.00	Store Sale
2371	2026-01-07	3	Mouse Logitech	250000.00	1	250000.00	1335	Ani Halim	Jalan Raya Setiabudhi No. 6\nTernate, RI 23229	(0947) 686 1743	2026-01-07	250000.00	Store Sale
2387	2026-05-30	3	Mouse Logitech	250000.00	1	250000.00	1344	Prakosa Hakim	Jl. Sukabumi No. 38\nKota Administrasi Jakarta Pusat, Bali 02291	+62-81-095-0461	2026-05-30	250000.00	Product Sale
2388	2026-01-10	3	Mouse Logitech	250000.00	1	250000.00	1512	Ikhsan Hutapea	Jalan Kiaracondong No. 531\nSorong, SR 65758	(054) 129-6561	2026-01-10	250000.00	Online Transaction
2402	2025-12-12	3	Mouse Logitech	250000.00	9	2250000.00	994	R.A. Maida Gunarto	Gang Rawamangun No. 17\nSubulussalam, SB 29906	+62 (80) 266-9284	2025-12-12	2250000.00	Store Sale
2403	2026-01-18	3	Mouse Logitech	250000.00	8	2000000.00	1960	Umar Agustina	Jl. K.H. Wahid Hasyim No. 3\nTasikmalaya, Lampung 40330	+62 (819) 389-9685	2026-01-18	2000000.00	Store Sale
2409	2025-11-25	3	Mouse Logitech	250000.00	9	2250000.00	1255	Tgk. Salwa Puspita	Gang Wonoayu No. 7\nBekasi, Gorontalo 23445	+62 (00) 628 7912	2025-11-25	2250000.00	Store Sale
2411	2026-03-08	3	Mouse Logitech	250000.00	6	1500000.00	265	Cinthia Kuswoyo	Gg. Raya Setiabudhi No. 113\nKota Administrasi Jakarta Timur, Jawa Timur 42340	+62 (468) 061 8805	2026-03-08	1500000.00	Product Sale
2420	2026-06-07	3	Mouse Logitech	250000.00	8	2000000.00	1317	Cakrabirawa Pudjiastuti, S.Ked	Jalan Antapani Lama No. 4\nPalangkaraya, JB 80039	(090) 785 6645	2026-06-07	2000000.00	Customer Purchase
2423	2026-01-26	3	Mouse Logitech	250000.00	2	500000.00	985	Ciaobella Zulaika, S.Pd	Gg. Yos Sudarso No. 377\nMetro, LA 67031	+62 (88) 444 6958	2026-01-26	500000.00	Online Transaction
2445	2025-12-02	3	Mouse Logitech	250000.00	1	250000.00	704	Harsana Maryadi	Jalan Setiabudhi No. 600\nPagaralam, Bali 65899	+62 (22) 631-8647	2025-12-02	250000.00	Online Transaction
2446	2025-10-18	3	Mouse Logitech	250000.00	2	500000.00	338	KH. Kenari Gunawan, S.E.	Jalan Moch. Ramdan No. 835\nKediri, KB 42971	(096) 994-2388	2025-10-18	500000.00	Customer Purchase
2449	2026-01-17	3	Mouse Logitech	250000.00	9	2250000.00	249	Zulaikha Wahyudin	Gang Wonoayu No. 13\nTanjungbalai, Sulawesi Utara 97492	+62 (977) 422 5852	2026-01-17	2250000.00	Product Sale
2457	2026-04-13	3	Mouse Logitech	250000.00	4	1000000.00	1320	Jail Usada	Gang Rungkut Industri No. 71\nBekasi, RI 96652	0851181391	2026-04-13	1000000.00	Online Transaction
2458	2025-10-25	3	Mouse Logitech	250000.00	5	1250000.00	345	Martaka Puspasari	Jl. Ahmad Dahlan No. 505\nBatu, Bengkulu 51286	+62 (771) 758-0803	2025-10-25	1250000.00	Store Sale
2463	2026-05-20	3	Mouse Logitech	250000.00	10	2500000.00	696	Nadine Nasyidah	Jalan Kendalsari No. 533\nTasikmalaya, SU 88576	(0553) 483-7365	2026-05-20	2500000.00	Online Transaction
2500	2026-04-15	3	Mouse Logitech	250000.00	7	1750000.00	1496	R. Radika Suwarno, S.Psi	Gang Tebet Barat Dalam No. 8\nSabang, Nusa Tenggara Timur 56877	+62-98-604-8655	2026-04-15	1750000.00	Product Sale
2504	2026-06-25	3	Mouse Logitech	250000.00	5	1250000.00	1325	Panji Nasyidah, S.Pd	Gang Waringin No. 673\nSerang, KR 33743	+62 (0146) 751 0226	2026-06-25	1250000.00	Customer Purchase
2509	2025-08-01	3	Mouse Logitech	250000.00	4	1000000.00	1637	Gambira Utami	Jalan Rumah Sakit No. 6\nMadiun, Sulawesi Utara 90615	+62 (02) 698 9125	2025-08-01	1000000.00	Product Sale
2516	2026-04-21	3	Mouse Logitech	250000.00	6	1500000.00	134	KH. Dariati Purwanti	Gang Pasirkoja No. 8\nBanjar, SB 25038	+62 (014) 109 6596	2026-04-21	1500000.00	Product Sale
2520	2026-07-04	3	Mouse Logitech	250000.00	5	1250000.00	313	Purwanto Nurdiyanti	NULL	+62 (0823) 235-3156	2026-07-04	1250000.00	Product Sale
2522	2025-11-28	3	Mouse Logitech	250000.00	10	2500000.00	1839	Iriana Wijayanti	Gang Gegerkalong Hilir No. 33\nBalikpapan, DI Yogyakarta 02460	+62 (0801) 919 2499	2025-11-28	2500000.00	Product Sale
2525	2026-01-01	3	Mouse Logitech	250000.00	9	2250000.00	842	Nadia Putra, M.TI.	Jl. Rajiman No. 44\nBanjarbaru, SG 40650	0840649824	2026-01-01	2250000.00	Store Sale
2526	2026-07-06	3	Mouse Logitech	250000.00	9	2250000.00	1420	Karna Prasetya, S.I.Kom	Jalan Gardujati No. 0\nBanjarbaru, Nusa Tenggara Barat 97908	+62-029-380-4691	2026-07-06	2250000.00	Product Sale
2528	2025-12-09	3	Mouse Logitech	250000.00	3	750000.00	1375	Restu Haryanto, S.E.	Gang R.E Martadinata No. 32\nCilegon, Sumatera Selatan 18950	+62 (084) 114-5716	2025-12-09	750000.00	Store Sale
2531	2026-05-19	3	Mouse Logitech	250000.00	4	1000000.00	1616	Hj. Rahayu Suartini	Jalan Medokan Ayu No. 7\nJambi, SS 54038	+62 (27) 246-5718	2026-05-19	1000000.00	Customer Purchase
2544	2025-08-10	3	Mouse Logitech	250000.00	3	750000.00	1254	Ami Maheswara, M.Pd	Gg. KH Amin Jasuta No. 163\nCimahi, KI 96855	(076) 899 5526	2025-08-10	750000.00	Online Transaction
2545	2025-10-30	3	Mouse Logitech	250000.00	1	250000.00	714	Tgk. Wardi Agustina, S.Gz	Jl. Bangka Raya No. 49\nSingkawang, Bali 99212	+62-696-198-6032	2025-10-30	250000.00	Store Sale
2546	2025-12-16	3	Mouse Logitech	250000.00	6	1500000.00	234	Sabar Sirait	Jl. Rumah Sakit No. 1\nProbolinggo, Sulawesi Tenggara 80251	+62 (056) 678-2457	2025-12-16	1500000.00	Product Sale
2547	2025-11-15	3	Mouse Logitech	250000.00	4	1000000.00	1098	Zamira Prasetyo, S.Kom	Jl. Raya Setiabudhi No. 236\nParepare, Sulawesi Tenggara 67541	+62 (32) 475 0481	2025-11-15	1000000.00	Store Sale
2549	2025-10-17	3	Mouse Logitech	250000.00	9	2250000.00	539	Ridwan Usamah	Gang Rajawali Timur No. 66\nPagaralam, JI 79828	+62 (031) 879 4994	2025-10-17	2250000.00	Online Transaction
2553	2025-09-06	3	Mouse Logitech	250000.00	8	2000000.00	98	Zamira Prasetyo, S.Kom	Jl. Raya Setiabudhi No. 236\nParepare, Sulawesi Tenggara 67541	+62 (32) 475 0481	2025-09-06	2000000.00	Customer Purchase
2555	2025-11-09	3	Mouse Logitech	250000.00	1	250000.00	1374	Okto Setiawan	Gg. Lembong No. 03\nPurwokerto, KI 46773	+62-57-875-4138	2025-11-09	250000.00	Store Sale
2558	2026-03-30	3	Mouse Logitech	250000.00	6	1500000.00	1581	Tiara Puspasari	Gg. Moch. Ramdan No. 89\nJambi, AC 29738	(0575) 280 6130	2026-03-30	1500000.00	Online Transaction
2572	2026-06-24	3	Mouse Logitech	250000.00	3	750000.00	353	Gaduh Haryanto	Gang HOS. Cokroaminoto No. 180\nSalatiga, Gorontalo 62126	+62 (0107) 480-9871	2026-06-24	750000.00	Online Transaction
2574	2026-05-28	3	Mouse Logitech	250000.00	7	1750000.00	1198	Azalea Sihombing	Jalan Cempaka No. 771\nMadiun, Bengkulu 54637	+62-020-998-3110	2026-05-28	1750000.00	Customer Purchase
2591	2025-12-04	3	Mouse Logitech	250000.00	6	1500000.00	1729	Raina Pertiwi, M.M.	Gang Suniaraja No. 5\nKota Administrasi Jakarta Timur, Sumatera Barat 47722	+62 (821) 664 2090	2025-12-04	1500000.00	Online Transaction
2603	2026-03-18	3	Mouse Logitech	250000.00	5	1250000.00	1165	R. Usman Saragih	Jl. Jakarta No. 1\nTomohon, Banten 05292	+62-067-917-9531	2026-03-18	1250000.00	Customer Purchase
2614	2026-05-22	3	Mouse Logitech	250000.00	1	250000.00	1871	Candra Handayani	Jalan Kebonjati No. 893\nSemarang, JT 12650	0805750171	2026-05-22	250000.00	Product Sale
2620	2026-04-13	3	Mouse Logitech	250000.00	7	1750000.00	759	Tgk. Patricia Siregar	Gg. K.H. Wahid Hasyim No. 952\nSabang, Kalimantan Tengah 89333	+62 (28) 630 4264	2026-04-13	1750000.00	Customer Purchase
2629	2026-03-26	3	Mouse Logitech	250000.00	3	750000.00	217	Sakura Dongoran	Gang Pasirkoja No. 534\nBima, Papua 10748	(052) 179 9983	2026-03-26	750000.00	Store Sale
2636	2026-06-12	3	Mouse Logitech	250000.00	7	1750000.00	504	Harsaya Kusmawati, M.TI.	Gang Kapten Muslihat No. 248\nPekanbaru, Papua Barat 37962	+62-014-569-5299	2026-06-12	1750000.00	Store Sale
2640	2026-03-07	3	Mouse Logitech	250000.00	3	750000.00	1483	Dr. Elvina Rahmawati, S.T.	Gang Monginsidi No. 08\nPematangsiantar, KI 14122	+62 (0099) 244 0496	2026-03-07	750000.00	Product Sale
2643	2025-11-09	3	Mouse Logitech	250000.00	1	250000.00	1138	Kawaca Prasetya	Jl. HOS. Cokroaminoto No. 32\nPurwokerto, Maluku Utara 82249	+62 (0378) 309-4315	2025-11-09	250000.00	Online Transaction
2648	2026-04-08	3	Mouse Logitech	250000.00	10	2500000.00	982	Wani Lestari	Jalan Gardujati No. 752\nTidore Kepulauan, Kepulauan Bangka Belitung 92605	(0769) 846 4525	2026-04-08	2500000.00	Customer Purchase
2658	2025-07-14	3	Mouse Logitech	250000.00	8	2000000.00	1251	Bagiya Megantara	Jl. Cihampelas No. 53\nSawahlunto, Kalimantan Selatan 37528	+62 (42) 514 3974	2025-07-14	2000000.00	Store Sale
2664	2026-05-17	3	Mouse Logitech	250000.00	7	1750000.00	1793	Ajiman Sitorus	Gang Moch. Toha No. 240\nDenpasar, BA 12088	+62-041-149-4811	2026-05-17	1750000.00	Online Transaction
2673	2025-12-14	3	Mouse Logitech	250000.00	8	2000000.00	951	H. Mursinin Mansur	Gg. Rawamangun No. 03\nBukittinggi, Kalimantan Tengah 36830	+62 (0338) 117 8887	2025-12-14	2000000.00	Online Transaction
2675	2025-08-30	3	Mouse Logitech	250000.00	5	1250000.00	1951	H. Mursinin Mansur	Gg. Rawamangun No. 03\nBukittinggi, Kalimantan Tengah 36830	+62 (0338) 117 8887	2025-08-30	1250000.00	Store Sale
2679	2025-07-11	3	Mouse Logitech	250000.00	1	250000.00	1860	Puti Paramita Sudiati	Jl. Jend. A. Yani No. 0\nPariaman, SS 77385	+62-017-033-9931	2025-07-11	250000.00	Product Sale
2680	2025-12-10	3	Mouse Logitech	250000.00	4	1000000.00	1065	Dt. Raharja Hasanah, S.IP	Gg. Kutai No. 76\nSawahlunto, JB 57439	+62-012-700-2595	2025-12-10	1000000.00	Store Sale
2682	2026-02-01	3	Mouse Logitech	250000.00	10	2500000.00	1248	Atma Zulkarnain	Jl. Cempaka No. 1\nPalembang, BT 53457	+62-78-614-2379	2026-02-01	2500000.00	Online Transaction
2689	2025-07-25	3	Mouse Logitech	250000.00	7	1750000.00	968	Perkasa Setiawan	Gang Cikutra Barat No. 122\nPrabumulih, Bali 26258	+62 (713) 077-1380	2025-07-25	1750000.00	Store Sale
2698	2026-02-01	3	Mouse Logitech	250000.00	6	1500000.00	789	R.A. Tiara Zulkarnain	Jalan K.H. Wahid Hasyim No. 972\nMalang, LA 29436	+62-043-558-1542	2026-02-01	1500000.00	Online Transaction
2700	2025-12-13	3	Mouse Logitech	250000.00	3	750000.00	198	Azalea Sihombing	Jalan Cempaka No. 771\nMadiun, Bengkulu 54637	+62-020-998-3110	2025-12-13	750000.00	Online Transaction
2703	2025-08-22	3	Mouse Logitech	250000.00	4	1000000.00	1153	Zelda Tarihoran	Gang Kendalsari No. 0\nMagelang, Kalimantan Timur 31696	+62 (43) 925-1873	2025-08-22	1000000.00	Product Sale
2708	2026-04-14	3	Mouse Logitech	250000.00	7	1750000.00	1761	Rini Pratama	Jl. Ciumbuleuit No. 74\nTangerang Selatan, KI 48363	0852038385	2026-04-14	1750000.00	Online Transaction
2715	2026-04-07	3	Mouse Logitech	250000.00	3	750000.00	1028	R.M. Ismail Purnawati, M.M.	NULL	+62-56-556-8874	2026-04-07	750000.00	Online Transaction
2717	2025-07-09	3	Mouse Logitech	250000.00	5	1250000.00	1639	drg. Ajeng Tamba, S.Farm	Gg. Siliwangi No. 7\nPariaman, JT 45107	+62 (47) 532-4395	2025-07-09	1250000.00	Store Sale
2724	2026-05-22	3	Mouse Logitech	250000.00	3	750000.00	646	Mitra Mulyani	Jalan Surapati No. 0\nMojokerto, RI 59369	+62 (13) 296-8870	2026-05-22	750000.00	Online Transaction
2733	2025-07-12	3	Mouse Logitech	250000.00	8	2000000.00	1052	Mulyanto Pradipta	Jalan Sukabumi No. 311\nSawahlunto, Lampung 23937	(0475) 705 8424	2025-07-12	2000000.00	Customer Purchase
2736	2026-06-13	3	Mouse Logitech	250000.00	6	1500000.00	737	Emong Prasetya	Gg. H.J Maemunah No. 13\nPurwokerto, BB 48418	+62 (059) 322-1760	2026-06-13	1500000.00	Online Transaction
2742	2026-03-22	3	Mouse Logitech	250000.00	5	1250000.00	1800	Pia Agustina	Jl. Raya Setiabudhi No. 011\nBatam, Nusa Tenggara Timur 61150	089 887 3949	2026-03-22	1250000.00	Product Sale
2744	2026-02-28	3	Mouse Logitech	250000.00	6	1500000.00	1298	Gada Marbun, S.Farm	Gg. Rajiman No. 4\nBengkulu, KR 52986	+62-039-696-0689	2026-02-28	1500000.00	Customer Purchase
2745	2025-11-23	3	Mouse Logitech	250000.00	10	2500000.00	1485	Zalindra Riyanti	Jl. Ahmad Yani No. 56\nKota Administrasi Jakarta Utara, Sulawesi Tengah 22180	(011) 601-3969	2025-11-23	2500000.00	Product Sale
2746	2025-08-10	3	Mouse Logitech	250000.00	9	2250000.00	668	drg. Iriana Damanik, M.Pd	Jl. Rumah Sakit No. 5\nBengkulu, JK 63765	+62-088-811-6326	2025-08-10	2250000.00	Store Sale
2762	2025-08-20	3	Mouse Logitech	250000.00	2	500000.00	1917	Rahayu Uyainah	NULL	0840168563	2025-08-20	500000.00	Online Transaction
2772	2026-07-04	3	Mouse Logitech	250000.00	2	500000.00	917	Rahayu Uyainah	NULL	0840168563	2026-07-04	500000.00	Customer Purchase
2777	2026-05-07	3	Mouse Logitech	250000.00	10	2500000.00	644	Pardi Prastuti	Gang Moch. Ramdan No. 52\nProbolinggo, PA 96133	+62 (971) 581 8057	2026-05-07	2500000.00	Product Sale
2778	2025-11-29	3	Mouse Logitech	250000.00	4	1000000.00	1020	Dodo Januar	Jl. Ir. H. Djuanda No. 3\nJambi, Kepulauan Bangka Belitung 01230	+62 (00) 266 9602	2025-11-29	1000000.00	Customer Purchase
2783	2025-11-02	3	Mouse Logitech	250000.00	3	750000.00	1543	Jail Napitupulu	Gg. BKR No. 9\nKupang, Sulawesi Selatan 99137	+62 (993) 794-6627	2025-11-02	750000.00	Online Transaction
2787	2025-08-03	3	Mouse Logitech	250000.00	5	1250000.00	1450	Keisha Hakim	Jl. Ronggowarsito No. 690\nKendari, JK 98415	0801051621	2025-08-03	1250000.00	Store Sale
2789	2026-02-23	3	Mouse Logitech	250000.00	10	2500000.00	582	Bakidin Aryani	Jl. M.H Thamrin No. 877\nTanjungpinang, JT 06726	+62 (92) 483 6706	2026-02-23	2500000.00	Online Transaction
2791	2026-06-09	3	Mouse Logitech	250000.00	6	1500000.00	921	Paramita Hardiansyah	Gg. HOS. Cokroaminoto No. 998\nLubuklinggau, Papua 53855	+62 (548) 722-7000	2026-06-09	1500000.00	Customer Purchase
2793	2026-03-06	3	Mouse Logitech	250000.00	8	2000000.00	674	Murti Dongoran	Jl. Jayawijaya No. 9\nSungai Penuh, DKI Jakarta 42365	+62 (583) 793-2038	2026-03-06	2000000.00	Online Transaction
2796	2025-11-07	3	Mouse Logitech	250000.00	2	500000.00	1921	Paramita Hardiansyah	Gg. HOS. Cokroaminoto No. 998\nLubuklinggau, Papua 53855	+62 (548) 722-7000	2025-11-07	500000.00	Online Transaction
2805	2025-12-18	3	Mouse Logitech	250000.00	9	2250000.00	402	Radit Zulaika	Gang Kutai No. 6\nSibolga, Jambi 68745	+62 (055) 597 0474	2025-12-18	2250000.00	Customer Purchase
2811	2026-03-17	3	Mouse Logitech	250000.00	4	1000000.00	635	Martaka Wastuti	Jalan Waringin No. 881\nPadangpanjang, AC 16646	+62 (476) 191 6515	2026-03-17	1000000.00	Store Sale
2813	2026-03-11	3	Mouse Logitech	250000.00	4	1000000.00	1245	Drs. Qori Zulkarnain	Jalan Rungkut Industri No. 5\nDenpasar, Jambi 83943	+62-82-592-3041	2026-03-11	1000000.00	Product Sale
2816	2025-12-28	3	Mouse Logitech	250000.00	1	250000.00	1077	Soleh Habibi	Gang Dr. Djunjunan No. 6\nSalatiga, Kalimantan Tengah 09503	+62 (86) 719-5967	2025-12-28	250000.00	Store Sale
2818	2026-04-03	3	Mouse Logitech	250000.00	2	500000.00	1887	Ir. Raisa Halim, M.Pd	Gang Cikapayang No. 748\nPrabumulih, JB 38157	(098) 485-1228	2026-04-03	500000.00	Online Transaction
2820	2025-12-05	3	Mouse Logitech	250000.00	8	2000000.00	1199	Nadia Permadi, S.E.	Gang Sadang Serang No. 188\nLhokseumawe, Jawa Barat 92758	+62 (97) 750-1340	2025-12-05	2000000.00	Store Sale
2839	2025-08-25	3	Mouse Logitech	250000.00	7	1750000.00	1276	Gatot Thamrin	Jl. Jend. A. Yani No. 532\nSurabaya, Jawa Tengah 59080	+62 (77) 476 0804	2025-08-25	1750000.00	Store Sale
2841	2026-05-29	3	Mouse Logitech	250000.00	9	2250000.00	465	Raden Hartati	Jl. Erlangga No. 510\nMadiun, KR 62792	+62 (776) 386-7599	2026-05-29	2250000.00	Product Sale
2846	2025-12-05	3	Mouse Logitech	250000.00	8	2000000.00	1967	Nabila Hutasoit	Jl. BKR No. 99\nParepare, SU 23709	+62 (0338) 830 7790	2025-12-05	2000000.00	Online Transaction
2849	2026-06-30	3	Mouse Logitech	250000.00	5	1250000.00	1068	Drs. Paramita Sitompul, S.Sos	Gang Raya Setiabudhi No. 955\nTanjungpinang, Aceh 72881	(0242) 616 9182	2026-06-30	1250000.00	Store Sale
2854	2025-11-05	3	Mouse Logitech	250000.00	7	1750000.00	792	Tami Handayani, S.Pt	Jl. Rumah Sakit No. 9\nPalu, JT 65913	+62 (117) 796 3152	2025-11-05	1750000.00	Customer Purchase
2860	2025-10-27	3	Mouse Logitech	250000.00	4	1000000.00	95	Laila Firgantoro, S.T.	Jalan S. Parman No. 10\nDenpasar, SN 51301	+62 (909) 390-9838	2025-10-27	1000000.00	Product Sale
2861	2025-07-29	3	Mouse Logitech	250000.00	8	2000000.00	1560	Tgk. Cecep Wijaya, S.Psi	Gg. Ronggowarsito No. 11\nPalopo, LA 86739	+62 (556) 168 4579	2025-07-29	2000000.00	Online Transaction
2868	2026-02-17	3	Mouse Logitech	250000.00	2	500000.00	1585	R. Ega Mardhiyah	Gang Stasiun Wonokromo No. 159\nPadang, YO 91193	+62-881-074-5515	2026-02-17	500000.00	Store Sale
2870	2026-04-09	3	Mouse Logitech	250000.00	3	750000.00	55	Kamidin Prabowo	Jalan Cihampelas No. 42\nPadang Sidempuan, Maluku Utara 41483	+62 (001) 753 0137	2026-04-09	750000.00	Online Transaction
2872	2025-09-03	3	Mouse Logitech	250000.00	10	2500000.00	1842	Nadia Putra, M.TI.	Jl. Rajiman No. 44\nBanjarbaru, SG 40650	0840649824	2025-09-03	2500000.00	Product Sale
2875	2025-10-24	3	Mouse Logitech	250000.00	6	1500000.00	42	Hamima Wasita	Gang Jamika No. 92\nCilegon, Papua 53369	+62 (50) 795 1807	2025-10-24	1500000.00	Product Sale
2876	2025-10-24	3	Mouse Logitech	250000.00	2	500000.00	1530	Anastasia Habibi	Jl. Pasteur No. 20\nSingkawang, Banten 28893	(0182) 842 0402	2025-10-24	500000.00	Customer Purchase
2879	2026-03-11	3	Mouse Logitech	250000.00	4	1000000.00	801	Paiman Nababan	Jl. Merdeka No. 93\nKota Administrasi Jakarta Utara, SG 20392	+62-029-657-6789	2026-03-11	1000000.00	Store Sale
2882	2025-09-07	3	Mouse Logitech	250000.00	3	750000.00	230	Radika Putra	Gg. Joyoboyo No. 249\nCilegon, AC 99869	(000) 251 4782	2025-09-07	750000.00	Customer Purchase
2889	2026-06-01	3	Mouse Logitech	250000.00	4	1000000.00	383	Tri Mayasari	Jl. Peta No. 2\nPadang Sidempuan, Nusa Tenggara Timur 38880	+62-332-520-4496	2026-06-01	1000000.00	Store Sale
2898	2025-07-12	3	Mouse Logitech	250000.00	2	500000.00	1266	Paris Novitasari	Gg. Laswi No. 558\nPariaman, Sulawesi Barat 80817	+62-0717-104-1769	2025-07-12	500000.00	Customer Purchase
2905	2025-10-27	3	Mouse Logitech	250000.00	2	500000.00	290	Olivia Prasetya	Jl. Pacuan Kuda No. 38\nPalembang, Sumatera Selatan 54919	0824022078	2025-10-27	500000.00	Online Transaction
2910	2026-03-06	3	Mouse Logitech	250000.00	5	1250000.00	1818	R. Cemani Budiyanto	Jl. Stasiun Wonokromo No. 8\nBekasi, Jambi 91787	+62-034-721-8150	2026-03-06	1250000.00	Store Sale
2913	2026-06-27	3	Mouse Logitech	250000.00	10	2500000.00	1516	Cawisono Dabukke, S.Gz	Gg. S. Parman No. 18\nDenpasar, Sumatera Barat 93659	(074) 377 1927	2026-06-27	2500000.00	Customer Purchase
2921	2025-12-09	3	Mouse Logitech	250000.00	9	2250000.00	1696	Nadine Nasyidah	Jalan Kendalsari No. 533\nTasikmalaya, SU 88576	(0553) 483-7365	2025-12-09	2250000.00	Customer Purchase
2924	2026-03-10	3	Mouse Logitech	250000.00	3	750000.00	566	Ulya Suwarno	Gang Gegerkalong Hilir No. 093\nPalu, Kepulauan Bangka Belitung 71219	+62 (086) 927-3358	2026-03-10	750000.00	Product Sale
2925	2025-12-07	3	Mouse Logitech	250000.00	8	2000000.00	83	R. Irnanto Hidayanto, S.E.	Gg. PHH. Mustofa No. 2\nKota Administrasi Jakarta Utara, LA 61040	(0497) 631 4208	2025-12-07	2000000.00	Store Sale
2930	2025-09-10	3	Mouse Logitech	250000.00	10	2500000.00	514	dr. Yahya Mangunsong, S.E.	Gang Rajawali Timur No. 5\nTernate, KU 44521	+62-0578-911-8875	2025-09-10	2500000.00	Product Sale
2934	2026-02-02	3	Mouse Logitech	250000.00	1	250000.00	1227	KH. Opan Sirait	Jl. Peta No. 87\nDumai, Kalimantan Utara 07807	+62 (067) 854-8979	2026-02-02	250000.00	Online Transaction
2939	2026-05-31	3	Mouse Logitech	250000.00	5	1250000.00	29	Gaman Anggraini, S.Pt	Gang Joyoboyo No. 1\nKota Administrasi Jakarta Timur, Maluku Utara 58485	+62 (51) 176-7793	2026-05-31	1250000.00	Product Sale
2947	2025-08-18	3	Mouse Logitech	250000.00	4	1000000.00	196	Icha Zulkarnain, M.TI.	Gg. Tubagus Ismail No. 2\nKendari, DKI Jakarta 56682	+62 (0551) 151-6622	2025-08-18	1000000.00	Product Sale
2949	2026-05-27	3	Mouse Logitech	250000.00	8	2000000.00	680	Tgk. Azalea Saragih	Jl. Rajiman No. 516\nTegal, SN 50533	+62 (085) 265 3129	2026-05-27	2000000.00	Customer Purchase
2963	2026-05-14	3	Mouse Logitech	250000.00	5	1250000.00	1306	Gabriella Halimah	Jl. BKR No. 2\nPekanbaru, BE 96954	+62-0987-938-5209	2026-05-14	1250000.00	Product Sale
2965	2025-10-04	3	Mouse Logitech	250000.00	6	1500000.00	254	Ami Maheswara, M.Pd	Gg. KH Amin Jasuta No. 163\nCimahi, KI 96855	(076) 899 5526	2025-10-04	1500000.00	Store Sale
2969	2026-04-03	3	Mouse Logitech	250000.00	7	1750000.00	1690	Darsirah Usada, S.Sos	Gg. K.H. Wahid Hasyim No. 4\nMeulaboh, SR 62337	+62 (062) 346 2914	2026-04-03	1750000.00	Product Sale
2970	2025-07-12	3	Mouse Logitech	250000.00	6	1500000.00	1920	Tgk. Yoga Safitri	Jalan Ahmad Dahlan No. 9\nTebingtinggi, SS 68350	(0130) 693 3172	2025-07-12	1500000.00	Online Transaction
2974	2026-02-04	3	Mouse Logitech	250000.00	5	1250000.00	172	R.M. Praba Pertiwi	Gg. Bangka Raya No. 11\nPadang Sidempuan, MU 43437	+62-496-158-8791	2026-02-04	1250000.00	Customer Purchase
2975	2025-08-21	3	Mouse Logitech	250000.00	5	1250000.00	834	Teddy Thamrin	Jalan Pasirkoja No. 58\nMataram, KI 62247	+62 (0492) 492 3542	2025-08-21	1250000.00	Product Sale
2976	2026-05-08	3	Mouse Logitech	250000.00	7	1750000.00	456	Rangga Purnawati	Gg. Medokan Ayu No. 55\nBima, Sumatera Selatan 72111	+62-73-185-0690	2026-05-08	1750000.00	Product Sale
2987	2026-01-25	3	Mouse Logitech	250000.00	6	1500000.00	1208	Drs. Waluyo Laksmiwati	Jl. Peta No. 450\nBandar Lampung, Jawa Tengah 53376	(082) 512-3249	2026-01-25	1500000.00	Online Transaction
2990	2026-02-01	3	Mouse Logitech	250000.00	3	750000.00	1117	Cakrawangsa Wibisono	Jalan Dipenogoro No. 10\nSerang, AC 73757	(063) 602-3544	2026-02-01	750000.00	Product Sale
2996	2026-03-29	3	Mouse Logitech	250000.00	8	2000000.00	1524	Harsanto Samosir	Gg. PHH. Mustofa No. 86\nTanjungpinang, Nusa Tenggara Timur 22557	(020) 231 5513	2026-03-29	2000000.00	Customer Purchase
2997	2026-03-16	3	Mouse Logitech	250000.00	1	250000.00	903	Puti Amelia Hardiansyah	Gang Soekarno Hatta No. 74\nSamarinda, Papua 56675	0875824233	2026-03-16	250000.00	Online Transaction
2999	2025-08-17	3	Mouse Logitech	250000.00	7	1750000.00	376	Shania Prasetyo	Jl. W.R. Supratman No. 498\nPekanbaru, PB 72481	(0259) 017 5524	2025-08-17	1750000.00	Store Sale
3006	2026-05-09	3	Mouse Logitech	250000.00	3	750000.00	612	H. Mursinin Mansur	Gg. Ir. H. Djuanda No. 7\nLubuklinggau, BB 91673	+62-013-579-0630	2026-05-09	750000.00	Product Sale
3010	2026-06-17	3	Mouse Logitech	250000.00	2	500000.00	798	Dt. Muni Santoso	Gang Ronggowarsito No. 2\nSingkawang, BT 12135	+62-0393-232-2114	2026-06-17	500000.00	Customer Purchase
3011	2026-07-03	3	Mouse Logitech	250000.00	9	2250000.00	910	Jail Agustina	Jl. Suryakencana No. 6\nKota Administrasi Jakarta Selatan, SS 10933	+62 (32) 800-0281	2026-07-03	2250000.00	Product Sale
3017	2026-03-22	3	Mouse Logitech	250000.00	3	750000.00	1093	R.M. Pandu Winarsih, S.H.	Gg. Siliwangi No. 1\nBalikpapan, Jawa Barat 95462	+62 (0079) 940-1539	2026-03-22	750000.00	Online Transaction
3021	2026-05-22	3	Mouse Logitech	250000.00	6	1500000.00	1496	R. Radika Suwarno, S.Psi	Gang Tebet Barat Dalam No. 8\nSabang, Nusa Tenggara Timur 56877	+62-98-604-8655	2026-05-22	1500000.00	Store Sale
3029	2026-02-23	3	Mouse Logitech	250000.00	3	750000.00	366	Cecep Dabukke	Gang M.T Haryono No. 18\nLhokseumawe, BB 95511	(0036) 887-4029	2026-02-23	750000.00	Customer Purchase
3037	2026-02-17	3	Mouse Logitech	250000.00	2	500000.00	1341	R.A. Uli Damanik, M.Kom.	Gang Dipatiukur No. 97\nCilegon, Kalimantan Selatan 61182	+62 (173) 033-7333	2026-02-17	500000.00	Store Sale
3041	2026-06-02	3	Mouse Logitech	250000.00	3	750000.00	1819	Sabri Kusumo	Jalan Gardujati No. 672\nBanjar, SG 92994	(0969) 278 6769	2026-06-02	750000.00	Customer Purchase
3043	2026-01-05	3	Mouse Logitech	250000.00	7	1750000.00	423	Dt. Luluh Yulianti, M.Pd	Jalan Yos Sudarso No. 63\nPalopo, NT 57274	(0830) 692 9316	2026-01-05	1750000.00	Online Transaction
3047	2026-02-23	3	Mouse Logitech	250000.00	6	1500000.00	1581	Tiara Puspasari	Gg. Moch. Ramdan No. 89\nJambi, AC 29738	(0575) 280 6130	2026-02-23	1500000.00	Customer Purchase
3061	2026-02-12	3	Mouse Logitech	250000.00	8	2000000.00	1445	Dinda Nababan	Jl. Pacuan Kuda No. 5\nBanjarbaru, Jawa Tengah 98257	+62-56-765-2277	2026-02-12	2000000.00	Product Sale
3072	2025-12-05	3	Mouse Logitech	250000.00	1	250000.00	1449	Dt. Darmanto Waskita, S.Kom	Jalan Jend. Sudirman No. 371\nYogyakarta, Maluku Utara 97730	+62 (033) 703-0725	2025-12-05	250000.00	Customer Purchase
3074	2026-02-08	3	Mouse Logitech	250000.00	5	1250000.00	791	Ayu Yuliarti	Jl. Ronggowarsito No. 338\nMedan, Nusa Tenggara Timur 58649	+62-0650-318-5459	2026-02-08	1250000.00	Customer Purchase
3075	2025-11-22	3	Mouse Logitech	250000.00	4	1000000.00	1066	Drs. Belinda Anggriawan	NULL	+62 (24) 915 1414	2025-11-22	1000000.00	Store Sale
3080	2025-12-18	3	Mouse Logitech	250000.00	10	2500000.00	1130	Ir. Estiono Hutapea	Gg. Cikapayang No. 69\nTual, Maluku Utara 88049	+62 (043) 423-9528	2025-12-18	2500000.00	Product Sale
3086	2025-10-18	3	Mouse Logitech	250000.00	7	1750000.00	1499	Putu Nurdiyanti	Gang Rumah Sakit No. 524\nPayakumbuh, Bengkulu 80020	+62 (0034) 683-2325	2025-10-18	1750000.00	Product Sale
3095	2026-03-20	3	Mouse Logitech	250000.00	10	2500000.00	906	Nyoman Winarno	Gang Ahmad Yani No. 380\nParepare, Aceh 39565	(0432) 905 1050	2026-03-20	2500000.00	Product Sale
3096	2026-04-05	3	Mouse Logitech	250000.00	3	750000.00	800	Pia Agustina	Jl. Raya Setiabudhi No. 011\nBatam, Nusa Tenggara Timur 61150	089 887 3949	2026-04-05	750000.00	Customer Purchase
3098	2025-09-10	3	Mouse Logitech	250000.00	9	2250000.00	1420	Karna Prasetya, S.I.Kom	Jalan Gardujati No. 0\nBanjarbaru, Nusa Tenggara Barat 97908	+62-029-380-4691	2025-09-10	2250000.00	Store Sale
3102	2026-05-14	3	Mouse Logitech	250000.00	7	1750000.00	713	R. Xanana Ramadan, S.Psi	Jl. Rajiman No. 7\nPematangsiantar, Bali 29365	+62 (188) 502-4190	2026-05-14	1750000.00	Product Sale
3104	2025-08-04	3	Mouse Logitech	250000.00	1	250000.00	281	Safina Tarihoran	NULL	+62-15-051-0463	2025-08-04	250000.00	Store Sale
3105	2025-11-29	3	Mouse Logitech	250000.00	4	1000000.00	826	Salsabila Uwais	Jl. Asia Afrika No. 9\nMalang, Kalimantan Utara 70385	+62 (0092) 441 5721	2025-11-29	1000000.00	Online Transaction
3112	2026-03-29	3	Mouse Logitech	250000.00	6	1500000.00	1017	Galih Zulkarnain, S.Sos	Jalan Bangka Raya No. 907\nSorong, AC 24262	+62 (0595) 605-3970	2026-03-29	1500000.00	Online Transaction
3114	2026-05-01	3	Mouse Logitech	250000.00	8	2000000.00	1716	R. Bajragin Aryani, S.Kom	Jl. Cempaka No. 990\nBalikpapan, RI 05506	+62 (280) 029-8373	2026-05-01	2000000.00	Online Transaction
3119	2026-05-25	3	Mouse Logitech	250000.00	1	250000.00	1945	Salwa Waskita, M.Ak	Jl. Sadang Serang No. 788\nTanjungbalai, JI 98155	089 973 0056	2026-05-25	250000.00	Store Sale
3124	2025-07-11	3	Mouse Logitech	250000.00	10	2500000.00	1560	Tgk. Cecep Wijaya, S.Psi	Gg. Ronggowarsito No. 11\nPalopo, LA 86739	+62 (556) 168 4579	2025-07-11	2500000.00	Store Sale
3131	2026-04-26	3	Mouse Logitech	250000.00	1	250000.00	1584	Imam Usamah	Jalan Jamika No. 43\nKotamobagu, GO 12310	+62 (089) 893-1109	2026-04-26	250000.00	Customer Purchase
3133	2026-07-03	3	Mouse Logitech	250000.00	4	1000000.00	748	Dr. Ika Haryanti	Gg. Rajawali Timur No. 9\nBengkulu, BB 28405	+62 (96) 255 1669	2026-07-03	1000000.00	Store Sale
3136	2026-04-02	3	Mouse Logitech	250000.00	1	250000.00	1937	T. Kadir Simbolon	Gang Jend. Sudirman No. 548\nPontianak, Sulawesi Tengah 40307	+62-0425-086-2806	2026-04-02	250000.00	Customer Purchase
3143	2026-01-25	3	Mouse Logitech	250000.00	4	1000000.00	1415	Yani Dabukke, S.E.I	Gg. Indragiri No. 585\nLubuklinggau, Sulawesi Barat 53707	+62 (013) 696-6150	2026-01-25	1000000.00	Store Sale
3149	2025-10-28	3	Mouse Logitech	250000.00	10	2500000.00	97	Jais Mangunsong, S.E.I	Gg. H.J Maemunah No. 97\nDenpasar, Kalimantan Timur 04060	+62 (951) 491 3821	2025-10-28	2500000.00	Store Sale
3150	2026-06-14	3	Mouse Logitech	250000.00	6	1500000.00	1280	KH. Mursita Pangestu	Gang S. Parman No. 102\nPekalongan, Bali 94018	+62-99-220-9465	2026-06-14	1500000.00	Online Transaction
3152	2026-05-10	3	Mouse Logitech	250000.00	1	250000.00	1823	Garda Sirait	NULL	+62 (301) 961-6939	2026-05-10	250000.00	Online Transaction
3154	2025-12-22	3	Mouse Logitech	250000.00	7	1750000.00	269	Anggabaya Napitupulu, S.Pt	Gang Joyoboyo No. 43\nKupang, PA 68662	(0068) 377 8636	2025-12-22	1750000.00	Customer Purchase
3155	2025-07-19	3	Mouse Logitech	250000.00	8	2000000.00	1847	Julia Nashiruddin	Jl. Setiabudhi No. 5\nPangkalpinang, DKI Jakarta 65207	(0335) 583 6284	2025-07-19	2000000.00	Customer Purchase
3157	2026-06-15	3	Mouse Logitech	250000.00	9	2250000.00	844	Kajen Pratiwi	Jl. R.E Martadinata No. 8\nBandar Lampung, BE 96828	(0654) 388-3941	2026-06-15	2250000.00	Product Sale
3168	2026-03-30	3	Mouse Logitech	250000.00	1	250000.00	1252	Kamidin Natsir, S.T.	Gg. Ir. H. Djuanda No. 11\nBekasi, PA 93948	+62 (489) 257 8577	2026-03-30	250000.00	Customer Purchase
3170	2026-05-21	3	Mouse Logitech	250000.00	3	750000.00	1169	Purwadi Waskita	Jalan Kiaracondong No. 1\nParepare, Riau 24340	(016) 886 1328	2026-05-21	750000.00	Product Sale
3174	2025-12-15	3	Mouse Logitech	250000.00	5	1250000.00	1902	R. Paulin Susanti	Gang Pasir Koja No. 08\nPekalongan, GO 10726	+62 (704) 917 1255	2025-12-15	1250000.00	Customer Purchase
3175	2026-04-29	3	Mouse Logitech	250000.00	9	2250000.00	1852	Akarsana Irawan	Gg. Ahmad Dahlan No. 58\nSabang, Kepulauan Bangka Belitung 85627	084 196 1417	2026-04-29	2250000.00	Product Sale
3177	2026-05-02	3	Mouse Logitech	250000.00	2	500000.00	76	Silvia Hutasoit	NULL	+62-058-785-2227	2026-05-02	500000.00	Customer Purchase
3183	2026-02-18	3	Mouse Logitech	250000.00	3	750000.00	485	Zalindra Riyanti	Jl. Ahmad Yani No. 56\nKota Administrasi Jakarta Utara, Sulawesi Tengah 22180	(011) 601-3969	2026-02-18	750000.00	Online Transaction
3189	2026-01-14	3	Mouse Logitech	250000.00	8	2000000.00	658	Jati Mandala	Gang Cihampelas No. 551\nSurakarta, JI 15764	(0954) 146-6608	2026-01-14	2000000.00	Online Transaction
3190	2025-12-10	3	Mouse Logitech	250000.00	7	1750000.00	1452	Salimah Siregar	Jalan Gedebage Selatan No. 0\nKupang, MU 15491	(055) 393 9511	2025-12-10	1750000.00	Online Transaction
3192	2026-06-27	3	Mouse Logitech	250000.00	10	2500000.00	1207	Edi Budiyanto, S.Ked	Jl. K.H. Wahid Hasyim No. 423\nTernate, JK 36066	(015) 459 0448	2026-06-27	2500000.00	Online Transaction
3195	2026-01-05	3	Mouse Logitech	250000.00	4	1000000.00	1403	Raharja Salahudin, S.H.	Gg. Setiabudhi No. 40\nPalu, KS 22373	+62 (31) 800 9112	2026-01-05	1000000.00	Store Sale
3199	2025-10-18	3	Mouse Logitech	250000.00	8	2000000.00	9	Ana Prasetya	Jl. Astana Anyar No. 936\nDenpasar, KR 34561	+62 (0506) 321-2435	2025-10-18	2000000.00	Online Transaction
3200	2026-05-25	3	Mouse Logitech	250000.00	5	1250000.00	988	Sakura Hidayat	Gang Ciumbuleuit No. 129\nSukabumi, RI 24538	+62-045-419-3523	2026-05-25	1250000.00	Online Transaction
3203	2025-12-14	3	Mouse Logitech	250000.00	9	2250000.00	1166	Jarwa Padmasari	Gang Rajawali Barat No. 2\nPekalongan, Nusa Tenggara Barat 76315	0856982890	2025-12-14	2250000.00	Online Transaction
3217	2026-07-08	3	Mouse Logitech	250000.00	10	2500000.00	271	Drs. Natalia Widodo	Jl. Asia Afrika No. 5\nTual, SB 81243	+62 (517) 047-5388	2026-07-08	2500000.00	Online Transaction
3219	2026-02-01	3	Mouse Logitech	250000.00	4	1000000.00	328	Vera Hakim	Jl. Rumah Sakit No. 73\nMeulaboh, DKI Jakarta 35174	0882182500	2026-02-01	1000000.00	Store Sale
3220	2026-03-20	3	Mouse Logitech	250000.00	6	1500000.00	931	Cemplunk Mandasari, S.H.	Gg. Antapani Lama No. 02\nLangsa, NT 32139	+62-0333-421-6537	2026-03-20	1500000.00	Customer Purchase
3227	2025-11-01	3	Mouse Logitech	250000.00	5	1250000.00	678	Surya Halim	Jalan Rajawali Timur No. 094\nBinjai, BA 05451	(0335) 314 3841	2025-11-01	1250000.00	Product Sale
3229	2026-06-06	3	Mouse Logitech	250000.00	3	750000.00	1290	Olivia Prasetya	Jl. Pacuan Kuda No. 38\nPalembang, Sumatera Selatan 54919	0824022078	2026-06-06	750000.00	Store Sale
3232	2025-09-28	3	Mouse Logitech	250000.00	7	1750000.00	1110	Paris Novitasari	Gang Suryakencana No. 938\nTarakan, Kalimantan Utara 94751	(0013) 110 1343	2025-09-28	1750000.00	Product Sale
3235	2025-10-06	3	Mouse Logitech	250000.00	7	1750000.00	274	Dalima Natsir	Gg. Waringin No. 164\nMalang, Kepulauan Bangka Belitung 62903	+62 (0130) 575 9023	2025-10-06	1750000.00	Customer Purchase
3241	2026-03-05	3	Mouse Logitech	250000.00	5	1250000.00	409	Dr. Ganjaran Salahudin, M.Ak	Gg. Indragiri No. 454\nPekalongan, Sulawesi Tenggara 43387	+62 (063) 729-8828	2026-03-05	1250000.00	Customer Purchase
3242	2025-11-26	3	Mouse Logitech	250000.00	3	750000.00	1951	H. Mursinin Mansur	Gg. Rawamangun No. 03\nBukittinggi, Kalimantan Tengah 36830	+62 (0338) 117 8887	2025-11-26	750000.00	Online Transaction
3249	2025-11-08	3	Mouse Logitech	250000.00	9	2250000.00	689	Taufik Mustofa	Jalan Ciumbuleuit No. 9\nBanjarbaru, SS 93677	(056) 097 8693	2025-11-08	2250000.00	Customer Purchase
3251	2026-06-02	3	Mouse Logitech	250000.00	2	500000.00	737	Emong Prasetya	Gg. H.J Maemunah No. 13\nPurwokerto, BB 48418	+62 (059) 322-1760	2026-06-02	500000.00	Customer Purchase
3254	2025-12-24	3	Mouse Logitech	250000.00	5	1250000.00	727	T. Saiful Iswahyudi, S.I.Kom	Jl. Stasiun Wonokromo No. 4\nKota Administrasi Jakarta Selatan, RI 71323	(040) 103-6833	2025-12-24	1250000.00	Customer Purchase
3266	2026-04-16	3	Mouse Logitech	250000.00	6	1500000.00	742	R. Maria Winarsih, S.Farm	NULL	087 966 0106	2026-04-16	1500000.00	Product Sale
3285	2025-12-16	3	Mouse Logitech	250000.00	3	750000.00	987	Argono Farida	Gang Jayawijaya No. 1\nSerang, KU 46498	+62-0564-137-3572	2025-12-16	750000.00	Store Sale
3292	2025-07-18	3	Mouse Logitech	250000.00	6	1500000.00	299	Fathonah Thamrin	Jalan Kendalsari No. 4\nSurabaya, BE 64253	+62 (0218) 794 2540	2025-07-18	1500000.00	Product Sale
3293	2025-08-15	3	Mouse Logitech	250000.00	1	250000.00	76	Silvia Hutasoit	NULL	+62-058-785-2227	2025-08-15	250000.00	Customer Purchase
3300	2026-02-16	3	Mouse Logitech	250000.00	3	750000.00	724	Wawan Mulyani	Gg. Ciumbuleuit No. 88\nPekanbaru, Maluku Utara 94768	+62-093-301-8679	2026-02-16	750000.00	Store Sale
3305	2025-11-10	3	Mouse Logitech	250000.00	6	1500000.00	963	Drs. Ega Jailani	Gang Rumah Sakit No. 21\nSurakarta, Banten 94966	+62 (61) 719 2666	2025-11-10	1500000.00	Store Sale
3319	2025-10-11	3	Mouse Logitech	250000.00	1	250000.00	862	drg. Naradi Hidayanto, S.Sos	Gg. Erlangga No. 9\nMedan, Sulawesi Utara 33443	+62 (055) 883-7617	2025-10-11	250000.00	Store Sale
3321	2025-12-05	3	Mouse Logitech	250000.00	7	1750000.00	327	Lanjar Siregar	Jalan Bangka Raya No. 334\nKupang, Aceh 25470	(0459) 439 1874	2025-12-05	1750000.00	Online Transaction
3329	2025-08-16	3	Mouse Logitech	250000.00	7	1750000.00	845	Gamanto Mayasari	Gg. Rajawali Timur No. 526\nMedan, MU 65008	(0223) 923-0931	2025-08-16	1750000.00	Customer Purchase
3334	2026-06-13	3	Mouse Logitech	250000.00	2	500000.00	1100	Gasti Dongoran	Gg. Setiabudhi No. 48\nTegal, LA 18235	089 720 9468	2026-06-13	500000.00	Store Sale
3337	2026-03-10	3	Mouse Logitech	250000.00	7	1750000.00	1024	Erik Susanti	Gang Dr. Djunjunan No. 73\nMalang, KB 31983	+62 (22) 012-0041	2026-03-10	1750000.00	Online Transaction
3338	2025-08-31	3	Mouse Logitech	250000.00	3	750000.00	1056	Drs. Hartaka Kuswandari	Jl. Pasteur No. 772\nKota Administrasi Jakarta Utara, Sulawesi Barat 49141	(0738) 934 1414	2025-08-31	750000.00	Online Transaction
3341	2026-03-11	3	Mouse Logitech	250000.00	10	2500000.00	518	Kenes Wasita	Jalan Abdul Muis No. 733\nSubulussalam, DKI Jakarta 38357	(0917) 577 5286	2026-03-11	2500000.00	Customer Purchase
3351	2026-01-21	3	Mouse Logitech	250000.00	4	1000000.00	1538	Paris Anggraini	Jl. Astana Anyar No. 5\nAmbon, Banten 58048	(0710) 990-7526	2026-01-21	1000000.00	Customer Purchase
3356	2025-10-20	3	Mouse Logitech	250000.00	2	500000.00	1419	Tgk. Novi Saefullah, M.Kom.	Jl. Gegerkalong Hilir No. 953\nPalangkaraya, SR 91647	(040) 432-7170	2025-10-20	500000.00	Customer Purchase
3359	2025-11-07	3	Mouse Logitech	250000.00	10	2500000.00	1700	Dr. Violet Wijayanti	Gang W.R. Supratman No. 99\nSurakarta, Bengkulu 67666	+62-071-923-0802	2025-11-07	2500000.00	Product Sale
3361	2026-05-25	3	Mouse Logitech	250000.00	1	250000.00	1256	drg. Kamaria Wahyuni, S.E.I	Jl. Moch. Toha No. 50\nKota Administrasi Jakarta Pusat, Gorontalo 37675	+62 (0756) 416-2231	2026-05-25	250000.00	Online Transaction
3366	2026-05-03	3	Mouse Logitech	250000.00	10	2500000.00	1128	Septi Maryati	NULL	+62-078-853-5787	2026-05-03	2500000.00	Store Sale
3367	2025-08-19	3	Mouse Logitech	250000.00	10	2500000.00	7	R. Eman Mayasari, S.Sos	Jalan Pacuan Kuda No. 055\nMojokerto, Kalimantan Barat 98368	(051) 173-9932	2025-08-19	2500000.00	Customer Purchase
3371	2025-08-25	3	Mouse Logitech	250000.00	9	2250000.00	505	Sabrina Natsir	Gg. Dipenogoro No. 77\nBanjar, LA 79422	+62 (08) 518-8480	2025-08-25	2250000.00	Customer Purchase
3376	2026-05-18	3	Mouse Logitech	250000.00	8	2000000.00	1616	Hj. Rahayu Suartini	Jalan Medokan Ayu No. 7\nJambi, SS 54038	+62 (27) 246-5718	2026-05-18	2000000.00	Customer Purchase
3394	2026-05-21	3	Mouse Logitech	250000.00	10	2500000.00	1948	Ade Maryati	Jalan Jamika No. 956\nBengkulu, Sumatera Selatan 75538	082 191 2779	2026-05-21	2500000.00	Customer Purchase
3401	2025-12-21	3	Mouse Logitech	250000.00	8	2000000.00	1544	Hj. Rahmi Gunawan, S.E.I	Gg. M.H Thamrin No. 219\nKendari, BT 50002	+62 (968) 214-3067	2025-12-21	2000000.00	Online Transaction
3406	2025-07-28	3	Mouse Logitech	250000.00	9	2250000.00	401	Lurhur Mayasari	Gang Rajiman No. 734\nBukittinggi, Sumatera Utara 43478	0827864043	2025-07-28	2250000.00	Customer Purchase
3411	2025-07-30	3	Mouse Logitech	250000.00	7	1750000.00	1739	Paiman Saefullah, S.Farm	Jalan Ronggowarsito No. 1\nBukittinggi, Kalimantan Utara 21123	(065) 764 0567	2025-07-30	1750000.00	Online Transaction
3420	2025-10-10	3	Mouse Logitech	250000.00	1	250000.00	97	Jais Mangunsong, S.E.I	Gg. H.J Maemunah No. 97\nDenpasar, Kalimantan Timur 04060	+62 (951) 491 3821	2025-10-10	250000.00	Product Sale
3421	2026-03-13	3	Mouse Logitech	250000.00	10	2500000.00	96	Citra Mardhiyah	Gg. Jayawijaya No. 46\nKediri, JB 64840	(0312) 397 0262	2026-03-13	2500000.00	Online Transaction
3424	2025-12-10	3	Mouse Logitech	250000.00	2	500000.00	663	Hafshah Sitompul, S.E.	Gg. Kebonjati No. 935\nPangkalpinang, Kalimantan Timur 06073	+62 (021) 433 1812	2025-12-10	500000.00	Product Sale
3433	2026-04-02	3	Mouse Logitech	250000.00	8	2000000.00	663	Hafshah Sitompul, S.E.	Gg. Kebonjati No. 935\nPangkalpinang, Kalimantan Timur 06073	+62 (021) 433 1812	2026-04-02	2000000.00	Store Sale
3436	2026-02-06	3	Mouse Logitech	250000.00	4	1000000.00	608	Satya Nashiruddin	NULL	+62 (65) 315 7643	2026-02-06	1000000.00	Online Transaction
3445	2025-11-05	3	Mouse Logitech	250000.00	10	2500000.00	1707	Mursinin Saptono	Gg. K.H. Wahid Hasyim No. 66\nMagelang, SU 36806	+62-650-587-8589	2025-11-05	2500000.00	Product Sale
3446	2026-02-03	3	Mouse Logitech	250000.00	8	2000000.00	74	Raina Pertiwi, M.M.	Gang Tubagus Ismail No. 86\nBima, SS 80257	+62-060-932-8291	2026-02-03	2000000.00	Product Sale
3447	2026-01-22	3	Mouse Logitech	250000.00	4	1000000.00	1389	Ir. Halim Laksmiwati	Gg. Kendalsari No. 48\nKotamobagu, MA 56464	+62-004-675-8017	2026-01-22	1000000.00	Online Transaction
3449	2026-02-06	3	Mouse Logitech	250000.00	5	1250000.00	917	Rahayu Uyainah	NULL	0840168563	2026-02-06	1250000.00	Customer Purchase
3472	2025-09-07	3	Mouse Logitech	250000.00	6	1500000.00	154	Makuta Sihotang	Gang Jend. Sudirman No. 912\nMeulaboh, YO 43532	0895216617	2025-09-07	1500000.00	Product Sale
3473	2025-09-27	3	Mouse Logitech	250000.00	10	2500000.00	231	Puti Yessi Padmasari, S.E.I	Jl. Pacuan Kuda No. 693\nLhokseumawe, Sumatera Barat 14490	+62-072-663-0316	2025-09-27	2500000.00	Customer Purchase
3477	2025-11-25	3	Mouse Logitech	250000.00	1	250000.00	1797	Wani Wasita, M.Ak	Jl. Jend. A. Yani No. 68\nMagelang, BT 66701	+62 (0484) 555-1577	2025-11-25	250000.00	Store Sale
3481	2026-03-31	3	Mouse Logitech	250000.00	4	1000000.00	728	Bella Wibisono	Gang Cikutra Timur No. 37\nTangerang Selatan, Sumatera Utara 40246	+62 (029) 580 5197	2026-03-31	1000000.00	Product Sale
3486	2025-08-14	3	Mouse Logitech	250000.00	6	1500000.00	1041	Dewi Pangestu	Gang Pacuan Kuda No. 58\nTual, RI 81051	+62 (0484) 286 7416	2025-08-14	1500000.00	Store Sale
3492	2026-01-06	3	Mouse Logitech	250000.00	8	2000000.00	232	R. Yosef Prasetya	Gang Jamika No. 9\nBlitar, Sulawesi Barat 38273	+62 (039) 811-3376	2026-01-06	2000000.00	Customer Purchase
3494	2026-03-12	3	Mouse Logitech	250000.00	2	500000.00	1826	Salsabila Uwais	Jl. Asia Afrika No. 9\nMalang, Kalimantan Utara 70385	+62 (0092) 441 5721	2026-03-12	500000.00	Online Transaction
3497	2025-11-06	3	Mouse Logitech	250000.00	10	2500000.00	780	Kasiyah Wahyuni	Jalan Cihampelas No. 3\nYogyakarta, KS 19993	+62-36-806-9251	2025-11-06	2500000.00	Store Sale
3502	2026-04-18	3	Mouse Logitech	250000.00	10	2500000.00	712	Sabrina Narpati	Gang Jayawijaya No. 4\nSabang, BA 47897	+62 (0915) 691-7342	2026-04-18	2500000.00	Product Sale
3507	2026-03-29	3	Mouse Logitech	250000.00	4	1000000.00	357	Ir. Ganjaran Manullang	Gang Laswi No. 65\nBau-Bau, Kalimantan Timur 19118	(055) 499 2418	2026-03-29	1000000.00	Customer Purchase
3513	2025-09-14	3	Mouse Logitech	250000.00	4	1000000.00	997	Hana Megantara	Jl. Astana Anyar No. 492\nSemarang, BT 09828	+62 (0024) 486 4176	2025-09-14	1000000.00	Online Transaction
3518	2026-06-05	3	Mouse Logitech	250000.00	9	2250000.00	1390	Icha Irawan	Jl. Ronggowarsito No. 6\nSibolga, Kalimantan Tengah 17563	084 295 7851	2026-06-05	2250000.00	Product Sale
3520	2026-05-07	3	Mouse Logitech	250000.00	3	750000.00	1815	Zulfa Aryani	Jalan Astana Anyar No. 5\nBanda Aceh, ST 26108	+62 (689) 361 6477	2026-05-07	750000.00	Store Sale
3527	2025-07-15	3	Mouse Logitech	250000.00	7	1750000.00	712	Sabrina Narpati	Gang Jayawijaya No. 4\nSabang, BA 47897	+62 (0915) 691-7342	2025-07-15	1750000.00	Store Sale
3545	2025-12-30	3	Mouse Logitech	250000.00	9	2250000.00	740	Tgk. Legawa Damanik, M.Ak	Gang Cihampelas No. 835\nKota Administrasi Jakarta Selatan, Lampung 04267	(0575) 803 5858	2025-12-30	2250000.00	Customer Purchase
3549	2026-02-13	3	Mouse Logitech	250000.00	7	1750000.00	1807	KH. Maryanto Suryono, M.Pd	Gang Astana Anyar No. 47\nDepok, BE 68634	(0216) 168-9688	2026-02-13	1750000.00	Customer Purchase
3556	2025-11-18	3	Mouse Logitech	250000.00	4	1000000.00	828	Pranata Permadi	Gg. R.E Martadinata No. 64\nBima, Sulawesi Utara 69982	+62 (0035) 732 6303	2025-11-18	1000000.00	Online Transaction
3568	2026-01-24	3	Mouse Logitech	250000.00	6	1500000.00	1954	Belinda Salahudin	Gang Yos Sudarso No. 5\nSabang, Aceh 20634	+62 (048) 299 9185	2026-01-24	1500000.00	Product Sale
3576	2026-04-23	3	Mouse Logitech	250000.00	8	2000000.00	76	Silvia Hutasoit	NULL	+62-058-785-2227	2026-04-23	2000000.00	Store Sale
3587	2025-09-12	3	Mouse Logitech	250000.00	8	2000000.00	985	Ciaobella Zulaika, S.Pd	Gg. Yos Sudarso No. 377\nMetro, LA 67031	+62 (88) 444 6958	2025-09-12	2000000.00	Product Sale
3594	2025-08-14	3	Mouse Logitech	250000.00	4	1000000.00	48	Alika Hutapea	Gg. Gardujati No. 4\nBitung, Maluku Utara 30186	(020) 909-8707	2025-08-14	1000000.00	Store Sale
3597	2026-05-20	3	Mouse Logitech	250000.00	9	2250000.00	1499	Putu Nurdiyanti	Gang Rumah Sakit No. 524\nPayakumbuh, Bengkulu 80020	+62 (0034) 683-2325	2026-05-20	2250000.00	Customer Purchase
3614	2026-04-23	3	Mouse Logitech	250000.00	10	2500000.00	121	dr. Dewi Purwanti	Jalan HOS. Cokroaminoto No. 44\nBanjarmasin, Kalimantan Timur 14048	(0661) 916-5988	2026-04-23	2500000.00	Online Transaction
3615	2025-10-25	3	Mouse Logitech	250000.00	4	1000000.00	1899	Gawati Sinaga	Jl. Setiabudhi No. 869\nDumai, Kalimantan Timur 40701	+62 (573) 072 0616	2025-10-25	1000000.00	Product Sale
3624	2026-07-03	3	Mouse Logitech	250000.00	6	1500000.00	360	Adinata Mayasari	Jalan HOS. Cokroaminoto No. 400\nTarakan, NB 69786	+62 (448) 437 0118	2026-07-03	1500000.00	Product Sale
3626	2025-10-26	3	Mouse Logitech	250000.00	2	500000.00	1803	Lintang Hariyah	Jalan Rajiman No. 32\nMeulaboh, Kepulauan Riau 67194	+62 (297) 346-2807	2025-10-26	500000.00	Online Transaction
3630	2025-07-23	3	Mouse Logitech	250000.00	10	2500000.00	1375	Restu Haryanto, S.E.	Gang R.E Martadinata No. 32\nCilegon, Sumatera Selatan 18950	+62 (084) 114-5716	2025-07-23	2500000.00	Store Sale
3644	2026-01-28	3	Mouse Logitech	250000.00	4	1000000.00	155	Parman Dabukke	Jl. M.T Haryono No. 28\nPariaman, SG 55603	080 820 7185	2026-01-28	1000000.00	Store Sale
3648	2025-08-20	3	Mouse Logitech	250000.00	3	750000.00	712	Sabrina Narpati	Gang Jayawijaya No. 4\nSabang, BA 47897	+62 (0915) 691-7342	2025-08-20	750000.00	Store Sale
3650	2025-09-16	3	Mouse Logitech	250000.00	5	1250000.00	609	R. Usman Adriansyah, M.Ak	Jalan Sentot Alibasa No. 2\nBalikpapan, Sumatera Barat 73435	+62 (0628) 875 9244	2025-09-16	1250000.00	Product Sale
3656	2025-11-01	3	Mouse Logitech	250000.00	9	2250000.00	554	Indah Riyanti	Jalan Ahmad Yani No. 2\nPekalongan, MA 98530	+62 (394) 244-0730	2025-11-01	2250000.00	Customer Purchase
3665	2025-09-28	3	Mouse Logitech	250000.00	6	1500000.00	1627	Darmanto Nainggolan	Jl. Kiaracondong No. 944\nPalembang, Papua 42999	+62 (35) 558 4636	2025-09-28	1500000.00	Customer Purchase
3677	2026-04-23	3	Mouse Logitech	250000.00	8	2000000.00	1415	Yani Dabukke, S.E.I	Gg. Indragiri No. 585\nLubuklinggau, Sulawesi Barat 53707	+62 (013) 696-6150	2026-04-23	2000000.00	Store Sale
3683	2025-09-21	3	Mouse Logitech	250000.00	8	2000000.00	835	Prayogo Dongoran, M.M.	Gg. Monginsidi No. 3\nPayakumbuh, Gorontalo 36968	+62 (12) 477 1184	2025-09-21	2000000.00	Online Transaction
3687	2026-06-17	3	Mouse Logitech	250000.00	2	500000.00	765	Dt. Makara Purnawati, M.Kom.	Gg. Cihampelas No. 73\nSukabumi, NT 16028	+62 (009) 607-7933	2026-06-17	500000.00	Product Sale
3693	2025-12-30	3	Mouse Logitech	250000.00	4	1000000.00	1171	Bakidin Nurdiyanti	Jl. Kiaracondong No. 89\nKota Administrasi Jakarta Pusat, JI 94766	0872193735	2025-12-30	1000000.00	Online Transaction
3695	2026-01-29	3	Mouse Logitech	250000.00	7	1750000.00	1384	Iriana Nashiruddin	Gang Gedebage Selatan No. 10\nKota Administrasi Jakarta Utara, JK 17426	+62 (0153) 655 0257	2026-01-29	1750000.00	Product Sale
3699	2026-04-20	3	Mouse Logitech	250000.00	9	2250000.00	1669	Devi Mangunsong	NULL	+62 (023) 934 3836	2026-04-20	2250000.00	Customer Purchase
3702	2026-01-14	3	Mouse Logitech	250000.00	10	2500000.00	1280	KH. Mursita Pangestu	Gang S. Parman No. 102\nPekalongan, Bali 94018	+62-99-220-9465	2026-01-14	2500000.00	Product Sale
3706	2026-03-30	3	Mouse Logitech	250000.00	8	2000000.00	283	Asmadi Gunawan	Jl. Jamika No. 75\nManado, SB 11511	087 673 8996	2026-03-30	2000000.00	Store Sale
3709	2026-04-20	3	Mouse Logitech	250000.00	4	1000000.00	1908	Intan Irawan, M.Farm	Gg. Dipatiukur No. 93\nPalangkaraya, Banten 30391	+62-87-707-7866	2026-04-20	1000000.00	Online Transaction
3716	2026-03-22	3	Mouse Logitech	250000.00	4	1000000.00	302	Bagya Tarihoran	Gg. Rungkut Industri No. 09\nBanjar, BE 39599	+62 (0399) 619-2520	2026-03-22	1000000.00	Online Transaction
3718	2025-09-09	3	Mouse Logitech	250000.00	2	500000.00	1367	Laksana Winarsih	Jl. Cikutra Timur No. 802\nKota Administrasi Jakarta Selatan, BA 27321	+62 (58) 604 1195	2025-09-09	500000.00	Product Sale
3723	2026-04-30	3	Mouse Logitech	250000.00	3	750000.00	513	Galuh Wahyuni	Gang Erlangga No. 47\nKupang, Lampung 87798	+62 (21) 969-8455	2026-04-30	750000.00	Store Sale
3729	2025-11-25	3	Mouse Logitech	250000.00	5	1250000.00	1300	Calista Situmorang	Jalan Erlangga No. 19\nKota Administrasi Jakarta Selatan, NB 30097	(070) 579 8255	2025-11-25	1250000.00	Online Transaction
3732	2025-07-16	3	Mouse Logitech	250000.00	8	2000000.00	984	Dono Ardianto	Gg. Raya Ujungberung No. 9\nBukittinggi, Bali 73021	(070) 109-9455	2025-07-16	2000000.00	Store Sale
3739	2026-04-11	3	Mouse Logitech	250000.00	4	1000000.00	621	Tgk. Slamet Jailani, S.I.Kom	Jalan Monginsidi No. 9\nSabang, KT 11610	+62 (92) 389-6235	2026-04-11	1000000.00	Store Sale
3743	2026-03-22	3	Mouse Logitech	250000.00	6	1500000.00	441	Puji Prasetyo	Jl. Soekarno Hatta No. 443\nPekanbaru, JB 01756	+62-142-409-6983	2026-03-22	1500000.00	Product Sale
3744	2026-01-04	3	Mouse Logitech	250000.00	3	750000.00	1311	Ellis Hardiansyah	Jalan Waringin No. 708\nKota Administrasi Jakarta Selatan, Bali 30280	(0592) 967-0249	2026-01-04	750000.00	Online Transaction
3749	2026-03-17	3	Mouse Logitech	250000.00	3	750000.00	1362	Irma Wacana, M.TI.	Jalan Rajawali Timur No. 2\nPekanbaru, Sumatera Barat 13159	(019) 801 1979	2026-03-17	750000.00	Online Transaction
3750	2026-02-11	3	Mouse Logitech	250000.00	5	1250000.00	333	Ade Santoso	Gang Kutai No. 901\nMakassar, Sulawesi Tenggara 86495	(092) 989-3581	2026-02-11	1250000.00	Store Sale
3762	2025-09-14	3	Mouse Logitech	250000.00	9	2250000.00	1041	Dewi Pangestu	Gang Pacuan Kuda No. 58\nTual, RI 81051	+62 (0484) 286 7416	2025-09-14	2250000.00	Product Sale
3763	2026-05-24	3	Mouse Logitech	250000.00	1	250000.00	1479	Opan Permadi	Jalan Raya Setiabudhi No. 4\nTual, Sulawesi Barat 17471	(074) 257 8346	2026-05-24	250000.00	Product Sale
3764	2025-11-20	3	Mouse Logitech	250000.00	4	1000000.00	548	Tgk. Najam Simbolon	Jalan Sukajadi No. 647\nTarakan, AC 72530	(0555) 963 2042	2025-11-20	1000000.00	Customer Purchase
3768	2026-05-10	3	Mouse Logitech	250000.00	9	2250000.00	476	Rahayu Wahyudin	Gang Gardujati No. 715\nBinjai, KU 97567	+62 (340) 073 9590	2026-05-10	2250000.00	Product Sale
3772	2025-12-17	3	Mouse Logitech	250000.00	8	2000000.00	235	Ozy Usada	Gg. Suryakencana No. 798\nMeulaboh, PB 25729	083 711 8516	2025-12-17	2000000.00	Store Sale
3773	2025-07-26	3	Mouse Logitech	250000.00	6	1500000.00	1648	Harimurti Wastuti	Jalan Ronggowarsito No. 602\nLangsa, KI 65130	+62 (0428) 482 8198	2025-07-26	1500000.00	Customer Purchase
3780	2026-01-28	3	Mouse Logitech	250000.00	9	2250000.00	1693	Viktor Firmansyah	Gang Moch. Toha No. 5\nBitung, NB 63653	+62-262-581-8094	2026-01-28	2250000.00	Customer Purchase
3781	2026-01-15	3	Mouse Logitech	250000.00	4	1000000.00	1030	Genta Prasasta	Gang Tubagus Ismail No. 1\nTasikmalaya, NT 03025	+62-30-468-2355	2026-01-15	1000000.00	Online Transaction
3786	2025-12-27	3	Mouse Logitech	250000.00	4	1000000.00	134	KH. Dariati Purwanti	Gang Pasirkoja No. 8\nBanjar, SB 25038	+62 (014) 109 6596	2025-12-27	1000000.00	Customer Purchase
3787	2025-10-31	3	Mouse Logitech	250000.00	10	2500000.00	1735	Tgk. Yuliana Handayani, S.Kom	Gang Astana Anyar No. 5\nCirebon, Bengkulu 96261	+62 (356) 533 7340	2025-10-31	2500000.00	Product Sale
3788	2026-06-04	3	Mouse Logitech	250000.00	1	250000.00	2002	Cahyo Rahmawati	Jalan Abdul Muis No. 6\nTomohon, Sulawesi Tengah 62936	0826218353	2026-06-04	250000.00	Store Sale
3793	2025-07-23	3	Mouse Logitech	250000.00	7	1750000.00	1500	Prayogo Zulaika, S.Farm	Jalan Cikutra Barat No. 9\nTangerang Selatan, KR 08665	+62 (96) 140 6934	2025-07-23	1750000.00	Product Sale
3801	2026-01-06	3	Mouse Logitech	250000.00	7	1750000.00	1948	Ade Maryati	Jalan Jamika No. 956\nBengkulu, Sumatera Selatan 75538	082 191 2779	2026-01-06	1750000.00	Store Sale
3802	2026-03-09	3	Mouse Logitech	250000.00	3	750000.00	1668	drg. Iriana Damanik, M.Pd	Jl. Rumah Sakit No. 5\nBengkulu, JK 63765	+62-088-811-6326	2026-03-09	750000.00	Online Transaction
3803	2026-05-30	3	Mouse Logitech	250000.00	7	1750000.00	1381	Soleh Padmasari	Gang Pelajar Pejuang No. 00\nDenpasar, BT 17587	+62-411-275-6733	2026-05-30	1750000.00	Store Sale
3805	2026-02-26	3	Mouse Logitech	250000.00	10	2500000.00	1290	Olivia Prasetya	Jl. Pacuan Kuda No. 38\nPalembang, Sumatera Selatan 54919	0824022078	2026-02-26	2500000.00	Online Transaction
3811	2026-02-16	3	Mouse Logitech	250000.00	7	1750000.00	737	Emong Prasetya	Gg. H.J Maemunah No. 13\nPurwokerto, BB 48418	+62 (059) 322-1760	2026-02-16	1750000.00	Store Sale
3816	2026-05-07	3	Mouse Logitech	250000.00	8	2000000.00	1801	Paiman Nababan	Jl. Merdeka No. 93\nKota Administrasi Jakarta Utara, SG 20392	+62-029-657-6789	2026-05-07	2000000.00	Online Transaction
3817	2025-08-26	3	Mouse Logitech	250000.00	4	1000000.00	569	Tantri Wijaya, M.Pd	Gang Laswi No. 6\nMetro, Kalimantan Utara 74513	+62-0812-459-2842	2025-08-26	1000000.00	Store Sale
3820	2026-06-09	3	Mouse Logitech	250000.00	2	500000.00	1544	Hj. Rahmi Gunawan, S.E.I	Gg. M.H Thamrin No. 219\nKendari, BT 50002	+62 (968) 214-3067	2026-06-09	500000.00	Store Sale
3823	2025-09-04	3	Mouse Logitech	250000.00	9	2250000.00	1592	Cut Yunita Budiyanto, S.IP	Jl. K.H. Wahid Hasyim No. 253\nSingkawang, JT 77872	(0077) 476-8213	2025-09-04	2250000.00	Product Sale
3824	2026-05-19	3	Mouse Logitech	250000.00	8	2000000.00	1714	Tgk. Wardi Agustina, S.Gz	Jl. Bangka Raya No. 49\nSingkawang, Bali 99212	+62-696-198-6032	2026-05-19	2000000.00	Customer Purchase
3827	2026-06-14	3	Mouse Logitech	250000.00	6	1500000.00	510	Ridwan Sihotang	Jalan Rumah Sakit No. 4\nPayakumbuh, Gorontalo 09684	(0672) 180-1431	2026-06-14	1500000.00	Customer Purchase
3829	2026-06-28	3	Mouse Logitech	250000.00	8	2000000.00	330	Tgk. Purwa Widiastuti	Jl. Rajiman No. 443\nCilegon, Jambi 99533	(030) 098-0850	2026-06-28	2000000.00	Online Transaction
3831	2026-04-20	3	Mouse Logitech	250000.00	3	750000.00	1441	Puji Prasetyo	Jl. Soekarno Hatta No. 443\nPekanbaru, JB 01756	+62-142-409-6983	2026-04-20	750000.00	Store Sale
3837	2025-10-30	3	Mouse Logitech	250000.00	4	1000000.00	414	Cemani Hasanah	Jalan BKR No. 558\nPagaralam, LA 41858	(015) 641-1722	2025-10-30	1000000.00	Online Transaction
3849	2025-10-20	3	Mouse Logitech	250000.00	9	2250000.00	637	Gambira Utami	Jalan Rumah Sakit No. 6\nMadiun, Sulawesi Utara 90615	+62 (02) 698 9125	2025-10-20	2250000.00	Customer Purchase
3850	2026-03-27	3	Mouse Logitech	250000.00	9	2250000.00	1856	Mila Saputra	Jalan Dipenogoro No. 9\nSamarinda, SB 89816	+62 (0126) 711-2638	2026-03-27	2250000.00	Product Sale
3853	2025-11-16	3	Mouse Logitech	250000.00	9	2250000.00	1853	Nugraha Anggriawan	Gang Gardujati No. 9\nBitung, Maluku Utara 33476	+62 (385) 216 6931	2025-11-16	2250000.00	Customer Purchase
3855	2025-12-03	3	Mouse Logitech	250000.00	2	500000.00	482	Galur Pertiwi	Jalan R.E Martadinata No. 52\nSalatiga, Kepulauan Riau 89603	+62-098-116-8158	2025-12-03	500000.00	Online Transaction
3862	2025-08-27	3	Mouse Logitech	250000.00	7	1750000.00	200	Tiara Firmansyah	Jl. Jend. A. Yani No. 4\nBanjarmasin, SB 94905	+62 (959) 080 3623	2025-08-27	1750000.00	Customer Purchase
3868	2025-07-20	3	Mouse Logitech	250000.00	10	2500000.00	1760	Eva Pratama	Jalan Pasirkoja No. 528\nTomohon, MA 80010	+62 (086) 635 1324	2025-07-20	2500000.00	Customer Purchase
3869	2026-03-28	3	Mouse Logitech	250000.00	1	250000.00	1304	Ridwan Sinaga	Jl. Bangka Raya No. 93\nMagelang, Sulawesi Barat 30607	+62-709-127-3792	2026-03-28	250000.00	Customer Purchase
3874	2025-12-31	3	Mouse Logitech	250000.00	2	500000.00	1369	Okto Saragih	Jalan Sukabumi No. 85\nBinjai, JA 61246	(047) 823 6480	2025-12-31	500000.00	Online Transaction
3887	2025-08-03	3	Mouse Logitech	250000.00	5	1250000.00	1658	Jati Mandala	Gang Cihampelas No. 551\nSurakarta, JI 15764	(0954) 146-6608	2025-08-03	1250000.00	Product Sale
3889	2026-05-06	3	Mouse Logitech	250000.00	3	750000.00	1066	Drs. Belinda Anggriawan	NULL	+62 (24) 915 1414	2026-05-06	750000.00	Store Sale
3891	2025-08-21	3	Mouse Logitech	250000.00	3	750000.00	597	Najwa Saefullah, S.Ked	Jalan Veteran No. 5\nPekanbaru, Papua Barat 35738	+62 (027) 775-8192	2025-08-21	750000.00	Online Transaction
3892	2025-08-29	3	Mouse Logitech	250000.00	5	1250000.00	156	Cici Zulaika	Jl. Rumah Sakit No. 9\nSerang, Banten 71514	086 263 7251	2025-08-29	1250000.00	Store Sale
3900	2026-01-29	3	Mouse Logitech	250000.00	5	1250000.00	914	Johan Mandala	Gg. Siliwangi No. 95\nTarakan, Kalimantan Selatan 03612	+62 (06) 486 3997	2026-01-29	1250000.00	Online Transaction
3910	2025-08-28	3	Mouse Logitech	250000.00	8	2000000.00	1045	Cut Wulan Uyainah, S.Psi	Jalan Moch. Ramdan No. 4\nProbolinggo, LA 61591	082 614 2520	2025-08-28	2000000.00	Online Transaction
3911	2026-02-19	3	Mouse Logitech	250000.00	9	2250000.00	1365	Sadina Thamrin	Gang HOS. Cokroaminoto No. 9\nCimahi, Maluku Utara 08291	+62 (018) 910 9014	2026-02-19	2250000.00	Online Transaction
3919	2026-07-02	3	Mouse Logitech	250000.00	9	2250000.00	1189	Wakiman Dabukke	Jalan Sukabumi No. 528\nDumai, NB 81364	084 428 2839	2026-07-02	2250000.00	Product Sale
3924	2026-02-24	3	Mouse Logitech	250000.00	3	750000.00	1344	Prakosa Hakim	Jl. Sukabumi No. 38\nKota Administrasi Jakarta Pusat, Bali 02291	+62-81-095-0461	2026-02-24	750000.00	Store Sale
3925	2026-01-24	3	Mouse Logitech	250000.00	6	1500000.00	1296	Prayitna Rahayu, S.Sos	Jalan Indragiri No. 26\nTarakan, Jawa Tengah 36129	+62-155-299-8916	2026-01-24	1500000.00	Product Sale
3930	2025-12-06	3	Mouse Logitech	250000.00	1	250000.00	1796	Tasnim Prastuti	Jalan Suniaraja No. 7\nPariaman, Jawa Barat 79096	+62 (330) 096 4365	2025-12-06	250000.00	Customer Purchase
3940	2026-02-15	3	Mouse Logitech	250000.00	2	500000.00	8	Sutan Gamblang Purnawati	Gg. W.R. Supratman No. 588\nSorong, YO 50475	(047) 944 7704	2026-02-15	500000.00	Product Sale
3943	2026-03-08	3	Mouse Logitech	250000.00	4	1000000.00	1105	Paulin Susanti	Jalan K.H. Wahid Hasyim No. 7\nTernate, BT 78667	+62 (67) 882 9594	2026-03-08	1000000.00	Store Sale
3949	2026-05-08	3	Mouse Logitech	250000.00	10	2500000.00	725	Harja Narpati	Jl. Wonoayu No. 0\nBekasi, Nusa Tenggara Timur 98636	+62-0113-355-8191	2026-05-08	2500000.00	Customer Purchase
3953	2025-08-25	3	Mouse Logitech	250000.00	9	2250000.00	1012	Bakti Susanti	Gg. Lembong No. 1\nPayakumbuh, Sulawesi Utara 63352	(098) 372 3898	2025-08-25	2250000.00	Online Transaction
3955	2026-07-01	3	Mouse Logitech	250000.00	5	1250000.00	1953	Tirtayasa Suartini	Jalan KH Amin Jasuta No. 447\nCimahi, SN 00438	+62-481-680-0591	2026-07-01	1250000.00	Online Transaction
3964	2025-10-31	3	Mouse Logitech	250000.00	6	1500000.00	1962	Lala Saptono	Jalan Kutisari Selatan No. 6\nTebingtinggi, NT 73780	+62 (048) 694 6635	2025-10-31	1500000.00	Store Sale
3969	2025-08-14	3	Mouse Logitech	250000.00	1	250000.00	948	Ade Maryati	Jalan Jamika No. 956\nBengkulu, Sumatera Selatan 75538	082 191 2779	2025-08-14	250000.00	Customer Purchase
3971	2025-11-03	3	Mouse Logitech	250000.00	8	2000000.00	1866	Ir. Cinta Tamba	Gang Sukajadi No. 50\nBengkulu, Gorontalo 90647	+62-03-799-5362	2025-11-03	2000000.00	Online Transaction
3976	2025-07-08	3	Mouse Logitech	250000.00	8	2000000.00	1265	Cinthia Kuswoyo	Gg. Raya Setiabudhi No. 113\nKota Administrasi Jakarta Timur, Jawa Timur 42340	+62 (468) 061 8805	2025-07-08	2000000.00	Customer Purchase
3978	2026-06-19	3	Mouse Logitech	250000.00	5	1250000.00	984	Dono Ardianto	Gg. Raya Ujungberung No. 9\nBukittinggi, Bali 73021	(070) 109-9455	2026-06-19	1250000.00	Online Transaction
3980	2026-03-06	3	Mouse Logitech	250000.00	5	1250000.00	1248	Atma Zulkarnain	Jl. Cempaka No. 1\nPalembang, BT 53457	+62-78-614-2379	2026-03-06	1250000.00	Customer Purchase
3987	2026-05-26	3	Mouse Logitech	250000.00	2	500000.00	667	Hendri Prayoga, M.M.	Gang Pasirkoja No. 311\nPayakumbuh, Jawa Tengah 74654	+62 (093) 444-0972	2026-05-26	500000.00	Customer Purchase
3989	2025-11-14	3	Mouse Logitech	250000.00	5	1250000.00	1419	Tgk. Novi Saefullah, M.Kom.	Jl. Gegerkalong Hilir No. 953\nPalangkaraya, SR 91647	(040) 432-7170	2025-11-14	1250000.00	Product Sale
4006	2026-01-26	3	Mouse Logitech	250000.00	8	2000000.00	576	Alika Maryati	Gg. Cihampelas No. 5\nBatam, AC 91201	+62-780-731-9937	2026-01-26	2000000.00	Customer Purchase
4007	2026-01-28	3	Mouse Logitech	250000.00	5	1250000.00	1053	Purwanto Utama	Jalan Jakarta No. 23\nPadangpanjang, BT 02526	+62 (0714) 686-3784	2026-01-28	1250000.00	Online Transaction
4012	2026-06-19	3	Mouse Logitech	250000.00	8	2000000.00	213	Elisa Mahendra	Jl. Cihampelas No. 79\nSabang, Sulawesi Selatan 34062	+62 (0350) 473-8488	2026-06-19	2000000.00	Online Transaction
4015	2025-11-22	3	Mouse Logitech	250000.00	6	1500000.00	1661	Tgk. Estiawan Narpati, S.Kom	Gg. Cempaka No. 8\nTomohon, Sumatera Utara 77420	+62 (072) 134 3712	2025-11-22	1500000.00	Product Sale
4020	2025-07-23	3	Mouse Logitech	250000.00	6	1500000.00	681	Adinata Nainggolan, M.Farm	Gang Gegerkalong Hilir No. 60\nTegal, Riau 60681	088 187 4304	2025-07-23	1500000.00	Customer Purchase
4024	2025-12-06	3	Mouse Logitech	250000.00	6	1500000.00	1956	T. Tasdik Ardianto, S.E.I	Gang Dipatiukur No. 7\nPagaralam, Kalimantan Tengah 28629	+62-093-116-6724	2025-12-06	1500000.00	Customer Purchase
4029	2025-07-29	3	Mouse Logitech	250000.00	7	1750000.00	1050	Bajragin Permadi	Jalan Ir. H. Djuanda No. 3\nSabang, Sulawesi Barat 75188	+62-01-640-6409	2025-07-29	1750000.00	Online Transaction
4030	2025-10-18	3	Mouse Logitech	250000.00	9	2250000.00	1828	Pranata Permadi	Gg. R.E Martadinata No. 64\nBima, Sulawesi Utara 69982	+62 (0035) 732 6303	2025-10-18	2250000.00	Customer Purchase
4032	2026-03-27	3	Mouse Logitech	250000.00	3	750000.00	1839	Iriana Wijayanti	Gang Gegerkalong Hilir No. 33\nBalikpapan, DI Yogyakarta 02460	+62 (0801) 919 2499	2026-03-27	750000.00	Customer Purchase
4052	2026-01-06	3	Mouse Logitech	250000.00	10	2500000.00	1466	Estiono Santoso	Gang Raya Setiabudhi No. 670\nMojokerto, JK 03511	+62 (0701) 708-4570	2026-01-06	2500000.00	Online Transaction
4053	2026-06-06	3	Mouse Logitech	250000.00	3	750000.00	1751	Lili Waskita	Gang Monginsidi No. 728\nSemarang, SG 65034	(0364) 291 3204	2026-06-06	750000.00	Online Transaction
4056	2026-03-14	3	Mouse Logitech	250000.00	9	2250000.00	282	Mujur Prasetyo	Jl. Gardujati No. 496\nPontianak, MA 40422	(054) 127-9921	2026-03-14	2250000.00	Store Sale
4061	2025-12-30	3	Mouse Logitech	250000.00	7	1750000.00	6	Aditya Utami	Jalan Siliwangi No. 1\nBau-Bau, SB 53322	+62 (0281) 802-0729	2025-12-30	1750000.00	Customer Purchase
4066	2026-03-26	3	Mouse Logitech	250000.00	10	2500000.00	767	Indah Siregar	Jalan Tubagus Ismail No. 71\nBanjar, Riau 12570	+62-95-668-2216	2026-03-26	2500000.00	Store Sale
4070	2026-01-02	3	Mouse Logitech	250000.00	9	2250000.00	216	dr. Jati Manullang, S.T.	Jalan Ahmad Dahlan No. 499\nBandung, Nusa Tenggara Barat 49862	(0908) 266-4599	2026-01-02	2250000.00	Product Sale
4075	2025-10-01	3	Mouse Logitech	250000.00	8	2000000.00	68	Drs. Paramita Sitompul, S.Sos	Gang Raya Setiabudhi No. 955\nTanjungpinang, Aceh 72881	(0242) 616 9182	2025-10-01	2000000.00	Store Sale
4087	2025-12-19	3	Mouse Logitech	250000.00	2	500000.00	1260	Nyoman Nurdiyanti	Jl. Kiaracondong No. 52\nSurakarta, PB 19304	(084) 657 3223	2025-12-19	500000.00	Online Transaction
4088	2025-12-08	3	Mouse Logitech	250000.00	8	2000000.00	1073	Cut Winda Hastuti, S.IP	Jl. Cikutra Barat No. 37\nKota Administrasi Jakarta Barat, Sumatera Selatan 72778	+62 (0554) 246 2119	2025-12-08	2000000.00	Customer Purchase
4090	2026-04-14	3	Mouse Logitech	250000.00	10	2500000.00	1591	dr. Lasmanto Hidayat	Gg. Merdeka No. 72\nParepare, Papua Barat 91172	(0233) 845-1633	2026-04-14	2500000.00	Product Sale
4095	2026-06-26	3	Mouse Logitech	250000.00	2	500000.00	1690	Darsirah Usada, S.Sos	Gg. K.H. Wahid Hasyim No. 4\nMeulaboh, SR 62337	+62 (062) 346 2914	2026-06-26	500000.00	Store Sale
4098	2025-11-15	3	Mouse Logitech	250000.00	7	1750000.00	930	Salman Thamrin	Jalan Kutai No. 091\nBatam, Aceh 16878	0873741727	2025-11-15	1750000.00	Online Transaction
4099	2026-02-13	3	Mouse Logitech	250000.00	4	1000000.00	1969	Nova Mansur, S.Ked	Gg. K.H. Wahid Hasyim No. 8\nTernate, SB 92580	+62-23-762-8483	2026-02-13	1000000.00	Store Sale
4103	2025-12-30	3	Mouse Logitech	250000.00	4	1000000.00	42	Hamima Wasita	Gang Jamika No. 92\nCilegon, Papua 53369	+62 (50) 795 1807	2025-12-30	1000000.00	Online Transaction
4113	2026-03-27	3	Mouse Logitech	250000.00	9	2250000.00	1694	Tina Yuniar	Jalan W.R. Supratman No. 7\nKediri, Kepulauan Riau 87093	+62-589-933-4686	2026-03-27	2250000.00	Online Transaction
4117	2026-02-14	3	Mouse Logitech	250000.00	4	1000000.00	717	Tgk. Salwa Puspita	Jalan Otto Iskandardinata No. 575\nBatu, GO 23831	+62 (0034) 579-2321	2026-02-14	1000000.00	Product Sale
4122	2026-02-05	3	Mouse Logitech	250000.00	9	2250000.00	1793	Ajiman Sitorus	Gang Moch. Toha No. 240\nDenpasar, BA 12088	+62-041-149-4811	2026-02-05	2250000.00	Online Transaction
4123	2025-12-09	3	Mouse Logitech	250000.00	9	2250000.00	1877	Oliva Nurdiyanti	Jalan Sadang Serang No. 45\nPekanbaru, SR 41761	089 421 0122	2025-12-09	2250000.00	Store Sale
4128	2026-03-01	3	Mouse Logitech	250000.00	7	1750000.00	1437	Janet Hutasoit	Jalan Gedebage Selatan No. 0\nGorontalo, Aceh 35348	+62 (0850) 970-5962	2026-03-01	1750000.00	Product Sale
4135	2026-03-07	3	Mouse Logitech	250000.00	9	2250000.00	1637	Gambira Utami	Jalan Rumah Sakit No. 6\nMadiun, Sulawesi Utara 90615	+62 (02) 698 9125	2026-03-07	2250000.00	Customer Purchase
4141	2026-04-22	3	Mouse Logitech	250000.00	7	1750000.00	231	Puti Yessi Padmasari, S.E.I	Jl. Pacuan Kuda No. 693\nLhokseumawe, Sumatera Barat 14490	+62-072-663-0316	2026-04-22	1750000.00	Product Sale
4144	2026-04-10	3	Mouse Logitech	250000.00	3	750000.00	1386	Siska Uwais	Gang Raya Ujungberung No. 2\nBitung, Sulawesi Utara 02803	(068) 912 4755	2026-04-10	750000.00	Customer Purchase
4145	2026-04-22	3	Mouse Logitech	250000.00	6	1500000.00	1771	Irnanto Wijaya	Gg. Rajiman No. 925\nPadang Sidempuan, DI Yogyakarta 66931	+62-0543-988-1942	2026-04-22	1500000.00	Customer Purchase
4152	2025-10-01	3	Mouse Logitech	250000.00	6	1500000.00	1906	Nyoman Winarno	Gang Ahmad Yani No. 380\nParepare, Aceh 39565	(0432) 905 1050	2025-10-01	1500000.00	Product Sale
4158	2026-01-27	3	Mouse Logitech	250000.00	9	2250000.00	1203	drg. Kanda Gunawan, M.M.	Gg. Ciwastra No. 35\nPadangpanjang, Kepulauan Bangka Belitung 31936	+62 (0304) 503-2431	2026-01-27	2250000.00	Product Sale
4165	2026-01-31	3	Mouse Logitech	250000.00	1	250000.00	541	Nurul Astuti	Gg. Laswi No. 314\nDenpasar, SR 37661	+62 (77) 589-9159	2026-01-31	250000.00	Customer Purchase
4173	2026-06-28	3	Mouse Logitech	250000.00	10	2500000.00	195	Leo Mandala	Jalan Sentot Alibasa No. 59\nBukittinggi, JK 06747	(033) 106 6448	2026-06-28	2500000.00	Online Transaction
4186	2025-08-01	3	Mouse Logitech	250000.00	5	1250000.00	1712	Sabrina Narpati	Gang Jayawijaya No. 4\nSabang, BA 47897	+62 (0915) 691-7342	2025-08-01	1250000.00	Customer Purchase
4188	2026-02-13	3	Mouse Logitech	250000.00	8	2000000.00	1777	Ellis Saptono	Gang Ciumbuleuit No. 1\nTomohon, Sumatera Barat 46067	+62 (06) 871 5813	2026-02-13	2000000.00	Online Transaction
4197	2025-09-15	3	Mouse Logitech	250000.00	10	2500000.00	438	Harjo Halim	Gang Cikapayang No. 443\nSungai Penuh, ST 44751	(0935) 816-0776	2025-09-15	2500000.00	Product Sale
4201	2026-03-18	3	Mouse Logitech	250000.00	7	1750000.00	1238	Novi Ramadan	Jalan Medokan Ayu No. 33\nSabang, JT 73774	+62-0902-246-0556	2026-03-18	1750000.00	Store Sale
4203	2025-11-14	3	Mouse Logitech	250000.00	4	1000000.00	862	drg. Naradi Hidayanto, S.Sos	Gg. Erlangga No. 9\nMedan, Sulawesi Utara 33443	+62 (055) 883-7617	2025-11-14	1000000.00	Store Sale
4204	2025-12-24	3	Mouse Logitech	250000.00	1	250000.00	1071	R. Michelle Lailasari, S.E.	Gang Gardujati No. 10\nPalembang, Lampung 44149	+62 (207) 583 6836	2025-12-24	250000.00	Customer Purchase
4208	2026-01-16	3	Mouse Logitech	250000.00	5	1250000.00	1390	Icha Irawan	Jl. Ronggowarsito No. 6\nSibolga, Kalimantan Tengah 17563	084 295 7851	2026-01-16	1250000.00	Product Sale
4212	2025-10-12	3	Mouse Logitech	250000.00	4	1000000.00	1170	Daliono Damanik, S.E.	NULL	+62 (27) 797 3571	2025-10-12	1000000.00	Customer Purchase
4216	2025-09-29	3	Mouse Logitech	250000.00	4	1000000.00	1974	R. Yosef Prasetya	Gang Cempaka No. 149\nPalopo, SB 87888	+62 (0635) 686-2408	2025-09-29	1000000.00	Online Transaction
4219	2026-05-29	3	Mouse Logitech	250000.00	6	1500000.00	1227	KH. Opan Sirait	Jl. Peta No. 87\nDumai, Kalimantan Utara 07807	+62 (067) 854-8979	2026-05-29	1500000.00	Store Sale
4221	2026-05-12	3	Mouse Logitech	250000.00	8	2000000.00	402	Radit Zulaika	Gang Kutai No. 6\nSibolga, Jambi 68745	+62 (055) 597 0474	2026-05-12	2000000.00	Online Transaction
4225	2026-02-20	3	Mouse Logitech	250000.00	10	2500000.00	1875	Maida Wibisono	Jalan Monginsidi No. 95\nSibolga, Maluku Utara 54277	080 339 5141	2026-02-20	2500000.00	Customer Purchase
4231	2026-05-31	3	Mouse Logitech	250000.00	9	2250000.00	1826	Salsabila Uwais	Jl. Asia Afrika No. 9\nMalang, Kalimantan Utara 70385	+62 (0092) 441 5721	2026-05-31	2250000.00	Product Sale
4233	2026-07-04	3	Mouse Logitech	250000.00	4	1000000.00	56	Drs. Hartaka Kuswandari	Jl. Pasteur No. 772\nKota Administrasi Jakarta Utara, Sulawesi Barat 49141	(0738) 934 1414	2026-07-04	1000000.00	Store Sale
4240	2026-02-01	3	Mouse Logitech	250000.00	6	1500000.00	1412	Mala Sihotang, S.Ked	Gg. Pacuan Kuda No. 0\nBengkulu, Jawa Barat 21995	+62 (91) 212-4033	2026-02-01	1500000.00	Product Sale
4245	2026-01-24	3	Mouse Logitech	250000.00	10	2500000.00	181	dr. Farah Halimah, S.Pt	Jl. Jend. Sudirman No. 93\nSabang, NT 55968	+62 (04) 500-9113	2026-01-24	2500000.00	Product Sale
4257	2025-11-19	3	Mouse Logitech	250000.00	10	2500000.00	832	Prasetya Wibisono	Gg. Peta No. 135\nPontianak, PB 21464	(073) 607-4068	2025-11-19	2500000.00	Customer Purchase
4266	2025-10-07	3	Mouse Logitech	250000.00	6	1500000.00	130	Ir. Estiono Hutapea	Gg. Cikapayang No. 69\nTual, Maluku Utara 88049	+62 (043) 423-9528	2025-10-07	1500000.00	Online Transaction
4271	2025-08-12	3	Mouse Logitech	250000.00	6	1500000.00	104	R. Yulia Halimah, S.Pd	Gang Ciumbuleuit No. 9\nKota Administrasi Jakarta Timur, YO 32068	+62 (072) 503-5448	2025-08-12	1500000.00	Product Sale
4272	2026-02-11	3	Mouse Logitech	250000.00	2	500000.00	986	dr. Kambali Waskita, M.Pd	Gg. S. Parman No. 0\nSolok, MU 69709	+62-811-402-8937	2026-02-11	500000.00	Customer Purchase
4274	2025-10-06	3	Mouse Logitech	250000.00	9	2250000.00	1665	Najam Wijayanti, M.M.	Jalan Kapten Muslihat No. 2\nTual, Jambi 01452	+62-214-902-5110	2025-10-06	2250000.00	Store Sale
4282	2026-03-19	3	Mouse Logitech	250000.00	3	750000.00	1510	Ridwan Sihotang	Jalan Rumah Sakit No. 4\nPayakumbuh, Gorontalo 09684	(0672) 180-1431	2026-03-19	750000.00	Product Sale
4295	2026-02-15	3	Mouse Logitech	250000.00	4	1000000.00	1753	Jagapati Kuswoyo	NULL	+62 (841) 764-7608	2026-02-15	1000000.00	Online Transaction
4299	2026-01-20	3	Mouse Logitech	250000.00	1	250000.00	970	Dr. Ella Lailasari	Jalan Pacuan Kuda No. 69\nManado, Kepulauan Riau 98842	+62 (126) 956-6147	2026-01-20	250000.00	Online Transaction
4300	2026-04-28	3	Mouse Logitech	250000.00	10	2500000.00	319	Zelda Sinaga	Jl. Kutai No. 2\nBanjarbaru, SB 71187	0884302852	2026-04-28	2500000.00	Product Sale
4304	2025-09-24	3	Mouse Logitech	250000.00	7	1750000.00	427	R. Amalia Hutasoit, M.M.	Jalan Gardujati No. 2\nTernate, Nusa Tenggara Barat 58505	+62 (075) 202-6773	2025-09-24	1750000.00	Customer Purchase
4308	2025-08-18	3	Mouse Logitech	250000.00	5	1250000.00	1194	Irnanto Yuniar, M.Farm	Gg. Sentot Alibasa No. 53\nBanjar, Maluku Utara 08990	+62-35-405-6835	2025-08-18	1250000.00	Customer Purchase
4310	2025-08-04	3	Mouse Logitech	250000.00	3	750000.00	839	Iriana Wijayanti	Gang Gegerkalong Hilir No. 33\nBalikpapan, DI Yogyakarta 02460	+62 (0801) 919 2499	2025-08-04	750000.00	Store Sale
4317	2025-09-23	3	Mouse Logitech	250000.00	5	1250000.00	434	Karimah Prastuti	Jl. KH Amin Jasuta No. 47\nCilegon, KS 97374	(0104) 489-0566	2025-09-23	1250000.00	Customer Purchase
4318	2025-08-29	3	Mouse Logitech	250000.00	4	1000000.00	149	Rizki Saefullah	Gg. Stasiun Wonokromo No. 9\nCirebon, MA 05661	+62 (10) 608-2658	2025-08-29	1000000.00	Product Sale
4320	2025-12-23	3	Mouse Logitech	250000.00	6	1500000.00	1970	Dr. Ella Lailasari	Jalan Pacuan Kuda No. 69\nManado, Kepulauan Riau 98842	+62 (126) 956-6147	2025-12-23	1500000.00	Product Sale
4322	2026-04-04	3	Mouse Logitech	250000.00	6	1500000.00	714	Tgk. Wardi Agustina, S.Gz	Jl. Bangka Raya No. 49\nSingkawang, Bali 99212	+62-696-198-6032	2026-04-04	1500000.00	Product Sale
4323	2026-05-03	3	Mouse Logitech	250000.00	4	1000000.00	34	Tgk. Kariman Budiyanto, M.Farm	Jalan HOS. Cokroaminoto No. 93\nMagelang, Jawa Timur 52537	(074) 361-3628	2026-05-03	1000000.00	Product Sale
4331	2026-05-02	3	Mouse Logitech	250000.00	1	250000.00	968	Perkasa Setiawan	Gang Cikutra Barat No. 122\nPrabumulih, Bali 26258	+62 (713) 077-1380	2026-05-02	250000.00	Customer Purchase
4335	2025-12-13	3	Mouse Logitech	250000.00	6	1500000.00	223	Ratih Lailasari, S.E.	Gg. Jakarta No. 395\nPariaman, Jawa Barat 19328	(008) 460-1584	2025-12-13	1500000.00	Product Sale
4340	2026-02-11	3	Mouse Logitech	250000.00	2	500000.00	1617	Tgk. Lintang Puspasari	Jl. Cikutra Barat No. 087\nSawahlunto, MU 84715	+62 (92) 666 3619	2026-02-11	500000.00	Store Sale
4349	2025-08-03	3	Mouse Logitech	250000.00	6	1500000.00	1992	Cut Gawati Nasyiah	Gang Surapati No. 575\nMetro, SR 44874	+62-058-138-1762	2025-08-03	1500000.00	Customer Purchase
4350	2025-12-09	3	Mouse Logitech	250000.00	10	2500000.00	907	Bagiya Usamah	Gang Cihampelas No. 702\nPrabumulih, SS 13562	(0363) 183 3326	2025-12-09	2500000.00	Online Transaction
4359	2026-04-27	3	Mouse Logitech	250000.00	2	500000.00	870	Zaenab Utama	Jalan K.H. Wahid Hasyim No. 837\nBekasi, Jambi 56157	+62-053-167-4075	2026-04-27	500000.00	Store Sale
4361	2025-07-12	3	Mouse Logitech	250000.00	5	1250000.00	240	drg. Endah Prakasa	Jl. Suryakencana No. 054\nSamarinda, Sumatera Utara 22046	+62 (0773) 881 5398	2025-07-12	1250000.00	Customer Purchase
4362	2026-04-03	3	Mouse Logitech	250000.00	5	1250000.00	1323	Tgk. Dodo Siregar, M.Farm	Gang Ahmad Yani No. 58\nTangerang Selatan, PB 93677	+62 (38) 866 1289	2026-04-03	1250000.00	Store Sale
4375	2026-05-26	3	Mouse Logitech	250000.00	1	250000.00	311	Ellis Hardiansyah	Jalan Waringin No. 708\nKota Administrasi Jakarta Selatan, Bali 30280	(0592) 967-0249	2026-05-26	250000.00	Online Transaction
4378	2025-12-14	3	Mouse Logitech	250000.00	5	1250000.00	148	Artanto Sitorus	Gang Jend. Sudirman No. 61\nSorong, Sulawesi Tenggara 12613	+62 (81) 405-2758	2025-12-14	1250000.00	Store Sale
4383	2025-08-02	3	Mouse Logitech	250000.00	4	1000000.00	1565	Ellis Nashiruddin	Gg. Tebet Barat Dalam No. 13\nPadangpanjang, GO 82772	+62 (817) 642-9517	2025-08-02	1000000.00	Customer Purchase
4384	2026-06-23	3	Mouse Logitech	250000.00	7	1750000.00	187	Mahfud Maulana	Jl. Kiaracondong No. 868\nPurwokerto, NB 04028	+62 (020) 484 2760	2026-06-23	1750000.00	Online Transaction
4398	2026-01-16	3	Mouse Logitech	250000.00	8	2000000.00	884	Maria Tarihoran	Gang Rawamangun No. 8\nBinjai, Kalimantan Selatan 78514	+62 (047) 216 2335	2026-01-16	2000000.00	Product Sale
4407	2025-10-09	3	Mouse Logitech	250000.00	6	1500000.00	1604	Tami Simanjuntak	NULL	+62 (0535) 457 7112	2025-10-09	1500000.00	Online Transaction
4411	2026-01-05	3	Mouse Logitech	250000.00	6	1500000.00	1772	Saiful Mustofa	Jl. Kendalsari No. 935\nLubuklinggau, Sulawesi Selatan 68947	+62 (0979) 407 1255	2026-01-05	1500000.00	Store Sale
4413	2026-01-13	3	Mouse Logitech	250000.00	9	2250000.00	634	Mala Dabukke	Jalan Abdul Muis No. 09\nPekalongan, Papua Barat 17089	+62-07-269-6440	2026-01-13	2250000.00	Product Sale
4414	2025-12-11	3	Mouse Logitech	250000.00	6	1500000.00	561	Siti Wahyuni	Jalan Rawamangun No. 887\nSamarinda, Sumatera Utara 47664	(041) 780-4876	2025-12-11	1500000.00	Product Sale
4416	2026-05-21	3	Mouse Logitech	250000.00	3	750000.00	580	Ika Wijayanti	Gang Jayawijaya No. 2\nPadang, KS 75449	+62-81-132-6470	2026-05-21	750000.00	Store Sale
4417	2025-10-15	3	Mouse Logitech	250000.00	8	2000000.00	480	Michelle Purnawati	Gang Wonoayu No. 7\nLubuklinggau, Bengkulu 23980	(0483) 153-4109	2025-10-15	2000000.00	Customer Purchase
4420	2026-02-12	3	Mouse Logitech	250000.00	8	2000000.00	1616	Hj. Rahayu Suartini	Jalan Medokan Ayu No. 7\nJambi, SS 54038	+62 (27) 246-5718	2026-02-12	2000000.00	Online Transaction
4421	2026-04-06	3	Mouse Logitech	250000.00	1	250000.00	820	Nadia Waluyo	Jl. H.J Maemunah No. 21\nBatu, ST 15027	+62 (762) 510 3570	2026-04-06	250000.00	Product Sale
4425	2026-01-13	3	Mouse Logitech	250000.00	3	750000.00	489	Kenzie Santoso, S.H.	Jl. Jamika No. 8\nGorontalo, Maluku Utara 81086	+62-678-955-1084	2026-01-13	750000.00	Store Sale
4434	2026-03-23	3	Mouse Logitech	250000.00	10	2500000.00	993	Zelda Gunarto	Gg. Cihampelas No. 4\nBima, KI 18794	+62 (620) 392 1847	2026-03-23	2500000.00	Customer Purchase
4435	2025-12-14	3	Mouse Logitech	250000.00	10	2500000.00	884	Maria Tarihoran	Gang Rawamangun No. 8\nBinjai, Kalimantan Selatan 78514	+62 (047) 216 2335	2025-12-14	2500000.00	Online Transaction
4436	2025-11-08	3	Mouse Logitech	250000.00	4	1000000.00	1000	Hasna Firgantoro	Gg. Suniaraja No. 861\nPalangkaraya, GO 38968	+62 (063) 664-2867	2025-11-08	1000000.00	Product Sale
4443	2026-06-11	3	Mouse Logitech	250000.00	7	1750000.00	665	Najam Wijayanti, M.M.	Jalan Kapten Muslihat No. 2\nTual, Jambi 01452	+62-214-902-5110	2026-06-11	1750000.00	Customer Purchase
4446	2026-03-14	3	Mouse Logitech	250000.00	8	2000000.00	344	Prakosa Hakim	Jl. Sukabumi No. 38\nKota Administrasi Jakarta Pusat, Bali 02291	+62-81-095-0461	2026-03-14	2000000.00	Store Sale
4452	2025-10-19	3	Mouse Logitech	250000.00	3	750000.00	950	Yance Purnawati, M.Farm	Jl. Sentot Alibasa No. 2\nPekalongan, SU 01856	+62 (58) 553 2169	2025-10-19	750000.00	Product Sale
4453	2026-03-06	3	Mouse Logitech	250000.00	8	2000000.00	778	Maya Wahyudin	Jl. Sadang Serang No. 0\nMojokerto, Nusa Tenggara Barat 44827	+62-32-021-1732	2026-03-06	2000000.00	Store Sale
4456	2025-10-29	3	Mouse Logitech	250000.00	9	2250000.00	1521	KH. Darsirah Uyainah, S.Farm	Gg. Rajiman No. 56\nYogyakarta, KI 82063	+62 (425) 922-5954	2025-10-29	2250000.00	Online Transaction
4457	2025-07-15	3	Mouse Logitech	250000.00	7	1750000.00	1818	R. Cemani Budiyanto	Jl. Stasiun Wonokromo No. 8\nBekasi, Jambi 91787	+62-034-721-8150	2025-07-15	1750000.00	Customer Purchase
4461	2025-12-12	3	Mouse Logitech	250000.00	7	1750000.00	788	Hamima Rahmawati, S.Farm	NULL	+62-0310-073-9317	2025-12-12	1750000.00	Store Sale
4464	2026-05-25	3	Mouse Logitech	250000.00	4	1000000.00	1670	Luwes Maryati	Jl. Gardujati No. 365\nManado, BE 31573	(063) 549-3447	2026-05-25	1000000.00	Customer Purchase
4473	2026-03-22	3	Mouse Logitech	250000.00	7	1750000.00	870	Zaenab Utama	Jalan K.H. Wahid Hasyim No. 837\nBekasi, Jambi 56157	+62-053-167-4075	2026-03-22	1750000.00	Store Sale
4476	2026-04-30	3	Mouse Logitech	250000.00	5	1250000.00	402	Radit Zulaika	Gang Kutai No. 6\nSibolga, Jambi 68745	+62 (055) 597 0474	2026-04-30	1250000.00	Customer Purchase
4485	2025-11-03	3	Mouse Logitech	250000.00	3	750000.00	709	R. Virman Winarno	Gang Merdeka No. 933\nTasikmalaya, ST 31350	+62 (333) 727-3655	2025-11-03	750000.00	Customer Purchase
4486	2026-02-03	3	Mouse Logitech	250000.00	3	750000.00	1024	Erik Susanti	Gang Dr. Djunjunan No. 73\nMalang, KB 31983	+62 (22) 012-0041	2026-02-03	750000.00	Customer Purchase
4490	2026-03-18	3	Mouse Logitech	250000.00	7	1750000.00	169	Purwadi Waskita	Jalan Kiaracondong No. 1\nParepare, Riau 24340	(016) 886 1328	2026-03-18	1750000.00	Online Transaction
4494	2025-10-03	3	Mouse Logitech	250000.00	6	1500000.00	925	R. Queen Prakasa	Jl. Moch. Ramdan No. 12\nBanjarbaru, BE 64951	+62-533-954-5542	2025-10-03	1500000.00	Product Sale
4495	2026-02-01	3	Mouse Logitech	250000.00	6	1500000.00	845	Gamanto Mayasari	Gg. Rajawali Timur No. 526\nMedan, MU 65008	(0223) 923-0931	2026-02-01	1500000.00	Store Sale
4499	2026-04-03	3	Mouse Logitech	250000.00	2	500000.00	714	Tgk. Wardi Agustina, S.Gz	Jl. Bangka Raya No. 49\nSingkawang, Bali 99212	+62-696-198-6032	2026-04-03	500000.00	Product Sale
4500	2025-08-16	3	Mouse Logitech	250000.00	5	1250000.00	1337	Eli Nugroho	Gg. Medokan Ayu No. 9\nSawahlunto, Riau 77405	+62 (851) 823-4694	2025-08-16	1250000.00	Online Transaction
4502	2025-11-22	3	Mouse Logitech	250000.00	4	1000000.00	314	Kenes Wasita	Gg. Cempaka No. 7\nKota Administrasi Jakarta Selatan, Gorontalo 27012	+62 (065) 195-8953	2025-11-22	1000000.00	Store Sale
4503	2026-02-03	3	Mouse Logitech	250000.00	1	250000.00	1327	Lanjar Siregar	Jalan Bangka Raya No. 334\nKupang, Aceh 25470	(0459) 439 1874	2026-02-03	250000.00	Product Sale
4504	2026-01-16	3	Mouse Logitech	250000.00	7	1750000.00	1991	Cinthia Utama	Jalan Raya Setiabudhi No. 0\nBima, Sumatera Utara 74210	084 199 1431	2026-01-16	1750000.00	Product Sale
4526	2026-02-23	3	Mouse Logitech	250000.00	6	1500000.00	479	Opan Permadi	Jalan Raya Setiabudhi No. 4\nTual, Sulawesi Barat 17471	(074) 257 8346	2026-02-23	1500000.00	Product Sale
4529	2025-10-13	3	Mouse Logitech	250000.00	8	2000000.00	1326	R. Artanto Usamah	Jalan Soekarno Hatta No. 71\nMakassar, JA 43668	+62 (0884) 073 5627	2025-10-13	2000000.00	Product Sale
4531	2025-10-31	3	Mouse Logitech	250000.00	9	2250000.00	929	Limar Ardianto	Gg. Sukajadi No. 673\nPagaralam, Nusa Tenggara Barat 62208	+62 (089) 274-2116	2025-10-31	2250000.00	Online Transaction
4533	2025-10-07	3	Mouse Logitech	250000.00	7	1750000.00	594	Nadia Kurniawan	Jl. Lembong No. 703\nSorong, MU 10859	+62 (065) 256 5198	2025-10-07	1750000.00	Product Sale
4534	2025-11-27	3	Mouse Logitech	250000.00	4	1000000.00	53	Purwanto Utama	Jalan Jakarta No. 23\nPadangpanjang, BT 02526	+62 (0714) 686-3784	2025-11-27	1000000.00	Product Sale
4542	2025-07-29	3	Mouse Logitech	250000.00	10	2500000.00	1104	R. Yulia Halimah, S.Pd	Gang Ciumbuleuit No. 9\nKota Administrasi Jakarta Timur, YO 32068	+62 (072) 503-5448	2025-07-29	2500000.00	Customer Purchase
4547	2025-08-07	3	Mouse Logitech	250000.00	5	1250000.00	1894	Karja Megantara	Gang Sukajadi No. 4\nProbolinggo, JK 44194	(004) 922 6330	2025-08-07	1250000.00	Store Sale
4562	2026-02-17	3	Mouse Logitech	250000.00	3	750000.00	800	Pia Agustina	Jl. Raya Setiabudhi No. 011\nBatam, Nusa Tenggara Timur 61150	089 887 3949	2026-02-17	750000.00	Product Sale
4563	2026-03-07	3	Mouse Logitech	250000.00	6	1500000.00	1279	Tgk. Fathonah Nurdiyanti, S.IP	Gg. W.R. Supratman No. 9\nPematangsiantar, Sulawesi Tenggara 69097	+62-53-849-2346	2026-03-07	1500000.00	Store Sale
4565	2026-06-13	3	Mouse Logitech	250000.00	4	1000000.00	382	Oliva Prasetya	Jl. Veteran No. 96\nMalang, Maluku Utara 30927	(071) 376-0588	2026-06-13	1000000.00	Customer Purchase
4578	2025-12-21	3	Mouse Logitech	250000.00	10	2500000.00	1587	Lili Mustofa	Jl. Kutai No. 050\nLubuklinggau, Jawa Tengah 95282	+62 (0150) 191-5597	2025-12-21	2500000.00	Online Transaction
4579	2025-10-06	3	Mouse Logitech	250000.00	7	1750000.00	265	Cinthia Kuswoyo	Gg. Raya Setiabudhi No. 113\nKota Administrasi Jakarta Timur, Jawa Timur 42340	+62 (468) 061 8805	2025-10-06	1750000.00	Store Sale
4597	2026-05-04	3	Mouse Logitech	250000.00	6	1500000.00	403	Raharja Salahudin, S.H.	Gg. Setiabudhi No. 40\nPalu, KS 22373	+62 (31) 800 9112	2026-05-04	1500000.00	Store Sale
4602	2026-01-14	3	Mouse Logitech	250000.00	4	1000000.00	1787	Ratih Sinaga	Jalan Jakarta No. 160\nTidore Kepulauan, SR 28984	+62-05-938-2954	2026-01-14	1000000.00	Online Transaction
4605	2026-04-10	3	Mouse Logitech	250000.00	6	1500000.00	1741	Eva Fujiati	Gang M.T Haryono No. 85\nKota Administrasi Jakarta Barat, MU 14524	+62 (99) 120-7359	2026-04-10	1500000.00	Customer Purchase
4610	2025-12-22	3	Mouse Logitech	250000.00	1	250000.00	865	Prayoga Hakim	Jl. Erlangga No. 90\nKota Administrasi Jakarta Barat, KU 51664	+62 (71) 110-5978	2025-12-22	250000.00	Online Transaction
4611	2026-06-03	3	Mouse Logitech	250000.00	9	2250000.00	732	KH. Cengkal Haryanto, M.TI.	Gg. S. Parman No. 24\nTanjungpinang, Banten 35027	+62-0720-517-7420	2026-06-03	2250000.00	Online Transaction
4619	2026-07-06	3	Mouse Logitech	250000.00	7	1750000.00	1566	Ulya Suwarno	Gang Gegerkalong Hilir No. 093\nPalu, Kepulauan Bangka Belitung 71219	+62 (086) 927-3358	2026-07-06	1750000.00	Customer Purchase
4624	2025-12-07	3	Mouse Logitech	250000.00	3	750000.00	979	Himawan Salahudin, M.Farm	Jalan Cikutra Barat No. 4\nDepok, Sulawesi Utara 40227	+62 (934) 534 2921	2025-12-07	750000.00	Store Sale
4625	2026-01-18	3	Mouse Logitech	250000.00	4	1000000.00	419	Tgk. Novi Saefullah, M.Kom.	Jl. Gegerkalong Hilir No. 953\nPalangkaraya, SR 91647	(040) 432-7170	2026-01-18	1000000.00	Customer Purchase
4626	2025-12-24	3	Mouse Logitech	250000.00	6	1500000.00	701	drg. Ikhsan Hidayat, S.H.	Jalan Ciumbuleuit No. 71\nSawahlunto, LA 59226	+62-000-824-3956	2025-12-24	1500000.00	Store Sale
4638	2025-08-13	3	Mouse Logitech	250000.00	9	2250000.00	1814	Putri Laksmiwati, S.Kom	Gang Gardujati No. 36\nCirebon, JT 06498	+62 (48) 602 7912	2025-08-13	2250000.00	Product Sale
4641	2025-12-07	3	Mouse Logitech	250000.00	5	1250000.00	1114	Kania Waskita	Gang Pacuan Kuda No. 4\nBogor, MU 57208	+62 (72) 759 7406	2025-12-07	1250000.00	Online Transaction
4645	2026-04-06	3	Mouse Logitech	250000.00	1	250000.00	224	Lukman Tampubolon	Gang Bangka Raya No. 10\nBogor, BE 58029	+62-00-345-6744	2026-04-06	250000.00	Store Sale
4646	2025-11-13	3	Mouse Logitech	250000.00	4	1000000.00	833	Yoga Ardianto	Gg. Gardujati No. 6\nPurwokerto, Kalimantan Tengah 79090	(0648) 400-5488	2025-11-13	1000000.00	Customer Purchase
4652	2025-11-10	3	Mouse Logitech	250000.00	4	1000000.00	1554	Indah Riyanti	Jalan Ahmad Yani No. 2\nPekalongan, MA 98530	+62 (394) 244-0730	2025-11-10	1000000.00	Product Sale
4655	2026-05-24	3	Mouse Logitech	250000.00	3	750000.00	1184	R.A. Eli Rahayu	Jalan Cihampelas No. 62\nTanjungbalai, BE 69856	(0279) 192 0134	2026-05-24	750000.00	Online Transaction
4656	2025-08-22	3	Mouse Logitech	250000.00	6	1500000.00	1232	R. Yosef Prasetya	Gang Jamika No. 9\nBlitar, Sulawesi Barat 38273	+62 (039) 811-3376	2025-08-22	1500000.00	Online Transaction
4661	2025-11-08	3	Mouse Logitech	250000.00	4	1000000.00	1965	Tgk. Najam Handayani, S.Gz	Jl. Antapani Lama No. 85\nLubuklinggau, Jawa Tengah 11737	0842750838	2025-11-08	1000000.00	Product Sale
4666	2025-09-01	3	Mouse Logitech	250000.00	10	2500000.00	948	Ade Maryati	Jalan Jamika No. 956\nBengkulu, Sumatera Selatan 75538	082 191 2779	2025-09-01	2500000.00	Product Sale
4673	2026-03-13	3	Mouse Logitech	250000.00	9	2250000.00	1104	R. Yulia Halimah, S.Pd	Gang Ciumbuleuit No. 9\nKota Administrasi Jakarta Timur, YO 32068	+62 (072) 503-5448	2026-03-13	2250000.00	Customer Purchase
4676	2026-06-08	3	Mouse Logitech	250000.00	1	250000.00	371	Patricia Permadi	Jl. Cihampelas No. 952\nSungai Penuh, SS 96385	+62 (037) 446 5820	2026-06-08	250000.00	Online Transaction
4681	2026-01-24	3	Mouse Logitech	250000.00	9	2250000.00	436	Gabriella Uyainah, S.Pd	Gang Sukajadi No. 2\nPangkalpinang, Kepulauan Riau 70652	+62-0244-419-9810	2026-01-24	2250000.00	Store Sale
4683	2025-08-06	3	Mouse Logitech	250000.00	1	250000.00	1762	R. Leo Novitasari	Gang Surapati No. 96\nBau-Bau, GO 84667	+62 (005) 520 1608	2025-08-06	250000.00	Store Sale
4686	2025-12-25	3	Mouse Logitech	250000.00	7	1750000.00	418	Jayadi Uyainah	Jalan Tebet Barat Dalam No. 13\nAmbon, Sulawesi Tengah 48303	+62 (069) 434-7466	2025-12-25	1750000.00	Customer Purchase
4687	2026-03-06	3	Mouse Logitech	250000.00	4	1000000.00	438	Harjo Halim	Gang Cikapayang No. 443\nSungai Penuh, ST 44751	(0935) 816-0776	2026-03-06	1000000.00	Store Sale
4690	2026-07-06	3	Mouse Logitech	250000.00	6	1500000.00	1541	Nurul Astuti	Gg. Laswi No. 314\nDenpasar, SR 37661	+62 (77) 589-9159	2026-07-06	1500000.00	Store Sale
4700	2025-12-06	3	Mouse Logitech	250000.00	8	2000000.00	1000	Hasna Firgantoro	Gg. Suniaraja No. 861\nPalangkaraya, GO 38968	+62 (063) 664-2867	2025-12-06	2000000.00	Store Sale
4702	2025-08-10	3	Mouse Logitech	250000.00	4	1000000.00	1441	Puji Prasetyo	Jl. Soekarno Hatta No. 443\nPekanbaru, JB 01756	+62-142-409-6983	2025-08-10	1000000.00	Customer Purchase
4707	2026-04-05	3	Mouse Logitech	250000.00	6	1500000.00	760	Eva Pratama	Jalan Pasirkoja No. 528\nTomohon, MA 80010	+62 (086) 635 1324	2026-04-05	1500000.00	Product Sale
4709	2025-10-24	3	Mouse Logitech	250000.00	8	2000000.00	807	KH. Maryanto Suryono, M.Pd	Gang Astana Anyar No. 47\nDepok, BE 68634	(0216) 168-9688	2025-10-24	2000000.00	Store Sale
4712	2025-08-21	3	Mouse Logitech	250000.00	4	1000000.00	1304	Ridwan Sinaga	Jl. Bangka Raya No. 93\nMagelang, Sulawesi Barat 30607	+62-709-127-3792	2025-08-21	1000000.00	Online Transaction
4714	2025-12-12	3	Mouse Logitech	250000.00	10	2500000.00	1961	Puti Queen Mardhiyah, S.Sos	Jalan Astana Anyar No. 78\nSungai Penuh, JT 68148	+62 (035) 312 9041	2025-12-12	2500000.00	Product Sale
4719	2025-10-08	3	Mouse Logitech	250000.00	5	1250000.00	1861	Umay Usada, S.IP	Jalan M.H Thamrin No. 92\nPurwokerto, Kalimantan Timur 84397	+62 (05) 161-7721	2025-10-08	1250000.00	Store Sale
4721	2025-07-13	3	Mouse Logitech	250000.00	4	1000000.00	719	Yance Sitompul	Gg. Dipatiukur No. 10\nKota Administrasi Jakarta Utara, Gorontalo 51623	(0631) 288 1820	2025-07-13	1000000.00	Product Sale
4728	2026-01-18	3	Mouse Logitech	250000.00	6	1500000.00	1616	Hj. Rahayu Suartini	Jalan Medokan Ayu No. 7\nJambi, SS 54038	+62 (27) 246-5718	2026-01-18	1500000.00	Store Sale
4732	2026-01-01	3	Mouse Logitech	250000.00	10	2500000.00	1938	R.A. Ida Tamba, M.Farm	Gang Waringin No. 6\nLubuklinggau, Kalimantan Timur 35682	+62 (0265) 076 8185	2026-01-01	2500000.00	Online Transaction
4734	2026-02-08	3	Mouse Logitech	250000.00	10	2500000.00	1517	Emil Riyanti	Gg. S. Parman No. 3\nTarakan, ST 03945	+62 (460) 118 8949	2026-02-08	2500000.00	Product Sale
4738	2025-11-26	3	Mouse Logitech	250000.00	5	1250000.00	1653	drg. Iriana Damanik, M.Pd	Gg. Erlangga No. 0\nKota Administrasi Jakarta Selatan, Aceh 17383	+62 (069) 258-1232	2025-11-26	1250000.00	Customer Purchase
4753	2025-10-04	3	Mouse Logitech	250000.00	9	2250000.00	1995	Yunita Nashiruddin	Jl. Gegerkalong Hilir No. 133\nBanjarmasin, Jawa Barat 19986	(092) 928 6539	2025-10-04	2250000.00	Store Sale
4758	2026-03-08	3	Mouse Logitech	250000.00	9	2250000.00	1829	Baktiono Mandala	Gang Jayawijaya No. 638\nTomohon, Banten 17168	+62 (69) 755-9912	2026-03-08	2250000.00	Store Sale
4759	2025-12-20	3	Mouse Logitech	250000.00	10	2500000.00	292	Puji Prasetyo	Jl. Jend. A. Yani No. 15\nSamarinda, Kalimantan Selatan 59018	+62 (027) 797-4303	2025-12-20	2500000.00	Product Sale
4764	2025-09-22	3	Mouse Logitech	250000.00	1	250000.00	1498	Dewi Prasetya	Jalan Ciumbuleuit No. 1\nTasikmalaya, Riau 62803	+62-024-348-1813	2025-09-22	250000.00	Store Sale
4766	2025-07-14	3	Mouse Logitech	250000.00	6	1500000.00	1362	Irma Wacana, M.TI.	Jalan Rajawali Timur No. 2\nPekanbaru, Sumatera Barat 13159	(019) 801 1979	2025-07-14	1500000.00	Product Sale
4769	2026-02-28	3	Mouse Logitech	250000.00	3	750000.00	1230	Radika Putra	Gg. Joyoboyo No. 249\nCilegon, AC 99869	(000) 251 4782	2026-02-28	750000.00	Product Sale
4770	2025-11-02	3	Mouse Logitech	250000.00	1	250000.00	1314	Kenes Wasita	Gg. Cempaka No. 7\nKota Administrasi Jakarta Selatan, Gorontalo 27012	+62 (065) 195-8953	2025-11-02	250000.00	Customer Purchase
4774	2025-09-27	3	Mouse Logitech	250000.00	5	1250000.00	1101	R.A. Kamaria Permadi, M.Farm	Jl. Laswi No. 4\nTanjungpinang, LA 66348	(098) 624 3148	2025-09-27	1250000.00	Customer Purchase
4777	2026-04-22	3	Mouse Logitech	250000.00	10	2500000.00	339	Samiah Prayoga	NULL	+62 (221) 352 5312	2026-04-22	2500000.00	Customer Purchase
4784	2025-07-10	3	Mouse Logitech	250000.00	2	500000.00	1780	Kasiyah Wahyuni	Jalan Cihampelas No. 3\nYogyakarta, KS 19993	+62-36-806-9251	2025-07-10	500000.00	Online Transaction
4786	2025-11-19	3	Mouse Logitech	250000.00	9	2250000.00	869	Wardaya Yolanda, M.Ak	Gang Raya Ujungberung No. 37\nSingkawang, Maluku 83110	+62 (19) 192 6406	2025-11-19	2250000.00	Product Sale
4789	2026-02-14	3	Mouse Logitech	250000.00	2	500000.00	1517	Emil Riyanti	Gg. S. Parman No. 3\nTarakan, ST 03945	+62 (460) 118 8949	2026-02-14	500000.00	Online Transaction
4802	2026-05-31	3	Mouse Logitech	250000.00	5	1250000.00	393	Cornelia Hasanah	Gang K.H. Wahid Hasyim No. 97\nPalopo, JK 95011	+62 (060) 220-3231	2026-05-31	1250000.00	Customer Purchase
4803	2026-06-04	3	Mouse Logitech	250000.00	3	750000.00	488	Gilda Hariyah	Jalan KH Amin Jasuta No. 0\nLubuklinggau, SN 59867	+62 (0450) 260 4319	2026-06-04	750000.00	Online Transaction
4811	2025-12-20	3	Mouse Logitech	250000.00	3	750000.00	1567	Najib Saptono	Gang W.R. Supratman No. 42\nSungai Penuh, Kalimantan Timur 26981	+62 (493) 527 1626	2025-12-20	750000.00	Online Transaction
4812	2026-03-14	3	Mouse Logitech	250000.00	9	2250000.00	685	Drs. Mujur Permadi, M.TI.	Gg. Sadang Serang No. 492\nMadiun, Sulawesi Tengah 98806	(0363) 716 0945	2026-03-14	2250000.00	Online Transaction
4815	2026-02-09	3	Mouse Logitech	250000.00	8	2000000.00	1794	Ibun Megantara	Gg. Raya Setiabudhi No. 3\nBandar Lampung, Jawa Barat 57014	+62-448-254-4601	2026-02-09	2000000.00	Customer Purchase
4818	2026-05-06	3	Mouse Logitech	250000.00	7	1750000.00	689	Taufik Mustofa	Jalan Ciumbuleuit No. 9\nBanjarbaru, SS 93677	(056) 097 8693	2026-05-06	1750000.00	Store Sale
4826	2025-10-28	3	Mouse Logitech	250000.00	2	500000.00	888	R. Karimah Puspita, M.Ak	Gg. Gardujati No. 6\nBatam, KS 65132	+62 (032) 059-8522	2025-10-28	500000.00	Product Sale
4841	2025-09-04	3	Mouse Logitech	250000.00	1	250000.00	164	Bagiya Megantara	Jl. Waringin No. 8\nSurabaya, Kalimantan Utara 37295	+62-306-164-5342	2025-09-04	250000.00	Store Sale
4845	2026-06-12	3	Mouse Logitech	250000.00	2	500000.00	1022	Kalim Mustofa	Jalan Pasir Koja No. 289\nTanjungbalai, BB 08956	0836118278	2026-06-12	500000.00	Online Transaction
4857	2026-01-07	3	Mouse Logitech	250000.00	1	250000.00	1421	Purwa Gunarto, M.Ak	Gg. Gegerkalong Hilir No. 551\nBanda Aceh, GO 64666	+62 (97) 002-0604	2026-01-07	250000.00	Customer Purchase
4866	2025-08-03	3	Mouse Logitech	250000.00	6	1500000.00	1512	Ikhsan Hutapea	Jalan Kiaracondong No. 531\nSorong, SR 65758	(054) 129-6561	2025-08-03	1500000.00	Online Transaction
4869	2026-04-10	3	Mouse Logitech	250000.00	9	2250000.00	937	T. Kadir Simbolon	Gang Jend. Sudirman No. 548\nPontianak, Sulawesi Tengah 40307	+62-0425-086-2806	2026-04-10	2250000.00	Customer Purchase
4875	2026-02-08	3	Mouse Logitech	250000.00	6	1500000.00	181	dr. Farah Halimah, S.Pt	Jl. Jend. Sudirman No. 93\nSabang, NT 55968	+62 (04) 500-9113	2026-02-08	1500000.00	Store Sale
4880	2025-09-10	3	Mouse Logitech	250000.00	5	1250000.00	218	Oni Mayasari	Jl. Jayawijaya No. 7\nParepare, Sulawesi Tengah 40695	+62 (0551) 853 0363	2025-09-10	1250000.00	Store Sale
4881	2025-11-20	3	Mouse Logitech	250000.00	3	750000.00	506	Drs. Ella Mustofa	Gang Kapten Muslihat No. 59\nSibolga, SU 75598	+62-069-644-9088	2025-11-20	750000.00	Store Sale
4884	2026-04-17	3	Mouse Logitech	250000.00	6	1500000.00	1782	Rina Mustofa, S.Ked	Gang Tebet Barat Dalam No. 26\nPadangpanjang, Gorontalo 19334	(0700) 700 2972	2026-04-17	1500000.00	Store Sale
4885	2026-05-06	3	Mouse Logitech	250000.00	1	250000.00	831	Yani Palastri	Jl. Gegerkalong Hilir No. 660\nMetro, YO 05965	+62-31-847-9150	2026-05-06	250000.00	Product Sale
4887	2025-10-25	3	Mouse Logitech	250000.00	4	1000000.00	1551	Ifa Iswahyudi	Jl. Ahmad Yani No. 6\nKota Administrasi Jakarta Timur, Maluku 39552	(046) 140 5524	2025-10-25	1000000.00	Online Transaction
4891	2026-04-22	3	Mouse Logitech	250000.00	4	1000000.00	362	Irma Wacana, M.TI.	Jalan Rajawali Timur No. 2\nPekanbaru, Sumatera Barat 13159	(019) 801 1979	2026-04-22	1000000.00	Online Transaction
4896	2025-07-23	3	Mouse Logitech	250000.00	2	500000.00	525	Galuh Saputra, M.Farm	Jalan Cihampelas No. 4\nLangsa, KR 52416	+62 (613) 409 8088	2025-07-23	500000.00	Customer Purchase
4902	2026-05-08	3	Mouse Logitech	250000.00	1	250000.00	1096	Citra Mardhiyah	Gg. Jayawijaya No. 46\nKediri, JB 64840	(0312) 397 0262	2026-05-08	250000.00	Customer Purchase
4908	2025-12-05	3	Mouse Logitech	250000.00	1	250000.00	1204	Atma Zulkarnain	Jl. Yos Sudarso No. 249\nSurakarta, JK 57483	+62-0999-724-1256	2025-12-05	250000.00	Product Sale
4910	2026-01-28	3	Mouse Logitech	250000.00	5	1250000.00	1122	Harja Prabowo	Gg. Pelajar Pejuang No. 2\nTernate, PA 22319	0889387605	2026-01-28	1250000.00	Store Sale
4931	2026-01-11	3	Mouse Logitech	250000.00	5	1250000.00	1733	Jessica Susanti	Gg. W.R. Supratman No. 003\nCirebon, KS 72191	(094) 948-1486	2026-01-11	1250000.00	Store Sale
4939	2025-09-26	3	Mouse Logitech	250000.00	7	1750000.00	209	Maya Hakim	Jl. Cempaka No. 04\nPalangkaraya, ST 25140	+62-752-401-6435	2025-09-26	1750000.00	Store Sale
4947	2025-10-18	3	Mouse Logitech	250000.00	5	1250000.00	1469	Ir. Legawa Tampubolon, S.T.	Gg. BKR No. 2\nBogor, GO 20820	+62 (225) 952-8088	2025-10-18	1250000.00	Online Transaction
4951	2026-05-18	3	Mouse Logitech	250000.00	10	2500000.00	1271	Drs. Natalia Widodo	Jl. Asia Afrika No. 5\nTual, SB 81243	+62 (517) 047-5388	2026-05-18	2500000.00	Store Sale
4954	2025-10-16	3	Mouse Logitech	250000.00	1	250000.00	1219	Zelda Tarihoran	Gang Cikutra Timur No. 0\nSubulussalam, Lampung 55379	+62-698-897-8838	2025-10-16	250000.00	Customer Purchase
4969	2026-04-20	3	Mouse Logitech	250000.00	2	500000.00	1908	Intan Irawan, M.Farm	Gg. Dipatiukur No. 93\nPalangkaraya, Banten 30391	+62-87-707-7866	2026-04-20	500000.00	Product Sale
4972	2026-03-09	3	Mouse Logitech	250000.00	2	500000.00	500	Prayogo Zulaika, S.Farm	Jalan Cikutra Barat No. 9\nTangerang Selatan, KR 08665	+62 (96) 140 6934	2026-03-09	500000.00	Product Sale
4973	2025-09-11	3	Mouse Logitech	250000.00	4	1000000.00	887	Ir. Raisa Halim, M.Pd	Gang Cikapayang No. 748\nPrabumulih, JB 38157	(098) 485-1228	2025-09-11	1000000.00	Product Sale
4976	2025-10-07	3	Mouse Logitech	250000.00	5	1250000.00	1444	Dewi Setiawan	Gang Kiaracondong No. 42\nTomohon, NB 04216	+62 (792) 489-4711	2025-10-07	1250000.00	Product Sale
4977	2026-02-17	3	Mouse Logitech	250000.00	9	2250000.00	416	Tgk. Zelda Sitorus, S.I.Kom	Gg. Cikutra Timur No. 191\nSurabaya, RI 14560	+62-0245-571-7206	2026-02-17	2250000.00	Product Sale
4990	2025-10-08	3	Mouse Logitech	250000.00	6	1500000.00	1104	R. Yulia Halimah, S.Pd	Gang Ciumbuleuit No. 9\nKota Administrasi Jakarta Timur, YO 32068	+62 (072) 503-5448	2025-10-08	1500000.00	Customer Purchase
4993	2025-08-28	3	Mouse Logitech	250000.00	5	1250000.00	740	Tgk. Legawa Damanik, M.Ak	Gang Cihampelas No. 835\nKota Administrasi Jakarta Selatan, Lampung 04267	(0575) 803 5858	2025-08-28	1250000.00	Product Sale
4998	2025-11-08	3	Mouse Logitech	250000.00	3	750000.00	1086	Ir. Baktiadi Siregar, S.Sos	Gg. Cihampelas No. 6\nCilegon, AC 32752	+62 (014) 100 1890	2025-11-08	750000.00	Store Sale
4999	2025-07-14	3	Mouse Logitech	250000.00	9	2250000.00	473	Cinta Usamah	NULL	+62-047-826-0814	2025-07-14	2250000.00	Store Sale
5004	2026-01-20	3	Mouse Logitech	250000.00	8	2000000.00	1291	Anom Firgantoro	Jl. BKR No. 2\nKotamobagu, Sulawesi Barat 79096	+62 (0129) 718-4904	2026-01-20	2000000.00	Product Sale
11	2025-09-24	4	Keyboard Mechanical	750000.00	5	3750000.00	1791	Ayu Yuliarti	Jl. Ronggowarsito No. 338\nMedan, Nusa Tenggara Timur 58649	+62-0650-318-5459	2025-09-24	3750000.00	Store Sale
14	2025-10-23	4	Keyboard Mechanical	750000.00	10	7500000.00	1507	Martaka Wastuti	Gg. Yos Sudarso No. 5\nLubuklinggau, DKI Jakarta 10861	+62 (454) 326 4187	2025-10-23	7500000.00	Online Transaction
18	2026-07-05	4	Keyboard Mechanical	750000.00	1	750000.00	1415	Yani Dabukke, S.E.I	Gg. Indragiri No. 585\nLubuklinggau, Sulawesi Barat 53707	+62 (013) 696-6150	2026-07-05	750000.00	Store Sale
24	2025-09-27	4	Keyboard Mechanical	750000.00	4	3000000.00	246	Oskar Ardianto	Gg. Gedebage Selatan No. 9\nYogyakarta, JK 82719	+62-78-138-2110	2025-09-27	3000000.00	Store Sale
38	2026-01-18	4	Keyboard Mechanical	750000.00	3	2250000.00	164	Bagiya Megantara	Jl. Waringin No. 8\nSurabaya, Kalimantan Utara 37295	+62-306-164-5342	2026-01-18	2250000.00	Customer Purchase
42	2025-08-31	4	Keyboard Mechanical	750000.00	3	2250000.00	1347	Ana Nurdiyanti	Jl. Suryakencana No. 9\nDepok, KU 68714	+62 (0194) 996-0169	2025-08-31	2250000.00	Store Sale
44	2025-11-15	4	Keyboard Mechanical	750000.00	2	1500000.00	1537	Dr. Jatmiko Nasyiah, S.IP	Jalan Sukajadi No. 48\nTidore Kepulauan, BA 65656	(0908) 006 2693	2025-11-15	1500000.00	Product Sale
49	2026-05-08	4	Keyboard Mechanical	750000.00	6	4500000.00	1052	Mulyanto Pradipta	Jalan Sukabumi No. 311\nSawahlunto, Lampung 23937	(0475) 705 8424	2026-05-08	4500000.00	Online Transaction
50	2025-08-21	4	Keyboard Mechanical	750000.00	4	3000000.00	139	Eli Widodo	Jalan Antapani Lama No. 2\nTernate, RI 04526	+62-036-713-3899	2025-08-21	3000000.00	Store Sale
60	2026-06-13	4	Keyboard Mechanical	750000.00	8	6000000.00	1510	Ridwan Sihotang	Jalan Rumah Sakit No. 4\nPayakumbuh, Gorontalo 09684	(0672) 180-1431	2026-06-13	6000000.00	Store Sale
61	2026-03-18	4	Keyboard Mechanical	750000.00	1	750000.00	543	Jail Napitupulu	Gg. BKR No. 9\nKupang, Sulawesi Selatan 99137	+62 (993) 794-6627	2026-03-18	750000.00	Online Transaction
78	2026-07-01	4	Keyboard Mechanical	750000.00	9	6750000.00	1033	Adinata Nainggolan, M.Farm	Jl. Cikutra Timur No. 9\nYogyakarta, Kalimantan Timur 47700	081 991 5396	2026-07-01	6750000.00	Product Sale
81	2026-06-26	4	Keyboard Mechanical	750000.00	8	6000000.00	937	T. Kadir Simbolon	Gang Jend. Sudirman No. 548\nPontianak, Sulawesi Tengah 40307	+62-0425-086-2806	2026-06-26	6000000.00	Customer Purchase
84	2026-06-15	4	Keyboard Mechanical	750000.00	8	6000000.00	654	Queen Pradipta	Jl. M.H Thamrin No. 71\nCirebon, Gorontalo 66111	081 095 9439	2026-06-15	6000000.00	Customer Purchase
86	2025-08-24	4	Keyboard Mechanical	750000.00	10	7500000.00	257	Jelita Melani	Gang Pacuan Kuda No. 535\nTernate, Nusa Tenggara Barat 94843	+62 (0861) 480 3094	2025-08-24	7500000.00	Product Sale
91	2026-06-08	4	Keyboard Mechanical	750000.00	8	6000000.00	943	Titi Winarno, S.I.Kom	Gg. Cempaka No. 2\nSawahlunto, Maluku 04483	(099) 961 3767	2026-06-08	6000000.00	Product Sale
97	2025-08-09	4	Keyboard Mechanical	750000.00	1	750000.00	1378	Utama Puspita, S.IP	Jalan Medokan Ayu No. 21\nLangsa, KI 17185	(086) 668 2625	2025-08-09	750000.00	Product Sale
101	2025-07-21	4	Keyboard Mechanical	750000.00	6	4500000.00	462	Mursinin Firmansyah, S.Pt	Gang Dipatiukur No. 42\nBanjarmasin, Lampung 54494	0894788637	2025-07-21	4500000.00	Customer Purchase
102	2026-03-03	4	Keyboard Mechanical	750000.00	9	6750000.00	915	Himawan Nababan	Jalan Ahmad Yani No. 035\nPadang Sidempuan, Banten 01618	0802872791	2026-03-03	6750000.00	Customer Purchase
103	2026-05-14	4	Keyboard Mechanical	750000.00	9	6750000.00	1333	Ade Santoso	Gang Kutai No. 901\nMakassar, Sulawesi Tenggara 86495	(092) 989-3581	2026-05-14	6750000.00	Product Sale
108	2026-05-06	4	Keyboard Mechanical	750000.00	10	7500000.00	623	Ifa Hutapea	Gang Raya Setiabudhi No. 24\nPadangpanjang, Kalimantan Utara 84257	+62 (079) 304-6002	2026-05-06	7500000.00	Store Sale
112	2025-07-18	4	Keyboard Mechanical	750000.00	6	4500000.00	1652	Tami Kuswandari	NULL	+62 (049) 835-8046	2025-07-18	4500000.00	Store Sale
114	2026-03-20	4	Keyboard Mechanical	750000.00	6	4500000.00	1490	Gada Lailasari	Jl. Lembong No. 5\nTanjungpinang, Banten 94006	084 370 4686	2026-03-20	4500000.00	Product Sale
121	2025-12-15	4	Keyboard Mechanical	750000.00	10	7500000.00	879	Surya Halim	Jl. R.E Martadinata No. 83\nBandung, Jambi 54457	+62 (0280) 429 2716	2025-12-15	7500000.00	Product Sale
122	2025-09-24	4	Keyboard Mechanical	750000.00	10	7500000.00	1620	Natalia Andriani	Gg. Cikutra Barat No. 868\nSawahlunto, KU 78966	+62-0595-541-8433	2025-09-24	7500000.00	Online Transaction
124	2025-08-10	4	Keyboard Mechanical	750000.00	8	6000000.00	150	Mustika Waskita	Jl. KH Amin Jasuta No. 18\nSubulussalam, KT 57742	(004) 947 8311	2025-08-10	6000000.00	Store Sale
125	2025-07-13	4	Keyboard Mechanical	750000.00	1	750000.00	325	Panji Nasyidah, S.Pd	Gang Waringin No. 673\nSerang, KR 33743	+62 (0146) 751 0226	2025-07-13	750000.00	Customer Purchase
127	2025-11-06	4	Keyboard Mechanical	750000.00	7	5250000.00	645	Kasiyah Pudjiastuti	Jl. Sukabumi No. 4\nPadang, SS 53462	+62 (0622) 010-9216	2025-11-06	5250000.00	Product Sale
128	2025-11-30	4	Keyboard Mechanical	750000.00	2	1500000.00	190	Samiah Siregar	Gg. Moch. Ramdan No. 1\nBalikpapan, JA 25291	0880029248	2025-11-30	1500000.00	Customer Purchase
138	2025-07-19	4	Keyboard Mechanical	750000.00	8	6000000.00	271	Drs. Natalia Widodo	Jl. Asia Afrika No. 5\nTual, SB 81243	+62 (517) 047-5388	2025-07-19	6000000.00	Customer Purchase
139	2026-03-12	4	Keyboard Mechanical	750000.00	6	4500000.00	23	Bahuraksa Wijayanti	Jalan Cihampelas No. 16\nKotamobagu, Jawa Barat 21624	+62-0156-894-3564	2026-03-12	4500000.00	Product Sale
140	2025-08-27	4	Keyboard Mechanical	750000.00	4	3000000.00	839	Iriana Wijayanti	Gang Gegerkalong Hilir No. 33\nBalikpapan, DI Yogyakarta 02460	+62 (0801) 919 2499	2025-08-27	3000000.00	Online Transaction
160	2026-04-11	4	Keyboard Mechanical	750000.00	1	750000.00	1187	Mahfud Maulana	Jl. Kiaracondong No. 868\nPurwokerto, NB 04028	+62 (020) 484 2760	2026-04-11	750000.00	Customer Purchase
162	2026-01-07	4	Keyboard Mechanical	750000.00	2	1500000.00	296	Prayitna Rahayu, S.Sos	Jalan Indragiri No. 26\nTarakan, Jawa Tengah 36129	+62-155-299-8916	2026-01-07	1500000.00	Store Sale
174	2026-03-27	4	Keyboard Mechanical	750000.00	9	6750000.00	1458	Estiono Hasanah	Gg. Cihampelas No. 5\nKendari, BT 55977	+62 (41) 027-8083	2026-03-27	6750000.00	Customer Purchase
180	2026-02-12	4	Keyboard Mechanical	750000.00	5	3750000.00	248	Atma Zulkarnain	Jl. Cempaka No. 1\nPalembang, BT 53457	+62-78-614-2379	2026-02-12	3750000.00	Product Sale
186	2026-07-06	4	Keyboard Mechanical	750000.00	5	3750000.00	766	Cici Astuti	Jalan PHH. Mustofa No. 03\nPariaman, Bali 27114	(0792) 119-1987	2026-07-06	3750000.00	Product Sale
188	2025-11-08	4	Keyboard Mechanical	750000.00	2	1500000.00	858	Gilda Mansur	NULL	+62 (92) 573-6542	2025-11-08	1500000.00	Customer Purchase
198	2026-01-31	4	Keyboard Mechanical	750000.00	2	1500000.00	1326	R. Artanto Usamah	Jalan Soekarno Hatta No. 71\nMakassar, JA 43668	+62 (0884) 073 5627	2026-01-31	1500000.00	Online Transaction
201	2025-08-18	4	Keyboard Mechanical	750000.00	3	2250000.00	1996	Humaira Marpaung, S.Kom	Gg. Kendalsari No. 054\nDenpasar, SB 66170	+62-0195-910-9530	2025-08-18	2250000.00	Customer Purchase
206	2026-05-08	4	Keyboard Mechanical	750000.00	6	4500000.00	243	Lalita Hutagalung, S.I.Kom	Jalan M.H Thamrin No. 62\nBanjarbaru, BT 46890	+62 (326) 015 7811	2026-05-08	4500000.00	Online Transaction
212	2026-05-14	4	Keyboard Mechanical	750000.00	4	3000000.00	350	Jamil Jailani	Jl. Veteran No. 359\nPagaralam, Riau 06144	+62 (0959) 007 6103	2026-05-14	3000000.00	Customer Purchase
213	2026-04-03	4	Keyboard Mechanical	750000.00	1	750000.00	386	Siska Uwais	Gang Raya Ujungberung No. 2\nBitung, Sulawesi Utara 02803	(068) 912 4755	2026-04-03	750000.00	Store Sale
214	2025-10-24	4	Keyboard Mechanical	750000.00	7	5250000.00	1206	R.M. Jayeng Hastuti, S.H.	Jl. Ahmad Dahlan No. 06\nSungai Penuh, NT 09900	+62-049-855-0969	2025-10-24	5250000.00	Customer Purchase
216	2026-04-05	4	Keyboard Mechanical	750000.00	1	750000.00	559	Galar Manullang	Jl. Rajawali Barat No. 82\nKediri, Gorontalo 78383	+62-035-771-3085	2026-04-05	750000.00	Customer Purchase
220	2026-06-17	4	Keyboard Mechanical	750000.00	3	2250000.00	916	Tgk. Alika Sitompul, S.Sos	NULL	+62-919-451-1085	2026-06-17	2250000.00	Online Transaction
223	2026-01-14	4	Keyboard Mechanical	750000.00	6	4500000.00	652	Tami Kuswandari	NULL	+62 (049) 835-8046	2026-01-14	4500000.00	Online Transaction
229	2025-09-29	4	Keyboard Mechanical	750000.00	6	4500000.00	1650	dr. Kalim Waluyo, S.E.I	Jalan Pelajar Pejuang No. 56\nJayapura, JB 79087	+62-35-614-5517	2025-09-29	4500000.00	Store Sale
232	2025-11-15	4	Keyboard Mechanical	750000.00	7	5250000.00	210	Suci Hidayat	Jl. Medokan Ayu No. 686\nMalang, Kalimantan Barat 63120	+62-749-520-5690	2025-11-15	5250000.00	Store Sale
233	2026-03-26	4	Keyboard Mechanical	750000.00	10	7500000.00	1618	Kemal Winarno	Jl. Jakarta No. 5\nSurakarta, Kalimantan Barat 45009	+62 (47) 382-3500	2026-03-26	7500000.00	Product Sale
247	2026-04-30	4	Keyboard Mechanical	750000.00	3	2250000.00	1716	R. Bajragin Aryani, S.Kom	Jl. Cempaka No. 990\nBalikpapan, RI 05506	+62 (280) 029-8373	2026-04-30	2250000.00	Store Sale
253	2025-12-02	4	Keyboard Mechanical	750000.00	2	1500000.00	432	Ibrani Tarihoran	Jl. Pasteur No. 04\nPadangpanjang, Gorontalo 29688	(0612) 533 7740	2025-12-02	1500000.00	Product Sale
254	2026-05-10	4	Keyboard Mechanical	750000.00	4	3000000.00	405	Akarsana Irawan	Jalan Suryakencana No. 9\nTasikmalaya, AC 78612	(056) 814 1459	2026-05-10	3000000.00	Store Sale
258	2026-02-23	4	Keyboard Mechanical	750000.00	1	750000.00	1975	dr. Lili Prastuti	Gang Jend. Sudirman No. 2\nKota Administrasi Jakarta Timur, PA 62515	+62-381-836-3788	2026-02-23	750000.00	Product Sale
259	2026-07-08	4	Keyboard Mechanical	750000.00	6	4500000.00	570	Dt. Soleh Ardianto, S.Kom	Jalan Gedebage Selatan No. 968\nMalang, Nusa Tenggara Timur 08953	(0950) 626 6844	2026-07-08	4500000.00	Product Sale
272	2026-05-02	4	Keyboard Mechanical	750000.00	6	4500000.00	337	Eli Nugroho	Gg. Medokan Ayu No. 9\nSawahlunto, Riau 77405	+62 (851) 823-4694	2026-05-02	4500000.00	Store Sale
274	2026-02-04	4	Keyboard Mechanical	750000.00	8	6000000.00	1818	R. Cemani Budiyanto	Jl. Stasiun Wonokromo No. 8\nBekasi, Jambi 91787	+62-034-721-8150	2026-02-04	6000000.00	Store Sale
287	2025-07-28	4	Keyboard Mechanical	750000.00	2	1500000.00	1544	Hj. Rahmi Gunawan, S.E.I	Gg. M.H Thamrin No. 219\nKendari, BT 50002	+62 (968) 214-3067	2025-07-28	1500000.00	Product Sale
293	2025-08-03	4	Keyboard Mechanical	750000.00	3	2250000.00	1436	Gabriella Uyainah, S.Pd	Gang Sukajadi No. 2\nPangkalpinang, Kepulauan Riau 70652	+62-0244-419-9810	2025-08-03	2250000.00	Store Sale
294	2025-07-28	4	Keyboard Mechanical	750000.00	5	3750000.00	757	Azalea Sirait	Gang Sukabumi No. 4\nTangerang Selatan, Kepulauan Riau 21697	+62-219-961-6720	2025-07-28	3750000.00	Online Transaction
296	2026-02-01	4	Keyboard Mechanical	750000.00	2	1500000.00	651	Olga Laksita	Jalan Kapten Muslihat No. 27\nTanjungpinang, Banten 36498	+62 (090) 289-1266	2026-02-01	1500000.00	Product Sale
323	2025-09-12	4	Keyboard Mechanical	750000.00	8	6000000.00	413	Ayu Habibi	NULL	+62-563-623-0838	2025-09-12	6000000.00	Product Sale
324	2025-12-13	4	Keyboard Mechanical	750000.00	4	3000000.00	637	Gambira Utami	Jalan Rumah Sakit No. 6\nMadiun, Sulawesi Utara 90615	+62 (02) 698 9125	2025-12-13	3000000.00	Online Transaction
330	2025-08-14	4	Keyboard Mechanical	750000.00	8	6000000.00	1662	Sabri Marpaung	Jalan Raya Ujungberung No. 473\nPekalongan, NT 79127	0841014572	2025-08-14	6000000.00	Customer Purchase
341	2026-04-18	4	Keyboard Mechanical	750000.00	2	1500000.00	1381	Soleh Padmasari	Gang Pelajar Pejuang No. 00\nDenpasar, BT 17587	+62-411-275-6733	2026-04-18	1500000.00	Store Sale
358	2026-06-16	4	Keyboard Mechanical	750000.00	3	2250000.00	1634	Mala Dabukke	Jalan Abdul Muis No. 09\nPekalongan, Papua Barat 17089	+62-07-269-6440	2026-06-16	2250000.00	Store Sale
360	2026-03-26	4	Keyboard Mechanical	750000.00	8	6000000.00	870	Zaenab Utama	Jalan K.H. Wahid Hasyim No. 837\nBekasi, Jambi 56157	+62-053-167-4075	2026-03-26	6000000.00	Customer Purchase
363	2026-01-16	4	Keyboard Mechanical	750000.00	2	1500000.00	1773	Nadia Budiyanto	Gg. Suniaraja No. 64\nPangkalpinang, Kepulauan Riau 69177	+62 (36) 061 0882	2026-01-16	1500000.00	Customer Purchase
378	2026-03-12	4	Keyboard Mechanical	750000.00	4	3000000.00	1023	Bahuraksa Wijayanti	Jalan Cihampelas No. 16\nKotamobagu, Jawa Barat 21624	+62-0156-894-3564	2026-03-12	3000000.00	Store Sale
381	2026-06-14	4	Keyboard Mechanical	750000.00	9	6750000.00	1297	Kani Kusmawati	Gg. Rajawali Timur No. 038\nMalang, SN 25600	(058) 558-0263	2026-06-14	6750000.00	Online Transaction
401	2026-01-12	4	Keyboard Mechanical	750000.00	6	4500000.00	1984	Dono Ardianto	Gg. Raya Ujungberung No. 9\nBukittinggi, Bali 73021	(070) 109-9455	2026-01-12	4500000.00	Product Sale
406	2025-10-30	4	Keyboard Mechanical	750000.00	3	2250000.00	1427	R. Amalia Hutasoit, M.M.	Jalan Gardujati No. 2\nTernate, Nusa Tenggara Barat 58505	+62 (075) 202-6773	2025-10-30	2250000.00	Online Transaction
409	2025-08-14	4	Keyboard Mechanical	750000.00	5	3750000.00	1450	Keisha Hakim	Jl. Ronggowarsito No. 690\nKendari, JK 98415	0801051621	2025-08-14	3750000.00	Online Transaction
410	2026-06-18	4	Keyboard Mechanical	750000.00	5	3750000.00	35	Hj. Oliva Anggriawan	NULL	+62 (470) 564 7145	2026-06-18	3750000.00	Online Transaction
413	2026-01-19	4	Keyboard Mechanical	750000.00	9	6750000.00	1307	Kairav Putra	Jl. Ahmad Yani No. 531\nPagaralam, Sulawesi Tengah 27904	(040) 172 5121	2026-01-19	6750000.00	Online Transaction
424	2026-03-19	4	Keyboard Mechanical	750000.00	3	2250000.00	486	Marsito Jailani	Gg. Rajawali Timur No. 4\nPangkalpinang, Maluku Utara 48185	(069) 716-8518	2026-03-19	2250000.00	Store Sale
428	2025-10-28	4	Keyboard Mechanical	750000.00	6	4500000.00	634	Mala Dabukke	Jalan Abdul Muis No. 09\nPekalongan, Papua Barat 17089	+62-07-269-6440	2025-10-28	4500000.00	Store Sale
444	2025-07-11	4	Keyboard Mechanical	750000.00	9	6750000.00	1678	Surya Halim	Jalan Rajawali Timur No. 094\nBinjai, BA 05451	(0335) 314 3841	2025-07-11	6750000.00	Customer Purchase
455	2026-03-26	4	Keyboard Mechanical	750000.00	6	4500000.00	170	Daliono Damanik, S.E.	NULL	+62 (27) 797 3571	2026-03-26	4500000.00	Product Sale
458	2026-01-02	4	Keyboard Mechanical	750000.00	2	1500000.00	1443	Damar Hutagalung, M.Kom.	Gang Rajiman No. 577\nKota Administrasi Jakarta Timur, Sulawesi Barat 49652	+62 (56) 109 0035	2026-01-02	1500000.00	Customer Purchase
473	2026-01-19	4	Keyboard Mechanical	750000.00	7	5250000.00	208	Drs. Waluyo Laksmiwati	Jl. Peta No. 450\nBandar Lampung, Jawa Tengah 53376	(082) 512-3249	2026-01-19	5250000.00	Product Sale
476	2026-02-17	4	Keyboard Mechanical	750000.00	9	6750000.00	1764	Cahyono Pudjiastuti	Gang Merdeka No. 094\nTidore Kepulauan, LA 73068	+62-76-677-1329	2026-02-17	6750000.00	Store Sale
483	2025-09-23	4	Keyboard Mechanical	750000.00	8	6000000.00	1330	Tgk. Purwa Widiastuti	Jl. Rajiman No. 443\nCilegon, Jambi 99533	(030) 098-0850	2025-09-23	6000000.00	Product Sale
487	2025-07-15	4	Keyboard Mechanical	750000.00	8	6000000.00	1800	Pia Agustina	Jl. Raya Setiabudhi No. 011\nBatam, Nusa Tenggara Timur 61150	089 887 3949	2025-07-15	6000000.00	Online Transaction
488	2026-05-10	4	Keyboard Mechanical	750000.00	8	6000000.00	196	Icha Zulkarnain, M.TI.	Gg. Tubagus Ismail No. 2\nKendari, DKI Jakarta 56682	+62 (0551) 151-6622	2026-05-10	6000000.00	Online Transaction
489	2025-07-11	4	Keyboard Mechanical	750000.00	2	1500000.00	1147	Vera Sitorus	Gang Jakarta No. 58\nMetro, MA 06382	+62 (480) 403 3536	2025-07-11	1500000.00	Product Sale
490	2026-06-07	4	Keyboard Mechanical	750000.00	4	3000000.00	1426	Okto Hassanah, S.Gz	Gang Cikutra Timur No. 57\nKota Administrasi Jakarta Pusat, Kepulauan Riau 87611	+62 (0771) 184 9135	2026-06-07	3000000.00	Product Sale
500	2026-01-29	4	Keyboard Mechanical	750000.00	2	1500000.00	1465	Raden Hartati	Jl. Erlangga No. 510\nMadiun, KR 62792	+62 (776) 386-7599	2026-01-29	1500000.00	Customer Purchase
504	2025-10-15	4	Keyboard Mechanical	750000.00	1	750000.00	1110	Paris Novitasari	Gang Suryakencana No. 938\nTarakan, Kalimantan Utara 94751	(0013) 110 1343	2025-10-15	750000.00	Online Transaction
511	2025-09-26	4	Keyboard Mechanical	750000.00	2	1500000.00	1603	Banawa Gunarto	Jalan BKR No. 22\nBatam, Gorontalo 71299	+62 (0338) 405-4032	2025-09-26	1500000.00	Product Sale
521	2025-09-03	4	Keyboard Mechanical	750000.00	6	4500000.00	559	Galar Manullang	Jl. Rajawali Barat No. 82\nKediri, Gorontalo 78383	+62-035-771-3085	2025-09-03	4500000.00	Online Transaction
528	2025-07-18	4	Keyboard Mechanical	750000.00	3	2250000.00	1344	Prakosa Hakim	Jl. Sukabumi No. 38\nKota Administrasi Jakarta Pusat, Bali 02291	+62-81-095-0461	2025-07-18	2250000.00	Customer Purchase
531	2025-07-16	4	Keyboard Mechanical	750000.00	6	4500000.00	1672	Kamila Iswahyudi, S.Sos	NULL	0848356989	2025-07-16	4500000.00	Online Transaction
533	2026-04-30	4	Keyboard Mechanical	750000.00	7	5250000.00	697	Dr. Agnes Habibi	Jalan Ahmad Yani No. 401\nBandung, KS 31865	+62 (072) 793-2281	2026-04-30	5250000.00	Customer Purchase
535	2026-04-23	4	Keyboard Mechanical	750000.00	6	4500000.00	632	Jamalia Waluyo	Gang Ahmad Yani No. 115\nKendari, BE 53657	(0751) 285 8763	2026-04-23	4500000.00	Customer Purchase
538	2025-10-09	4	Keyboard Mechanical	750000.00	2	1500000.00	138	Kawaca Prasetya	Jl. HOS. Cokroaminoto No. 32\nPurwokerto, Maluku Utara 82249	+62 (0378) 309-4315	2025-10-09	1500000.00	Customer Purchase
539	2026-02-13	4	Keyboard Mechanical	750000.00	2	1500000.00	1881	KH. Raden Halim	Gang Raya Setiabudhi No. 3\nSabang, LA 01592	086 232 3321	2026-02-13	1500000.00	Customer Purchase
543	2025-09-13	4	Keyboard Mechanical	750000.00	4	3000000.00	960	Umar Agustina	Jl. K.H. Wahid Hasyim No. 3\nTasikmalaya, Lampung 40330	+62 (819) 389-9685	2025-09-13	3000000.00	Product Sale
553	2026-06-23	4	Keyboard Mechanical	750000.00	7	5250000.00	616	Hj. Rahayu Suartini	Jalan Medokan Ayu No. 7\nJambi, SS 54038	+62 (27) 246-5718	2026-06-23	5250000.00	Product Sale
555	2026-02-05	4	Keyboard Mechanical	750000.00	5	3750000.00	1410	KH. Marsudi Permata	Jalan Indragiri No. 69\nSabang, SN 32171	(0805) 816 7342	2026-02-05	3750000.00	Store Sale
562	2025-12-21	4	Keyboard Mechanical	750000.00	1	750000.00	1810	Jagapati Wasita	Gg. Moch. Ramdan No. 215\nSalatiga, Gorontalo 21614	+62 (028) 835 7845	2025-12-21	750000.00	Product Sale
563	2026-01-28	4	Keyboard Mechanical	750000.00	6	4500000.00	1446	Drs. Farah Farida, S.Kom	Jalan Dipenogoro No. 8\nBontang, Kalimantan Selatan 37924	+62 (032) 892 3382	2026-01-28	4500000.00	Store Sale
566	2025-10-10	4	Keyboard Mechanical	750000.00	3	2250000.00	308	Elisa Mahendra	Jl. Cikutra Timur No. 6\nPalangkaraya, Sumatera Utara 18556	+62 (50) 220-5779	2025-10-10	2250000.00	Online Transaction
569	2025-12-16	4	Keyboard Mechanical	750000.00	2	1500000.00	1964	Karma Hasanah	Gg. W.R. Supratman No. 1\nMedan, RI 56832	+62 (05) 305-7111	2025-12-16	1500000.00	Store Sale
571	2026-01-02	4	Keyboard Mechanical	750000.00	5	3750000.00	1190	Samiah Siregar	Gg. Moch. Ramdan No. 1\nBalikpapan, JA 25291	0880029248	2026-01-02	3750000.00	Product Sale
574	2026-06-02	4	Keyboard Mechanical	750000.00	2	1500000.00	1926	Shania Simanjuntak	NULL	084 236 0553	2026-06-02	1500000.00	Online Transaction
577	2025-08-23	4	Keyboard Mechanical	750000.00	6	4500000.00	1330	Tgk. Purwa Widiastuti	Jl. Rajiman No. 443\nCilegon, Jambi 99533	(030) 098-0850	2025-08-23	4500000.00	Store Sale
578	2025-11-13	4	Keyboard Mechanical	750000.00	8	6000000.00	1090	Emil Riyanti	Jalan Raya Setiabudhi No. 4\nKota Administrasi Jakarta Pusat, KB 88593	+62 (072) 129 3525	2025-11-13	6000000.00	Product Sale
584	2026-05-20	4	Keyboard Mechanical	750000.00	10	7500000.00	1069	Dr. Ika Utama	Jalan Abdul Muis No. 6\nBatu, DI Yogyakarta 47125	(059) 877-7025	2026-05-20	7500000.00	Product Sale
586	2025-08-12	4	Keyboard Mechanical	750000.00	8	6000000.00	1406	Oskar Sitorus	Jalan Kiaracondong No. 044\nPalembang, Sulawesi Utara 12147	(0095) 533-7204	2025-08-12	6000000.00	Store Sale
589	2025-11-15	4	Keyboard Mechanical	750000.00	3	2250000.00	1269	Anggabaya Napitupulu, S.Pt	Gang Joyoboyo No. 43\nKupang, PA 68662	(0068) 377 8636	2025-11-15	2250000.00	Customer Purchase
590	2026-04-14	4	Keyboard Mechanical	750000.00	3	2250000.00	1971	Vega Wahyuni	Gang Cikapayang No. 508\nPariaman, Aceh 10607	+62 (0822) 232-8885	2026-04-14	2250000.00	Customer Purchase
597	2025-10-10	4	Keyboard Mechanical	750000.00	6	4500000.00	73	Cut Winda Hastuti, S.IP	Jl. Cikutra Barat No. 37\nKota Administrasi Jakarta Barat, Sumatera Selatan 72778	+62 (0554) 246 2119	2025-10-10	4500000.00	Online Transaction
598	2026-03-09	4	Keyboard Mechanical	750000.00	9	6750000.00	429	Tgk. Chandra Astuti, M.Kom.	Jalan Asia Afrika No. 657\nPadang Sidempuan, Nusa Tenggara Timur 47596	0835510263	2026-03-09	6750000.00	Product Sale
599	2026-06-21	4	Keyboard Mechanical	750000.00	8	6000000.00	1640	KH. Mulya Haryanti	Gg. Rajawali Barat No. 48\nSubulussalam, PB 20722	+62-951-558-4374	2026-06-21	6000000.00	Store Sale
609	2026-06-03	4	Keyboard Mechanical	750000.00	2	1500000.00	1610	Septi Pranowo, S.E.	Jl. Raya Setiabudhi No. 7\nBekasi, AC 00942	(094) 919 8747	2026-06-03	1500000.00	Online Transaction
613	2025-11-07	4	Keyboard Mechanical	750000.00	3	2250000.00	1299	Fathonah Thamrin	Jalan Kendalsari No. 4\nSurabaya, BE 64253	+62 (0218) 794 2540	2025-11-07	2250000.00	Online Transaction
616	2026-05-29	4	Keyboard Mechanical	750000.00	3	2250000.00	532	Fitria Saptono	Jalan Suniaraja No. 0\nTebingtinggi, Jawa Tengah 61025	086 522 5147	2026-05-29	2250000.00	Customer Purchase
618	2025-07-24	4	Keyboard Mechanical	750000.00	7	5250000.00	1895	Ana Kuswoyo	Jl. Asia Afrika No. 251\nMetro, KU 03705	+62 (264) 301 1980	2025-07-24	5250000.00	Online Transaction
619	2025-11-18	4	Keyboard Mechanical	750000.00	9	6750000.00	457	Liman Saefullah, S.E.I	Gang Cikutra Barat No. 6\nPontianak, Sulawesi Utara 34464	+62-0326-722-9704	2025-11-18	6750000.00	Online Transaction
622	2025-08-10	4	Keyboard Mechanical	750000.00	9	6750000.00	1560	Tgk. Cecep Wijaya, S.Psi	Gg. Ronggowarsito No. 11\nPalopo, LA 86739	+62 (556) 168 4579	2025-08-10	6750000.00	Online Transaction
627	2026-05-03	4	Keyboard Mechanical	750000.00	5	3750000.00	401	Lurhur Mayasari	Gang Rajiman No. 734\nBukittinggi, Sumatera Utara 43478	0827864043	2026-05-03	3750000.00	Customer Purchase
628	2025-09-02	4	Keyboard Mechanical	750000.00	7	5250000.00	82	Gada Pradana	NULL	+62 (685) 668-3157	2025-09-02	5250000.00	Online Transaction
629	2026-04-27	4	Keyboard Mechanical	750000.00	6	4500000.00	1185	Embuh Prasetyo	Jalan Yos Sudarso No. 53\nKota Administrasi Jakarta Pusat, SS 01072	+62 (83) 495 1954	2026-04-27	4500000.00	Product Sale
630	2026-03-27	4	Keyboard Mechanical	750000.00	8	6000000.00	1371	Patricia Permadi	Jl. Cihampelas No. 952\nSungai Penuh, SS 96385	+62 (037) 446 5820	2026-03-27	6000000.00	Product Sale
632	2025-10-18	4	Keyboard Mechanical	750000.00	6	4500000.00	453	Carla Damanik	Gang Kebonjati No. 58\nMojokerto, ST 45231	+62-18-632-1968	2025-10-18	4500000.00	Online Transaction
636	2025-07-12	4	Keyboard Mechanical	750000.00	9	6750000.00	1150	Mustika Waskita	Jl. KH Amin Jasuta No. 18\nSubulussalam, KT 57742	(004) 947 8311	2025-07-12	6750000.00	Online Transaction
638	2026-06-12	4	Keyboard Mechanical	750000.00	3	2250000.00	265	Cinthia Kuswoyo	Gg. Raya Setiabudhi No. 113\nKota Administrasi Jakarta Timur, Jawa Timur 42340	+62 (468) 061 8805	2026-06-12	2250000.00	Product Sale
644	2026-05-23	4	Keyboard Mechanical	750000.00	8	6000000.00	1036	R.A. Puji Ardianto, S.Ked	Jl. Kapten Muslihat No. 68\nPalopo, JK 61996	+62 (018) 202 5033	2026-05-23	6000000.00	Online Transaction
646	2025-09-11	4	Keyboard Mechanical	750000.00	10	7500000.00	771	Irnanto Wijaya	Gg. Rajiman No. 925\nPadang Sidempuan, DI Yogyakarta 66931	+62-0543-988-1942	2025-09-11	7500000.00	Customer Purchase
651	2025-07-30	4	Keyboard Mechanical	750000.00	1	750000.00	1995	Yunita Nashiruddin	Jl. Gegerkalong Hilir No. 133\nBanjarmasin, Jawa Barat 19986	(092) 928 6539	2025-07-30	750000.00	Online Transaction
656	2025-12-29	4	Keyboard Mechanical	750000.00	10	7500000.00	18	Salsabila Wijaya	Gang M.H Thamrin No. 770\nTomohon, PA 67398	+62 (749) 365 1228	2025-12-29	7500000.00	Customer Purchase
657	2025-10-26	4	Keyboard Mechanical	750000.00	8	6000000.00	200	Tiara Firmansyah	Jl. Jend. A. Yani No. 4\nBanjarmasin, SB 94905	+62 (959) 080 3623	2025-10-26	6000000.00	Store Sale
660	2026-05-22	4	Keyboard Mechanical	750000.00	6	4500000.00	1131	Tgk. Najam Handayani, S.Gz	Jalan Rungkut Industri No. 29\nAmbon, SR 37204	+62-062-295-8867	2026-05-22	4500000.00	Customer Purchase
662	2025-12-12	4	Keyboard Mechanical	750000.00	6	4500000.00	102	Dimas Laksmiwati	NULL	+62 (54) 049-3694	2025-12-12	4500000.00	Store Sale
664	2025-08-05	4	Keyboard Mechanical	750000.00	10	7500000.00	207	Edi Budiyanto, S.Ked	Jl. K.H. Wahid Hasyim No. 423\nTernate, JK 36066	(015) 459 0448	2025-08-05	7500000.00	Product Sale
671	2025-10-22	4	Keyboard Mechanical	750000.00	1	750000.00	1057	Gambira Firgantoro	Gang Ronggowarsito No. 07\nBalikpapan, KR 08017	(053) 636-4937	2025-10-22	750000.00	Customer Purchase
676	2026-04-21	4	Keyboard Mechanical	750000.00	9	6750000.00	923	drg. Nalar Yuniar	Gg. Ahmad Dahlan No. 4\nPalangkaraya, Jawa Barat 65452	+62 (16) 302 6272	2026-04-21	6750000.00	Customer Purchase
683	2026-01-19	4	Keyboard Mechanical	750000.00	9	6750000.00	759	Tgk. Patricia Siregar	Gg. K.H. Wahid Hasyim No. 952\nSabang, Kalimantan Tengah 89333	+62 (28) 630 4264	2026-01-19	6750000.00	Store Sale
684	2025-10-12	4	Keyboard Mechanical	750000.00	7	5250000.00	1403	Raharja Salahudin, S.H.	Gg. Setiabudhi No. 40\nPalu, KS 22373	+62 (31) 800 9112	2025-10-12	5250000.00	Store Sale
690	2026-05-10	4	Keyboard Mechanical	750000.00	7	5250000.00	580	Ika Wijayanti	Gang Jayawijaya No. 2\nPadang, KS 75449	+62-81-132-6470	2026-05-10	5250000.00	Store Sale
700	2026-04-16	4	Keyboard Mechanical	750000.00	2	1500000.00	966	Bahuraksa Purwanti	Jl. Waringin No. 388\nTanjungbalai, KR 32851	(0329) 650 4769	2026-04-16	1500000.00	Customer Purchase
708	2026-04-16	4	Keyboard Mechanical	750000.00	7	5250000.00	1432	Ibrani Tarihoran	Jl. Pasteur No. 04\nPadangpanjang, Gorontalo 29688	(0612) 533 7740	2026-04-16	5250000.00	Online Transaction
710	2026-01-16	4	Keyboard Mechanical	750000.00	10	7500000.00	1920	Tgk. Yoga Safitri	Jalan Ahmad Dahlan No. 9\nTebingtinggi, SS 68350	(0130) 693 3172	2026-01-16	7500000.00	Customer Purchase
720	2026-07-06	4	Keyboard Mechanical	750000.00	9	6750000.00	1817	Drs. Alika Zulaika	Jalan Medokan Ayu No. 4\nBima, Bali 81045	+62 (295) 497-1612	2026-07-06	6750000.00	Store Sale
722	2025-12-22	4	Keyboard Mechanical	750000.00	5	3750000.00	1511	Mala Dabukke	Jalan Astana Anyar No. 1\nYogyakarta, KI 01799	0833691732	2025-12-22	3750000.00	Store Sale
730	2026-04-04	4	Keyboard Mechanical	750000.00	1	750000.00	1578	Dt. Dimaz Sihombing	Gang Lembong No. 1\nBontang, Kalimantan Tengah 26548	+62-584-025-3770	2026-04-04	750000.00	Online Transaction
732	2025-10-28	4	Keyboard Mechanical	750000.00	4	3000000.00	1852	Akarsana Irawan	Gg. Ahmad Dahlan No. 58\nSabang, Kepulauan Bangka Belitung 85627	084 196 1417	2025-10-28	3000000.00	Product Sale
733	2026-03-16	4	Keyboard Mechanical	750000.00	3	2250000.00	747	Warsa Winarsih	Jl. BKR No. 52\nJayapura, PB 25286	(001) 238-8711	2026-03-16	2250000.00	Store Sale
734	2026-04-10	4	Keyboard Mechanical	750000.00	4	3000000.00	88	Unjani Riyanti	NULL	+62-13-134-5691	2026-04-10	3000000.00	Product Sale
749	2025-08-01	4	Keyboard Mechanical	750000.00	10	7500000.00	1091	Bala Irawan	Gang Indragiri No. 6\nBanjarmasin, Aceh 12762	(045) 754 1974	2025-08-01	7500000.00	Online Transaction
750	2025-09-23	4	Keyboard Mechanical	750000.00	10	7500000.00	1345	Martaka Puspasari	Jl. Ahmad Dahlan No. 505\nBatu, Bengkulu 51286	+62 (771) 758-0803	2025-09-23	7500000.00	Product Sale
753	2025-12-20	4	Keyboard Mechanical	750000.00	3	2250000.00	927	Uchita Usada	Gang K.H. Wahid Hasyim No. 7\nTasikmalaya, Kalimantan Tengah 38075	+62-003-168-3382	2025-12-20	2250000.00	Online Transaction
756	2026-04-15	4	Keyboard Mechanical	750000.00	5	3750000.00	1961	Puti Queen Mardhiyah, S.Sos	Jalan Astana Anyar No. 78\nSungai Penuh, JT 68148	+62 (035) 312 9041	2026-04-15	3750000.00	Store Sale
760	2025-12-21	4	Keyboard Mechanical	750000.00	7	5250000.00	478	Eli Pratama	Jl. KH Amin Jasuta No. 448\nBalikpapan, GO 50413	+62-553-402-3161	2025-12-21	5250000.00	Store Sale
765	2026-03-04	4	Keyboard Mechanical	750000.00	9	6750000.00	1437	Janet Hutasoit	Jalan Gedebage Selatan No. 0\nGorontalo, Aceh 35348	+62 (0850) 970-5962	2026-03-04	6750000.00	Online Transaction
782	2025-07-09	4	Keyboard Mechanical	750000.00	5	3750000.00	720	Drs. Kayla Pratama, S.Psi	Gang Tubagus Ismail No. 879\nKendari, Kalimantan Barat 46470	087 528 4828	2025-07-09	3750000.00	Online Transaction
794	2026-03-13	4	Keyboard Mechanical	750000.00	6	4500000.00	550	dr. Utama Haryanti, S.Pd	Gang Gedebage Selatan No. 45\nPadang Sidempuan, Gorontalo 96056	+62 (59) 588-2449	2026-03-13	4500000.00	Product Sale
799	2026-04-17	4	Keyboard Mechanical	750000.00	1	750000.00	1182	R. Ulya Habibi, M.Farm	Jalan Rajawali Timur No. 84\nBanjar, Papua Barat 31696	+62-378-249-0175	2026-04-17	750000.00	Product Sale
800	2025-08-18	4	Keyboard Mechanical	750000.00	3	2250000.00	1369	Okto Saragih	Jalan Sukabumi No. 85\nBinjai, JA 61246	(047) 823 6480	2025-08-18	2250000.00	Online Transaction
813	2025-11-07	4	Keyboard Mechanical	750000.00	4	3000000.00	435	Paiman Napitupulu	Jl. Pelajar Pejuang No. 6\nLangsa, KR 23955	+62-076-167-7345	2025-11-07	3000000.00	Customer Purchase
831	2026-03-31	4	Keyboard Mechanical	750000.00	5	3750000.00	1154	Makuta Sihotang	Gang Jend. Sudirman No. 912\nMeulaboh, YO 43532	0895216617	2026-03-31	3750000.00	Store Sale
833	2025-12-24	4	Keyboard Mechanical	750000.00	5	3750000.00	573	Dr. Luhung Latupono	Jl. Kapten Muslihat No. 0\nBau-Bau, Kepulauan Riau 56635	+62-0286-647-6866	2025-12-24	3750000.00	Store Sale
834	2026-02-10	4	Keyboard Mechanical	750000.00	4	3000000.00	894	Karja Megantara	Gang Sukajadi No. 4\nProbolinggo, JK 44194	(004) 922 6330	2026-02-10	3000000.00	Product Sale
835	2025-10-02	4	Keyboard Mechanical	750000.00	10	7500000.00	1145	Tgk. Soleh Rajata, S.Pt	Gg. Suryakencana No. 8\nSamarinda, KR 41955	+62 (908) 014 9608	2025-10-02	7500000.00	Online Transaction
841	2026-02-20	4	Keyboard Mechanical	750000.00	10	7500000.00	475	Labuh Pratama	Jalan Kendalsari No. 4\nMojokerto, SU 76733	+62 (0925) 056-2681	2026-02-20	7500000.00	Online Transaction
843	2026-01-16	4	Keyboard Mechanical	750000.00	7	5250000.00	77	Soleh Habibi	Gang Dr. Djunjunan No. 6\nSalatiga, Kalimantan Tengah 09503	+62 (86) 719-5967	2026-01-16	5250000.00	Product Sale
846	2026-01-18	4	Keyboard Mechanical	750000.00	5	3750000.00	1665	Najam Wijayanti, M.M.	Jalan Kapten Muslihat No. 2\nTual, Jambi 01452	+62-214-902-5110	2026-01-18	3750000.00	Customer Purchase
848	2025-09-08	4	Keyboard Mechanical	750000.00	2	1500000.00	1891	Cut Paulin Nababan, S.Kom	Jalan Gegerkalong Hilir No. 3\nManado, Nusa Tenggara Barat 70641	+62 (77) 322-6461	2025-09-08	1500000.00	Product Sale
851	2026-05-09	4	Keyboard Mechanical	750000.00	9	6750000.00	118	Tantri Padmasari	Jl. Kendalsari No. 91\nBima, BB 13183	+62 (045) 713 4904	2026-05-09	6750000.00	Customer Purchase
852	2026-01-28	4	Keyboard Mechanical	750000.00	3	2250000.00	1843	Puji Wijayanti	Jl. Dipenogoro No. 5\nMagelang, Jawa Tengah 55251	+62-082-933-8227	2026-01-28	2250000.00	Store Sale
859	2025-11-08	4	Keyboard Mechanical	750000.00	7	5250000.00	1096	Citra Mardhiyah	Gg. Jayawijaya No. 46\nKediri, JB 64840	(0312) 397 0262	2025-11-08	5250000.00	Online Transaction
865	2026-04-17	4	Keyboard Mechanical	750000.00	6	4500000.00	394	Nurul Purwanti, S.H.	Jalan Abdul Muis No. 99\nMataram, KR 58973	+62 (897) 369 5895	2026-04-17	4500000.00	Online Transaction
872	2025-08-20	4	Keyboard Mechanical	750000.00	3	2250000.00	1850	Novi Samosir, S.E.I	Gang Monginsidi No. 1\nBukittinggi, Sulawesi Selatan 25939	+62-088-430-2551	2025-08-20	2250000.00	Store Sale
875	2025-09-25	4	Keyboard Mechanical	750000.00	1	750000.00	887	Ir. Raisa Halim, M.Pd	Gang Cikapayang No. 748\nPrabumulih, JB 38157	(098) 485-1228	2025-09-25	750000.00	Online Transaction
878	2025-08-08	4	Keyboard Mechanical	750000.00	6	4500000.00	969	Nova Mansur, S.Ked	Gg. K.H. Wahid Hasyim No. 8\nTernate, SB 92580	+62-23-762-8483	2025-08-08	4500000.00	Online Transaction
879	2025-09-10	4	Keyboard Mechanical	750000.00	5	3750000.00	1078	Ir. Maimunah Sihombing	Gg. S. Parman No. 00\nSubulussalam, Bengkulu 70376	+62 (0908) 928 6314	2025-09-10	3750000.00	Store Sale
880	2026-04-30	4	Keyboard Mechanical	750000.00	2	1500000.00	1505	Sabrina Natsir	Gg. Dipenogoro No. 77\nBanjar, LA 79422	+62 (08) 518-8480	2026-04-30	1500000.00	Customer Purchase
887	2025-08-09	4	Keyboard Mechanical	750000.00	9	6750000.00	279	Tgk. Fathonah Nurdiyanti, S.IP	Gg. W.R. Supratman No. 9\nPematangsiantar, Sulawesi Tenggara 69097	+62-53-849-2346	2025-08-09	6750000.00	Store Sale
892	2025-07-13	4	Keyboard Mechanical	750000.00	8	6000000.00	1271	Drs. Natalia Widodo	Jl. Asia Afrika No. 5\nTual, SB 81243	+62 (517) 047-5388	2025-07-13	6000000.00	Online Transaction
898	2025-08-14	4	Keyboard Mechanical	750000.00	10	7500000.00	1741	Eva Fujiati	Gang M.T Haryono No. 85\nKota Administrasi Jakarta Barat, MU 14524	+62 (99) 120-7359	2025-08-14	7500000.00	Store Sale
899	2026-01-17	4	Keyboard Mechanical	750000.00	3	2250000.00	1311	Ellis Hardiansyah	Jalan Waringin No. 708\nKota Administrasi Jakarta Selatan, Bali 30280	(0592) 967-0249	2026-01-17	2250000.00	Store Sale
904	2026-05-24	4	Keyboard Mechanical	750000.00	6	4500000.00	569	Tantri Wijaya, M.Pd	Gang Laswi No. 6\nMetro, Kalimantan Utara 74513	+62-0812-459-2842	2026-05-24	4500000.00	Customer Purchase
905	2026-05-19	4	Keyboard Mechanical	750000.00	1	750000.00	1413	Ayu Habibi	NULL	+62-563-623-0838	2026-05-19	750000.00	Product Sale
910	2026-02-16	4	Keyboard Mechanical	750000.00	8	6000000.00	1140	Saiful Hidayat	Gang Dipatiukur No. 185\nSurakarta, AC 96418	+62-87-430-1477	2026-02-16	6000000.00	Product Sale
924	2026-04-06	4	Keyboard Mechanical	750000.00	6	4500000.00	787	Ratih Sinaga	Jalan Jakarta No. 160\nTidore Kepulauan, SR 28984	+62-05-938-2954	2026-04-06	4500000.00	Online Transaction
934	2025-12-13	4	Keyboard Mechanical	750000.00	7	5250000.00	227	KH. Opan Sirait	Jl. Peta No. 87\nDumai, Kalimantan Utara 07807	+62 (067) 854-8979	2025-12-13	5250000.00	Store Sale
940	2025-11-13	4	Keyboard Mechanical	750000.00	3	2250000.00	291	Anom Firgantoro	Jl. BKR No. 2\nKotamobagu, Sulawesi Barat 79096	+62 (0129) 718-4904	2025-11-13	2250000.00	Customer Purchase
942	2026-04-26	4	Keyboard Mechanical	750000.00	10	7500000.00	25	Drs. Ifa Budiman, M.Kom.	Jl. Antapani Lama No. 6\nLhokseumawe, Sulawesi Tengah 16275	(0286) 362-6536	2026-04-26	7500000.00	Customer Purchase
943	2026-01-02	4	Keyboard Mechanical	750000.00	7	5250000.00	480	Michelle Purnawati	Gang Wonoayu No. 7\nLubuklinggau, Bengkulu 23980	(0483) 153-4109	2026-01-02	5250000.00	Store Sale
944	2025-12-21	4	Keyboard Mechanical	750000.00	2	1500000.00	801	Paiman Nababan	Jl. Merdeka No. 93\nKota Administrasi Jakarta Utara, SG 20392	+62-029-657-6789	2025-12-21	1500000.00	Store Sale
959	2025-12-17	4	Keyboard Mechanical	750000.00	8	6000000.00	312	Pia Wibowo	Jalan Ahmad Yani No. 21\nBandar Lampung, Sulawesi Tenggara 96226	+62 (195) 799-0405	2025-12-17	6000000.00	Product Sale
962	2026-07-06	4	Keyboard Mechanical	750000.00	10	7500000.00	1412	Mala Sihotang, S.Ked	Gg. Pacuan Kuda No. 0\nBengkulu, Jawa Barat 21995	+62 (91) 212-4033	2026-07-06	7500000.00	Customer Purchase
965	2025-12-19	4	Keyboard Mechanical	750000.00	7	5250000.00	1602	Drs. Ulya Yolanda, S.Pt	Jl. KH Amin Jasuta No. 32\nSemarang, SS 58735	(067) 086-5751	2025-12-19	5250000.00	Store Sale
969	2026-03-15	4	Keyboard Mechanical	750000.00	8	6000000.00	1848	Suci Pradana	Gang Lembong No. 8\nSerang, Aceh 19677	+62-0368-974-1632	2026-03-15	6000000.00	Store Sale
975	2026-04-01	4	Keyboard Mechanical	750000.00	2	1500000.00	643	Mala Hartati	Jalan Raya Ujungberung No. 90\nMedan, AC 21833	+62 (0636) 423-1249	2026-04-01	1500000.00	Store Sale
980	2026-06-12	4	Keyboard Mechanical	750000.00	9	6750000.00	1568	Ayu Yuliarti, M.Ak	Jalan Surapati No. 01\nCimahi, KI 53874	+62-441-983-2432	2026-06-12	6750000.00	Customer Purchase
982	2026-04-14	4	Keyboard Mechanical	750000.00	7	5250000.00	774	Enteng Hasanah, S.H.	Gang Gardujati No. 0\nKota Administrasi Jakarta Utara, Maluku Utara 30804	0857096614	2026-04-14	5250000.00	Product Sale
986	2026-01-24	4	Keyboard Mechanical	750000.00	5	3750000.00	785	Diana Manullang	Gang Indragiri No. 34\nTual, SU 96968	+62 (021) 583 4907	2026-01-24	3750000.00	Store Sale
988	2025-10-13	4	Keyboard Mechanical	750000.00	6	4500000.00	1629	Ozy Agustina	Jalan Ronggowarsito No. 3\nBatu, Sulawesi Tenggara 37509	+62 (310) 017 6012	2025-10-13	4500000.00	Online Transaction
989	2025-09-20	4	Keyboard Mechanical	750000.00	5	3750000.00	948	Ade Maryati	Jalan Jamika No. 956\nBengkulu, Sumatera Selatan 75538	082 191 2779	2025-09-20	3750000.00	Store Sale
993	2026-04-29	4	Keyboard Mechanical	750000.00	1	750000.00	1222	Dr. Garang Utami	Gang Jakarta No. 4\nPayakumbuh, JB 78198	+62-035-841-3390	2026-04-29	750000.00	Store Sale
998	2025-08-05	4	Keyboard Mechanical	750000.00	7	5250000.00	1434	Karimah Prastuti	Jl. KH Amin Jasuta No. 47\nCilegon, KS 97374	(0104) 489-0566	2025-08-05	5250000.00	Customer Purchase
1001	2026-02-27	4	Keyboard Mechanical	750000.00	4	3000000.00	466	Estiono Santoso	Gang Raya Setiabudhi No. 670\nMojokerto, JK 03511	+62 (0701) 708-4570	2026-02-27	3000000.00	Product Sale
1009	2025-12-29	4	Keyboard Mechanical	750000.00	1	750000.00	1351	Gilda Najmudin	Jalan Ciwastra No. 178\nCimahi, MA 26714	0866113649	2025-12-29	750000.00	Online Transaction
1011	2026-01-25	4	Keyboard Mechanical	750000.00	10	7500000.00	1859	Salsabila Hidayanto	Gg. Waringin No. 57\nMetro, Sulawesi Utara 74468	+62 (0937) 388-7404	2026-01-25	7500000.00	Customer Purchase
1014	2025-09-06	4	Keyboard Mechanical	750000.00	1	750000.00	911	Heryanto Nasyidah	Jalan Ahmad Dahlan No. 8\nSerang, NB 17362	+62 (010) 481-5982	2025-09-06	750000.00	Store Sale
1016	2025-08-05	4	Keyboard Mechanical	750000.00	1	750000.00	1961	Puti Queen Mardhiyah, S.Sos	Jalan Astana Anyar No. 78\nSungai Penuh, JT 68148	+62 (035) 312 9041	2025-08-05	750000.00	Product Sale
1017	2025-09-29	4	Keyboard Mechanical	750000.00	8	6000000.00	1819	Sabri Kusumo	Jalan Gardujati No. 672\nBanjar, SG 92994	(0969) 278 6769	2025-09-29	6000000.00	Online Transaction
1019	2025-12-18	4	Keyboard Mechanical	750000.00	4	3000000.00	1303	Siska Agustina	Jalan Wonoayu No. 8\nBanda Aceh, DI Yogyakarta 24487	+62 (091) 302-3615	2025-12-18	3000000.00	Online Transaction
1023	2026-02-02	4	Keyboard Mechanical	750000.00	6	4500000.00	102	Dimas Laksmiwati	NULL	+62 (54) 049-3694	2026-02-02	4500000.00	Store Sale
1027	2026-03-26	4	Keyboard Mechanical	750000.00	8	6000000.00	1683	dr. Irfan Marpaung, S.E.I	Gg. Cempaka No. 0\nBanjar, KI 33255	+62 (0192) 131-8554	2026-03-26	6000000.00	Store Sale
1030	2025-10-11	4	Keyboard Mechanical	750000.00	2	1500000.00	1843	Puji Wijayanti	Jl. Dipenogoro No. 5\nMagelang, Jawa Tengah 55251	+62-082-933-8227	2025-10-11	1500000.00	Store Sale
1037	2026-04-01	4	Keyboard Mechanical	750000.00	5	3750000.00	307	Kairav Putra	Jl. Ahmad Yani No. 531\nPagaralam, Sulawesi Tengah 27904	(040) 172 5121	2026-04-01	3750000.00	Store Sale
1039	2026-01-02	4	Keyboard Mechanical	750000.00	10	7500000.00	1132	Salsabila Puspasari	Gg. Kendalsari No. 22\nKota Administrasi Jakarta Utara, JB 46376	+62 (0789) 604 8209	2026-01-02	7500000.00	Product Sale
1040	2025-11-22	4	Keyboard Mechanical	750000.00	6	4500000.00	1429	Tgk. Chandra Astuti, M.Kom.	Jalan Asia Afrika No. 657\nPadang Sidempuan, Nusa Tenggara Timur 47596	0835510263	2025-11-22	4500000.00	Online Transaction
1050	2026-01-30	4	Keyboard Mechanical	750000.00	6	4500000.00	1196	Icha Zulkarnain, M.TI.	Gg. Tubagus Ismail No. 2\nKendari, DKI Jakarta 56682	+62 (0551) 151-6622	2026-01-30	4500000.00	Customer Purchase
1054	2026-03-17	4	Keyboard Mechanical	750000.00	10	7500000.00	238	Novi Ramadan	Jalan Medokan Ayu No. 33\nSabang, JT 73774	+62-0902-246-0556	2026-03-17	7500000.00	Product Sale
1060	2025-07-14	4	Keyboard Mechanical	750000.00	8	6000000.00	338	KH. Kenari Gunawan, S.E.	Jalan Moch. Ramdan No. 835\nKediri, KB 42971	(096) 994-2388	2025-07-14	6000000.00	Customer Purchase
1062	2025-08-13	4	Keyboard Mechanical	750000.00	9	6750000.00	1002	Cahyo Rahmawati	Jalan Abdul Muis No. 6\nTomohon, Sulawesi Tengah 62936	0826218353	2025-08-13	6750000.00	Customer Purchase
1071	2025-08-24	4	Keyboard Mechanical	750000.00	7	5250000.00	1919	Paris Wasita	Jalan Laswi No. 518\nYogyakarta, MA 95043	+62 (0866) 297 6602	2025-08-24	5250000.00	Customer Purchase
1078	2025-10-28	4	Keyboard Mechanical	750000.00	1	750000.00	1478	Eli Pratama	Jl. KH Amin Jasuta No. 448\nBalikpapan, GO 50413	+62-553-402-3161	2025-10-28	750000.00	Product Sale
1079	2025-08-06	4	Keyboard Mechanical	750000.00	10	7500000.00	632	Jamalia Waluyo	Gang Ahmad Yani No. 115\nKendari, BE 53657	(0751) 285 8763	2025-08-06	7500000.00	Store Sale
1086	2025-07-30	4	Keyboard Mechanical	750000.00	7	5250000.00	836	Dr. Cindy Damanik	Gg. Rajawali Timur No. 86\nSibolga, BT 48755	+62 (001) 103-6096	2025-07-30	5250000.00	Customer Purchase
1092	2026-02-21	4	Keyboard Mechanical	750000.00	7	5250000.00	446	Drs. Farah Farida, S.Kom	Jalan Dipenogoro No. 8\nBontang, Kalimantan Selatan 37924	+62 (032) 892 3382	2026-02-21	5250000.00	Online Transaction
1100	2026-04-14	4	Keyboard Mechanical	750000.00	3	2250000.00	643	Mala Hartati	Jalan Raya Ujungberung No. 90\nMedan, AC 21833	+62 (0636) 423-1249	2026-04-14	2250000.00	Customer Purchase
1103	2025-07-18	4	Keyboard Mechanical	750000.00	1	750000.00	698	Drs. Sabri Maryati, S.T.	Gang Gegerkalong Hilir No. 6\nPadang, JK 72303	+62-084-664-2148	2025-07-18	750000.00	Online Transaction
1106	2026-02-01	4	Keyboard Mechanical	750000.00	5	3750000.00	1641	T. Heryanto Pranowo, S.Pt	Jalan M.T Haryono No. 6\nPadang Sidempuan, BE 13262	+62-0552-178-8213	2026-02-01	3750000.00	Customer Purchase
1107	2025-08-24	4	Keyboard Mechanical	750000.00	5	3750000.00	1673	Cahyadi Dongoran	Jalan Surapati No. 93\nLubuklinggau, Jawa Timur 96880	+62-0237-235-9801	2025-08-24	3750000.00	Product Sale
1115	2025-07-10	4	Keyboard Mechanical	750000.00	4	3000000.00	1774	Enteng Hasanah, S.H.	Gang Gardujati No. 0\nKota Administrasi Jakarta Utara, Maluku Utara 30804	0857096614	2025-07-10	3000000.00	Store Sale
1117	2026-03-04	4	Keyboard Mechanical	750000.00	1	750000.00	1654	Queen Pradipta	Jl. M.H Thamrin No. 71\nCirebon, Gorontalo 66111	081 095 9439	2026-03-04	750000.00	Product Sale
1119	2026-06-27	4	Keyboard Mechanical	750000.00	6	4500000.00	247	Lanang Sitompul, S.Pt	Jl. Cikutra Timur No. 050\nBatam, PA 88775	+62-053-078-2313	2026-06-27	4500000.00	Customer Purchase
1133	2026-01-05	4	Keyboard Mechanical	750000.00	6	4500000.00	444	Dewi Setiawan	Gang Kiaracondong No. 42\nTomohon, NB 04216	+62 (792) 489-4711	2026-01-05	4500000.00	Customer Purchase
1135	2026-06-11	4	Keyboard Mechanical	750000.00	4	3000000.00	130	Ir. Estiono Hutapea	Gg. Cikapayang No. 69\nTual, Maluku Utara 88049	+62 (043) 423-9528	2026-06-11	3000000.00	Online Transaction
1138	2026-01-14	4	Keyboard Mechanical	750000.00	6	4500000.00	1178	Saka Napitupulu, S.Gz	Jl. M.H Thamrin No. 66\nMetro, Nusa Tenggara Timur 71092	(081) 449-3999	2026-01-14	4500000.00	Customer Purchase
1139	2026-05-23	4	Keyboard Mechanical	750000.00	9	6750000.00	955	Jefri Pratama	Jl. Dr. Djunjunan No. 73\nMataram, JI 08842	+62 (0573) 706-2754	2026-05-23	6750000.00	Online Transaction
1142	2026-04-10	4	Keyboard Mechanical	750000.00	4	3000000.00	273	Laksana Winarsih, S.E.	Jalan Ir. H. Djuanda No. 92\nKota Administrasi Jakarta Selatan, Jambi 94123	+62 (036) 249-1247	2026-04-10	3000000.00	Product Sale
1153	2026-03-03	4	Keyboard Mechanical	750000.00	1	750000.00	354	R. Violet Widodo	Jalan Kebonjati No. 6\nPariaman, Sumatera Barat 85235	+62-0777-899-3264	2026-03-03	750000.00	Customer Purchase
1154	2026-05-07	4	Keyboard Mechanical	750000.00	8	6000000.00	1428	Ir. Caturangga Firmansyah	Jl. Ahmad Dahlan No. 97\nPasuruan, JI 05568	(0954) 572 6410	2026-05-07	6000000.00	Online Transaction
1157	2026-01-22	4	Keyboard Mechanical	750000.00	9	6750000.00	598	Dt. Cakrawangsa Megantara	Jl. Jamika No. 1\nBontang, AC 25298	0828349035	2026-01-22	6750000.00	Product Sale
1164	2026-03-28	4	Keyboard Mechanical	750000.00	1	750000.00	999	Candra Hidayat, S.Sos	Jalan Monginsidi No. 0\nSolok, DI Yogyakarta 89072	(0481) 889 2972	2026-03-28	750000.00	Product Sale
1166	2026-03-14	4	Keyboard Mechanical	750000.00	4	3000000.00	983	Restu Tamba	Gg. Raya Ujungberung No. 6\nDenpasar, MA 60452	+62 (75) 828 1593	2026-03-14	3000000.00	Store Sale
1167	2026-06-30	4	Keyboard Mechanical	750000.00	9	6750000.00	1687	Nurul Astuti	Jl. Ciumbuleuit No. 4\nSibolga, YO 81474	+62 (031) 102-0793	2026-06-30	6750000.00	Product Sale
1168	2026-04-29	4	Keyboard Mechanical	750000.00	7	5250000.00	1235	Ozy Usada	Gg. Suryakencana No. 798\nMeulaboh, PB 25729	083 711 8516	2026-04-29	5250000.00	Product Sale
1170	2026-04-17	4	Keyboard Mechanical	750000.00	1	750000.00	1512	Ikhsan Hutapea	Jalan Kiaracondong No. 531\nSorong, SR 65758	(054) 129-6561	2026-04-17	750000.00	Customer Purchase
1174	2025-09-08	4	Keyboard Mechanical	750000.00	7	5250000.00	1700	Dr. Violet Wijayanti	Gang W.R. Supratman No. 99\nSurakarta, Bengkulu 67666	+62-071-923-0802	2025-09-08	5250000.00	Online Transaction
1178	2026-03-14	4	Keyboard Mechanical	750000.00	6	4500000.00	718	Dian Tarihoran, M.Kom.	Gg. Dr. Djunjunan No. 558\nPasuruan, Sumatera Barat 76778	+62-0158-052-9500	2026-03-14	4500000.00	Customer Purchase
1179	2025-11-05	4	Keyboard Mechanical	750000.00	7	5250000.00	1326	R. Artanto Usamah	Jalan Soekarno Hatta No. 71\nMakassar, JA 43668	+62 (0884) 073 5627	2025-11-05	5250000.00	Store Sale
1184	2026-06-28	4	Keyboard Mechanical	750000.00	4	3000000.00	158	Bajragin Utama	Gang Bangka Raya No. 32\nSukabumi, LA 99944	(0074) 971-5142	2026-06-28	3000000.00	Online Transaction
1189	2026-03-25	4	Keyboard Mechanical	750000.00	6	4500000.00	878	Tami Sitorus	Gg. W.R. Supratman No. 27\nBengkulu, BB 78986	+62 (0720) 773 9010	2026-03-25	4500000.00	Store Sale
1193	2025-11-29	4	Keyboard Mechanical	750000.00	9	6750000.00	1275	Wardaya Wacana	Jalan Raya Setiabudhi No. 120\nBitung, Kalimantan Tengah 09524	+62 (015) 757-3018	2025-11-29	6750000.00	Online Transaction
1194	2026-06-30	4	Keyboard Mechanical	750000.00	6	4500000.00	244	Bella Nuraini, M.Farm	Gg. Rajawali Barat No. 6\nBanjarbaru, Kalimantan Selatan 39092	+62 (08) 616-5110	2026-06-30	4500000.00	Product Sale
1207	2026-01-07	4	Keyboard Mechanical	750000.00	4	3000000.00	1703	Candra Salahudin	Gg. Raya Setiabudhi No. 6\nLhokseumawe, GO 13034	(077) 987-9417	2026-01-07	3000000.00	Store Sale
1213	2026-04-23	4	Keyboard Mechanical	750000.00	6	4500000.00	606	Gara Kuswoyo, S.IP	Jl. W.R. Supratman No. 0\nBlitar, KS 48801	(004) 543 9687	2026-04-23	4500000.00	Store Sale
1214	2025-10-01	4	Keyboard Mechanical	750000.00	6	4500000.00	1931	Cemplunk Mandasari, S.H.	Gg. Antapani Lama No. 02\nLangsa, NT 32139	+62-0333-421-6537	2025-10-01	4500000.00	Online Transaction
1220	2026-06-17	4	Keyboard Mechanical	750000.00	3	2250000.00	419	Tgk. Novi Saefullah, M.Kom.	Jl. Gegerkalong Hilir No. 953\nPalangkaraya, SR 91647	(040) 432-7170	2026-06-17	2250000.00	Store Sale
1222	2026-04-11	4	Keyboard Mechanical	750000.00	8	6000000.00	1128	Septi Maryati	NULL	+62-078-853-5787	2026-04-11	6000000.00	Product Sale
1228	2025-10-15	4	Keyboard Mechanical	750000.00	6	4500000.00	297	Kani Kusmawati	Gg. Rajawali Timur No. 038\nMalang, SN 25600	(058) 558-0263	2025-10-15	4500000.00	Product Sale
1235	2025-09-28	4	Keyboard Mechanical	750000.00	1	750000.00	101	R.A. Kamaria Permadi, M.Farm	Jl. Laswi No. 4\nTanjungpinang, LA 66348	(098) 624 3148	2025-09-28	750000.00	Store Sale
1236	2025-09-29	4	Keyboard Mechanical	750000.00	6	4500000.00	369	Okto Saragih	Jalan Sukabumi No. 85\nBinjai, JA 61246	(047) 823 6480	2025-09-29	4500000.00	Store Sale
1237	2025-08-01	4	Keyboard Mechanical	750000.00	7	5250000.00	181	dr. Farah Halimah, S.Pt	Jl. Jend. Sudirman No. 93\nSabang, NT 55968	+62 (04) 500-9113	2025-08-01	5250000.00	Customer Purchase
1239	2025-10-25	4	Keyboard Mechanical	750000.00	2	1500000.00	1552	Parman Mandala	Jalan M.T Haryono No. 090\nSibolga, Kalimantan Tengah 62485	(0178) 164-0760	2025-10-25	1500000.00	Product Sale
1242	2026-04-17	4	Keyboard Mechanical	750000.00	5	3750000.00	913	R.M. Asirwanda Natsir	Jalan Kendalsari No. 29\nParepare, BA 19840	0848371218	2026-04-17	3750000.00	Store Sale
1247	2025-09-07	4	Keyboard Mechanical	750000.00	4	3000000.00	37	H. Nardi Sudiati	Jalan Kapten Muslihat No. 64\nBandar Lampung, Maluku Utara 71403	+62 (0504) 507 6870	2025-09-07	3000000.00	Store Sale
1248	2026-04-30	4	Keyboard Mechanical	750000.00	8	6000000.00	1425	R. Unjani Siregar	Gg. Setiabudhi No. 631\nPurwokerto, Papua Barat 25422	0854449235	2026-04-30	6000000.00	Store Sale
1257	2026-01-10	4	Keyboard Mechanical	750000.00	10	7500000.00	664	Adinata Januar, M.M.	Gang Rungkut Industri No. 12\nSurabaya, KU 16978	+62 (0886) 539 4108	2026-01-10	7500000.00	Customer Purchase
1258	2026-06-30	4	Keyboard Mechanical	750000.00	2	1500000.00	1293	Drs. Winda Saragih	Jalan Gegerkalong Hilir No. 0\nSolok, NB 05787	+62 (0777) 863 6310	2026-06-30	1500000.00	Store Sale
1263	2026-06-26	4	Keyboard Mechanical	750000.00	4	3000000.00	1162	Karman Suwarno	Gang Moch. Ramdan No. 67\nPrabumulih, BT 55916	(069) 464-6031	2026-06-26	3000000.00	Customer Purchase
1265	2025-10-02	4	Keyboard Mechanical	750000.00	10	7500000.00	109	R. Lalita Damanik	Gang Wonoayu No. 75\nKendari, Sumatera Selatan 00827	+62 (359) 225-6962	2025-10-02	7500000.00	Customer Purchase
1273	2026-04-20	4	Keyboard Mechanical	750000.00	4	3000000.00	1029	Gaman Anggraini, S.Pt	Gang Joyoboyo No. 1\nKota Administrasi Jakarta Timur, Maluku Utara 58485	+62 (51) 176-7793	2026-04-20	3000000.00	Customer Purchase
1277	2026-02-12	4	Keyboard Mechanical	750000.00	2	1500000.00	1776	Bagya Marpaung	Jalan Peta No. 4\nPalangkaraya, JK 79402	+62 (71) 789 9863	2026-02-12	1500000.00	Store Sale
1281	2025-11-02	4	Keyboard Mechanical	750000.00	2	1500000.00	1362	Irma Wacana, M.TI.	Jalan Rajawali Timur No. 2\nPekanbaru, Sumatera Barat 13159	(019) 801 1979	2025-11-02	1500000.00	Product Sale
1284	2025-09-27	4	Keyboard Mechanical	750000.00	3	2250000.00	1721	Umi Uyainah	Jl. Raya Ujungberung No. 798\nSubulussalam, SS 32179	+62 (0865) 171 8945	2025-09-27	2250000.00	Product Sale
1285	2025-10-06	4	Keyboard Mechanical	750000.00	8	6000000.00	1008	Sutan Gamblang Purnawati	Gg. W.R. Supratman No. 588\nSorong, YO 50475	(047) 944 7704	2025-10-06	6000000.00	Product Sale
1286	2026-01-02	4	Keyboard Mechanical	750000.00	6	4500000.00	1180	Rendy Saptono	Jl. Pasirkoja No. 4\nTernate, Papua Barat 68603	(041) 025-2209	2026-01-02	4500000.00	Product Sale
1289	2025-10-15	4	Keyboard Mechanical	750000.00	2	1500000.00	1559	Galar Manullang	Jl. Rajawali Barat No. 82\nKediri, Gorontalo 78383	+62-035-771-3085	2025-10-15	1500000.00	Customer Purchase
1297	2025-11-14	4	Keyboard Mechanical	750000.00	4	3000000.00	277	Sutan Umay Widiastuti, S.Kom	Jalan Pasteur No. 088\nPematangsiantar, LA 52412	+62 (599) 917 4709	2025-11-14	3000000.00	Online Transaction
1300	2026-01-09	4	Keyboard Mechanical	750000.00	10	7500000.00	476	Rahayu Wahyudin	Gang Gardujati No. 715\nBinjai, KU 97567	+62 (340) 073 9590	2026-01-09	7500000.00	Online Transaction
1306	2025-11-07	4	Keyboard Mechanical	750000.00	5	3750000.00	121	dr. Dewi Purwanti	Jalan HOS. Cokroaminoto No. 44\nBanjarmasin, Kalimantan Timur 14048	(0661) 916-5988	2025-11-07	3750000.00	Product Sale
1308	2026-01-17	4	Keyboard Mechanical	750000.00	5	3750000.00	1086	Ir. Baktiadi Siregar, S.Sos	Gg. Cihampelas No. 6\nCilegon, AC 32752	+62 (014) 100 1890	2026-01-17	3750000.00	Store Sale
1309	2026-03-07	4	Keyboard Mechanical	750000.00	6	4500000.00	956	T. Tasdik Ardianto, S.E.I	Gang Dipatiukur No. 7\nPagaralam, Kalimantan Tengah 28629	+62-093-116-6724	2026-03-07	4500000.00	Product Sale
1318	2025-07-22	4	Keyboard Mechanical	750000.00	2	1500000.00	235	Ozy Usada	Gg. Suryakencana No. 798\nMeulaboh, PB 25729	083 711 8516	2025-07-22	1500000.00	Customer Purchase
1322	2026-03-06	4	Keyboard Mechanical	750000.00	6	4500000.00	833	Yoga Ardianto	Gg. Gardujati No. 6\nPurwokerto, Kalimantan Tengah 79090	(0648) 400-5488	2026-03-06	4500000.00	Online Transaction
1329	2026-01-05	4	Keyboard Mechanical	750000.00	4	3000000.00	1593	Xanana Oktaviani, S.Pt	Gg. Rajiman No. 721\nPalu, Maluku 23365	(0734) 881-6832	2026-01-05	3000000.00	Customer Purchase
1344	2025-10-07	4	Keyboard Mechanical	750000.00	1	750000.00	795	Tgk. Cayadi Manullang	Jalan Yos Sudarso No. 86\nPontianak, Jawa Timur 16465	(0863) 485 6782	2025-10-07	750000.00	Store Sale
1347	2025-09-09	4	Keyboard Mechanical	750000.00	7	5250000.00	824	Laras Waskita	Jalan Raya Ujungberung No. 018\nBandar Lampung, Sumatera Utara 44646	0800763558	2025-09-09	5250000.00	Product Sale
1348	2025-12-18	4	Keyboard Mechanical	750000.00	5	3750000.00	535	Kala Pradana	Gang Moch. Toha No. 4\nSingkawang, DI Yogyakarta 73345	+62 (28) 019 2323	2025-12-18	3750000.00	Store Sale
1353	2025-11-24	4	Keyboard Mechanical	750000.00	5	3750000.00	655	Puti Yessi Kusmawati	Gang Cihampelas No. 24\nPagaralam, Riau 94722	+62 (0095) 190-4671	2025-11-24	3750000.00	Online Transaction
1356	2025-09-17	4	Keyboard Mechanical	750000.00	5	3750000.00	437	Janet Hutasoit	Jalan Gedebage Selatan No. 0\nGorontalo, Aceh 35348	+62 (0850) 970-5962	2025-09-17	3750000.00	Customer Purchase
1357	2026-04-09	4	Keyboard Mechanical	750000.00	7	5250000.00	577	Zamira Mulyani, M.Ak	Jl. Cempaka No. 0\nProbolinggo, Sulawesi Tenggara 06036	(0355) 124-8986	2026-04-09	5250000.00	Product Sale
1360	2026-04-27	4	Keyboard Mechanical	750000.00	9	6750000.00	353	Gaduh Haryanto	Gang HOS. Cokroaminoto No. 180\nSalatiga, Gorontalo 62126	+62 (0107) 480-9871	2026-04-27	6750000.00	Online Transaction
1362	2025-09-11	4	Keyboard Mechanical	750000.00	3	2250000.00	510	Ridwan Sihotang	Jalan Rumah Sakit No. 4\nPayakumbuh, Gorontalo 09684	(0672) 180-1431	2025-09-11	2250000.00	Store Sale
1365	2026-01-14	4	Keyboard Mechanical	750000.00	5	3750000.00	1672	Kamila Iswahyudi, S.Sos	NULL	0848356989	2026-01-14	3750000.00	Online Transaction
1380	2025-09-30	4	Keyboard Mechanical	750000.00	10	7500000.00	661	Tgk. Estiawan Narpati, S.Kom	Gg. Cempaka No. 8\nTomohon, Sumatera Utara 77420	+62 (072) 134 3712	2025-09-30	7500000.00	Online Transaction
1390	2026-06-19	4	Keyboard Mechanical	750000.00	4	3000000.00	201	Dewi Pangestu	NULL	+62 (37) 762-9840	2026-06-19	3000000.00	Customer Purchase
1391	2026-05-19	4	Keyboard Mechanical	750000.00	2	1500000.00	1071	R. Michelle Lailasari, S.E.	Gang Gardujati No. 10\nPalembang, Lampung 44149	+62 (207) 583 6836	2026-05-19	1500000.00	Online Transaction
1392	2026-04-23	4	Keyboard Mechanical	750000.00	1	750000.00	1704	Harsana Maryadi	Jalan Setiabudhi No. 600\nPagaralam, Bali 65899	+62 (22) 631-8647	2026-04-23	750000.00	Store Sale
1394	2025-08-31	4	Keyboard Mechanical	750000.00	8	6000000.00	1044	Yulia Sihombing, S.Sos	Gang W.R. Supratman No. 72\nBekasi, Riau 56600	+62 (0944) 026 6620	2025-08-31	6000000.00	Customer Purchase
1399	2026-06-11	4	Keyboard Mechanical	750000.00	4	3000000.00	400	Rahman Pratiwi	Gang Pasir Koja No. 612\nSerang, Sulawesi Utara 54344	+62-383-112-6121	2026-06-11	3000000.00	Customer Purchase
1404	2025-12-17	4	Keyboard Mechanical	750000.00	2	1500000.00	1927	Uchita Usada	Gang K.H. Wahid Hasyim No. 7\nTasikmalaya, Kalimantan Tengah 38075	+62-003-168-3382	2025-12-17	1500000.00	Store Sale
1409	2025-08-26	4	Keyboard Mechanical	750000.00	8	6000000.00	351	Gilda Najmudin	Jalan Ciwastra No. 178\nCimahi, MA 26714	0866113649	2025-08-26	6000000.00	Online Transaction
1418	2025-11-19	4	Keyboard Mechanical	750000.00	9	6750000.00	857	Rika Anggraini	Jalan Kutai No. 7\nTangerang, Kepulauan Riau 05153	(0495) 916 9892	2025-11-19	6750000.00	Online Transaction
1424	2025-12-09	4	Keyboard Mechanical	750000.00	6	4500000.00	1827	Garan Saragih	Gg. Rajawali Timur No. 8\nKota Administrasi Jakarta Pusat, Nusa Tenggara Barat 01826	+62 (92) 172-3972	2025-12-09	4500000.00	Online Transaction
1429	2026-05-20	4	Keyboard Mechanical	750000.00	10	7500000.00	1126	Padmi Utama	Jalan Rawamangun No. 20\nCilegon, SU 21050	+62 (0619) 231-6097	2026-05-20	7500000.00	Product Sale
1440	2026-02-05	4	Keyboard Mechanical	750000.00	10	7500000.00	1666	Intan Haryanto	Gang Suniaraja No. 6\nSabang, Sulawesi Utara 18455	(086) 449-4204	2026-02-05	7500000.00	Store Sale
1442	2026-06-10	4	Keyboard Mechanical	750000.00	4	3000000.00	60	Puspa Oktaviani	Gg. Rajawali Barat No. 4\nBukittinggi, Banten 67152	+62 (873) 421 9508	2026-06-10	3000000.00	Product Sale
1446	2025-12-02	4	Keyboard Mechanical	750000.00	3	2250000.00	317	Cakrabirawa Pudjiastuti, S.Ked	Jalan Antapani Lama No. 4\nPalangkaraya, JB 80039	(090) 785 6645	2025-12-02	2250000.00	Online Transaction
1447	2025-07-22	4	Keyboard Mechanical	750000.00	5	3750000.00	1347	Ana Nurdiyanti	Jl. Suryakencana No. 9\nDepok, KU 68714	+62 (0194) 996-0169	2025-07-22	3750000.00	Customer Purchase
1451	2025-11-23	4	Keyboard Mechanical	750000.00	2	1500000.00	1413	Ayu Habibi	NULL	+62-563-623-0838	2025-11-23	1500000.00	Customer Purchase
1456	2025-10-11	4	Keyboard Mechanical	750000.00	6	4500000.00	1190	Samiah Siregar	Gg. Moch. Ramdan No. 1\nBalikpapan, JA 25291	0880029248	2025-10-11	4500000.00	Customer Purchase
1467	2025-09-11	4	Keyboard Mechanical	750000.00	4	3000000.00	494	Dian Tarihoran, M.Kom.	Gang Raya Ujungberung No. 7\nPasuruan, Jawa Barat 13429	(0942) 267-2828	2025-09-11	3000000.00	Store Sale
1469	2025-12-29	4	Keyboard Mechanical	750000.00	4	3000000.00	1092	Wira Ramadan	Gg. Suniaraja No. 366\nSalatiga, JI 35541	0849585783	2025-12-29	3000000.00	Store Sale
1471	2026-06-09	4	Keyboard Mechanical	750000.00	6	4500000.00	1180	Rendy Saptono	Jl. Pasirkoja No. 4\nTernate, Papua Barat 68603	(041) 025-2209	2026-06-09	4500000.00	Online Transaction
1477	2026-01-10	4	Keyboard Mechanical	750000.00	7	5250000.00	1269	Anggabaya Napitupulu, S.Pt	Gang Joyoboyo No. 43\nKupang, PA 68662	(0068) 377 8636	2026-01-10	5250000.00	Store Sale
1479	2026-06-21	4	Keyboard Mechanical	750000.00	2	1500000.00	1710	Galak Wasita	Gg. Ciwastra No. 306\nBanjarmasin, Jambi 05900	+62 (020) 576 3241	2026-06-21	1500000.00	Customer Purchase
1484	2025-09-30	4	Keyboard Mechanical	750000.00	7	5250000.00	1189	Wakiman Dabukke	Jalan Sukabumi No. 528\nDumai, NB 81364	084 428 2839	2025-09-30	5250000.00	Online Transaction
1485	2026-03-08	4	Keyboard Mechanical	750000.00	4	3000000.00	760	Eva Pratama	Jalan Pasirkoja No. 528\nTomohon, MA 80010	+62 (086) 635 1324	2026-03-08	3000000.00	Online Transaction
1487	2026-06-17	4	Keyboard Mechanical	750000.00	10	7500000.00	442	Cemani Marpaung	Gang Tebet Barat Dalam No. 73\nKotamobagu, Papua Barat 42346	+62 (070) 249 4382	2026-06-17	7500000.00	Online Transaction
1490	2026-02-26	4	Keyboard Mechanical	750000.00	10	7500000.00	15	Bakti Susanti	Jl. Pasir Koja No. 0\nBukittinggi, JB 32994	084 036 6967	2026-02-26	7500000.00	Online Transaction
1496	2025-12-05	4	Keyboard Mechanical	750000.00	9	6750000.00	400	Rahman Pratiwi	Gang Pasir Koja No. 612\nSerang, Sulawesi Utara 54344	+62-383-112-6121	2025-12-05	6750000.00	Product Sale
1511	2026-02-19	4	Keyboard Mechanical	750000.00	10	7500000.00	392	Hj. Ciaobella Suryatmi	Jl. Gedebage Selatan No. 34\nMagelang, Kalimantan Utara 67065	(0840) 589-3518	2026-02-19	7500000.00	Customer Purchase
1514	2026-05-07	4	Keyboard Mechanical	750000.00	4	3000000.00	788	Hamima Rahmawati, S.Farm	NULL	+62-0310-073-9317	2026-05-07	3000000.00	Store Sale
1516	2026-04-06	4	Keyboard Mechanical	750000.00	9	6750000.00	503	Daliono Najmudin	NULL	(0956) 279-0786	2026-04-06	6750000.00	Customer Purchase
1518	2025-07-17	4	Keyboard Mechanical	750000.00	6	4500000.00	1654	Queen Pradipta	Jl. M.H Thamrin No. 71\nCirebon, Gorontalo 66111	081 095 9439	2025-07-17	4500000.00	Online Transaction
1525	2025-10-31	4	Keyboard Mechanical	750000.00	10	7500000.00	1033	Adinata Nainggolan, M.Farm	Jl. Cikutra Timur No. 9\nYogyakarta, Kalimantan Timur 47700	081 991 5396	2025-10-31	7500000.00	Store Sale
1534	2025-09-25	4	Keyboard Mechanical	750000.00	10	7500000.00	1596	Drs. Paramita Sitompul, S.Sos	Gg. R.E Martadinata No. 3\nMetro, Nusa Tenggara Barat 78945	(0944) 378 5319	2025-09-25	7500000.00	Store Sale
1535	2026-04-20	4	Keyboard Mechanical	750000.00	8	6000000.00	719	Yance Sitompul	Gg. Dipatiukur No. 10\nKota Administrasi Jakarta Utara, Gorontalo 51623	(0631) 288 1820	2026-04-20	6000000.00	Store Sale
1536	2026-05-09	4	Keyboard Mechanical	750000.00	10	7500000.00	1542	Jaya Mustofa	Gg. Lembong No. 9\nSolok, Sulawesi Barat 21955	+62 (0755) 535 7792	2026-05-09	7500000.00	Store Sale
1539	2025-10-24	4	Keyboard Mechanical	750000.00	2	1500000.00	461	Najib Aryani	Gg. Dr. Djunjunan No. 57\nBatu, KB 53470	+62-95-882-6750	2025-10-24	1500000.00	Store Sale
1543	2026-04-24	4	Keyboard Mechanical	750000.00	3	2250000.00	11	Dr. Cakrawangsa Rahmawati, M.Pd	Gang Cempaka No. 506\nTangerang, BA 77055	(042) 699 0917	2026-04-24	2250000.00	Online Transaction
1548	2026-05-15	4	Keyboard Mechanical	750000.00	5	3750000.00	1746	Ulva Pudjiastuti	Jl. Rajiman No. 5\nSerang, Kalimantan Selatan 52257	+62-460-651-1508	2026-05-15	3750000.00	Product Sale
1550	2025-12-03	4	Keyboard Mechanical	750000.00	10	7500000.00	1750	R.A. Mila Wulandari	Jalan Sukabumi No. 36\nKupang, Papua 28486	+62-028-002-4970	2025-12-03	7500000.00	Store Sale
1558	2026-04-21	4	Keyboard Mechanical	750000.00	4	3000000.00	1260	Nyoman Nurdiyanti	Jl. Kiaracondong No. 52\nSurakarta, PB 19304	(084) 657 3223	2026-04-21	3000000.00	Product Sale
1560	2025-09-27	4	Keyboard Mechanical	750000.00	9	6750000.00	1850	Novi Samosir, S.E.I	Gang Monginsidi No. 1\nBukittinggi, Sulawesi Selatan 25939	+62-088-430-2551	2025-09-27	6750000.00	Online Transaction
1574	2025-09-26	4	Keyboard Mechanical	750000.00	2	1500000.00	651	Olga Laksita	Jalan Kapten Muslihat No. 27\nTanjungpinang, Banten 36498	+62 (090) 289-1266	2025-09-26	1500000.00	Online Transaction
1587	2026-01-11	4	Keyboard Mechanical	750000.00	3	2250000.00	1716	R. Bajragin Aryani, S.Kom	Jl. Cempaka No. 990\nBalikpapan, RI 05506	+62 (280) 029-8373	2026-01-11	2250000.00	Online Transaction
1596	2026-03-03	4	Keyboard Mechanical	750000.00	9	6750000.00	348	Ir. Ani Situmorang	Jl. Pasteur No. 6\nBitung, KR 16238	+62 (055) 838-7316	2026-03-03	6750000.00	Product Sale
1609	2025-09-14	4	Keyboard Mechanical	750000.00	9	6750000.00	666	Intan Haryanto	Gang Suniaraja No. 6\nSabang, Sulawesi Utara 18455	(086) 449-4204	2025-09-14	6750000.00	Store Sale
1610	2025-09-29	4	Keyboard Mechanical	750000.00	10	7500000.00	1294	Jail Winarno, M.Ak	Gang Cihampelas No. 390\nBanjar, DKI Jakarta 26677	(098) 546-2711	2025-09-29	7500000.00	Online Transaction
1616	2026-03-29	4	Keyboard Mechanical	750000.00	1	750000.00	450	Keisha Hakim	Jl. Ronggowarsito No. 690\nKendari, JK 98415	0801051621	2026-03-29	750000.00	Store Sale
1617	2026-04-30	4	Keyboard Mechanical	750000.00	7	5250000.00	240	drg. Endah Prakasa	Jl. Suryakencana No. 054\nSamarinda, Sumatera Utara 22046	+62 (0773) 881 5398	2026-04-30	5250000.00	Online Transaction
1620	2025-08-01	4	Keyboard Mechanical	750000.00	10	7500000.00	1381	Soleh Padmasari	Gang Pelajar Pejuang No. 00\nDenpasar, BT 17587	+62-411-275-6733	2025-08-01	7500000.00	Customer Purchase
1623	2026-03-19	4	Keyboard Mechanical	750000.00	6	4500000.00	713	R. Xanana Ramadan, S.Psi	Jl. Rajiman No. 7\nPematangsiantar, Bali 29365	+62 (188) 502-4190	2026-03-19	4500000.00	Customer Purchase
1630	2026-01-14	4	Keyboard Mechanical	750000.00	4	3000000.00	284	R.M. Praba Pertiwi	Gang Ciumbuleuit No. 7\nPagaralam, JB 53698	+62 (002) 301 2131	2026-01-14	3000000.00	Store Sale
1634	2026-02-07	4	Keyboard Mechanical	750000.00	8	6000000.00	121	dr. Dewi Purwanti	Jalan HOS. Cokroaminoto No. 44\nBanjarmasin, Kalimantan Timur 14048	(0661) 916-5988	2026-02-07	6000000.00	Store Sale
1635	2026-03-13	4	Keyboard Mechanical	750000.00	7	5250000.00	1281	Safina Tarihoran	NULL	+62-15-051-0463	2026-03-13	5250000.00	Product Sale
1637	2025-08-13	4	Keyboard Mechanical	750000.00	5	3750000.00	847	Julia Nashiruddin	Jl. Setiabudhi No. 5\nPangkalpinang, DKI Jakarta 65207	(0335) 583 6284	2025-08-13	3750000.00	Store Sale
1640	2025-10-22	4	Keyboard Mechanical	750000.00	7	5250000.00	1615	Gada Lailasari	Jalan Monginsidi No. 75\nSubulussalam, Papua Barat 18409	+62 (27) 284-9378	2025-10-22	5250000.00	Store Sale
1646	2026-04-08	4	Keyboard Mechanical	750000.00	3	2250000.00	883	Najam Simbolon	Jl. Pacuan Kuda No. 0\nManado, SS 41536	+62 (43) 750-1352	2026-04-08	2250000.00	Store Sale
1654	2025-07-22	4	Keyboard Mechanical	750000.00	7	5250000.00	1631	Bakidin Aryani	Jl. W.R. Supratman No. 5\nManado, ST 17598	+62 (96) 591-8196	2025-07-22	5250000.00	Customer Purchase
1659	2025-11-22	4	Keyboard Mechanical	750000.00	1	750000.00	38	R. Xanana Hidayanto	NULL	089 164 1561	2025-11-22	750000.00	Product Sale
1662	2025-11-08	4	Keyboard Mechanical	750000.00	4	3000000.00	589	Mariadi Marpaung	Gang Otto Iskandardinata No. 007\nPangkalpinang, Sulawesi Utara 59533	087 022 3494	2025-11-08	3000000.00	Online Transaction
1669	2026-05-05	4	Keyboard Mechanical	750000.00	5	3750000.00	1036	R.A. Puji Ardianto, S.Ked	Jl. Kapten Muslihat No. 68\nPalopo, JK 61996	+62 (018) 202 5033	2026-05-05	3750000.00	Online Transaction
1672	2026-06-12	4	Keyboard Mechanical	750000.00	6	4500000.00	898	Aslijan Rahmawati, S.IP	NULL	+62 (523) 472-6552	2026-06-12	4500000.00	Product Sale
1677	2025-09-11	4	Keyboard Mechanical	750000.00	8	6000000.00	125	Puti Rini Hasanah, S.Farm	Gg. Antapani Lama No. 608\nGorontalo, Sulawesi Tengah 12890	+62 (526) 436-4808	2025-09-11	6000000.00	Store Sale
1681	2026-03-25	4	Keyboard Mechanical	750000.00	3	2250000.00	446	Drs. Farah Farida, S.Kom	Jalan Dipenogoro No. 8\nBontang, Kalimantan Selatan 37924	+62 (032) 892 3382	2026-03-25	2250000.00	Product Sale
1683	2026-04-11	4	Keyboard Mechanical	750000.00	7	5250000.00	1294	Jail Winarno, M.Ak	Gang Cihampelas No. 390\nBanjar, DKI Jakarta 26677	(098) 546-2711	2026-04-11	5250000.00	Online Transaction
1685	2026-06-05	4	Keyboard Mechanical	750000.00	5	3750000.00	3	Uchita Anggriawan	Gg. Ahmad Yani No. 25\nPalangkaraya, BB 98251	086 982 2313	2026-06-05	3750000.00	Product Sale
1690	2026-04-19	4	Keyboard Mechanical	750000.00	10	7500000.00	199	Nadia Permadi, S.E.	Gang Sadang Serang No. 188\nLhokseumawe, Jawa Barat 92758	+62 (97) 750-1340	2026-04-19	7500000.00	Product Sale
1694	2026-06-15	4	Keyboard Mechanical	750000.00	9	6750000.00	1637	Gambira Utami	Jalan Rumah Sakit No. 6\nMadiun, Sulawesi Utara 90615	+62 (02) 698 9125	2026-06-15	6750000.00	Customer Purchase
1698	2025-12-04	4	Keyboard Mechanical	750000.00	5	3750000.00	860	Puti Paramita Sudiati	Jl. Jend. A. Yani No. 0\nPariaman, SS 77385	+62-017-033-9931	2025-12-04	3750000.00	Customer Purchase
1706	2026-05-01	4	Keyboard Mechanical	750000.00	1	750000.00	1536	Cici Habibi	Gg. Surapati No. 7\nParepare, NB 84452	0826504766	2026-05-01	750000.00	Store Sale
1711	2026-02-06	4	Keyboard Mechanical	750000.00	3	2250000.00	1231	Puti Yessi Padmasari, S.E.I	Jl. Pacuan Kuda No. 693\nLhokseumawe, Sumatera Barat 14490	+62-072-663-0316	2026-02-06	2250000.00	Online Transaction
1724	2026-02-11	4	Keyboard Mechanical	750000.00	4	3000000.00	1764	Cahyono Pudjiastuti	Gang Merdeka No. 094\nTidore Kepulauan, LA 73068	+62-76-677-1329	2026-02-11	3000000.00	Product Sale
1726	2025-12-28	4	Keyboard Mechanical	750000.00	1	750000.00	1792	Tami Handayani, S.Pt	Jl. Rumah Sakit No. 9\nPalu, JT 65913	+62 (117) 796 3152	2025-12-28	750000.00	Store Sale
1736	2025-12-25	4	Keyboard Mechanical	750000.00	4	3000000.00	1769	Paris Nurdiyanti	Gang Jayawijaya No. 31\nMagelang, ST 50799	+62-266-554-9633	2025-12-25	3000000.00	Product Sale
1741	2026-03-24	4	Keyboard Mechanical	750000.00	9	6750000.00	1172	R.M. Praba Pertiwi	Gg. Bangka Raya No. 11\nPadang Sidempuan, MU 43437	+62-496-158-8791	2026-03-24	6750000.00	Store Sale
1748	2026-04-04	4	Keyboard Mechanical	750000.00	9	6750000.00	888	R. Karimah Puspita, M.Ak	Gg. Gardujati No. 6\nBatam, KS 65132	+62 (032) 059-8522	2026-04-04	6750000.00	Store Sale
1751	2026-01-09	4	Keyboard Mechanical	750000.00	1	750000.00	1010	Farah Budiman	Gg. Suniaraja No. 03\nPasuruan, Jawa Tengah 49852	+62 (0011) 838-8680	2026-01-09	750000.00	Store Sale
1762	2026-01-11	4	Keyboard Mechanical	750000.00	4	3000000.00	1092	Wira Ramadan	Gg. Suniaraja No. 366\nSalatiga, JI 35541	0849585783	2026-01-11	3000000.00	Product Sale
1765	2025-08-24	4	Keyboard Mechanical	750000.00	5	3750000.00	444	Dewi Setiawan	Gang Kiaracondong No. 42\nTomohon, NB 04216	+62 (792) 489-4711	2025-08-24	3750000.00	Online Transaction
1767	2026-06-19	4	Keyboard Mechanical	750000.00	10	7500000.00	1399	Hani Palastri	Gg. Rajawali Timur No. 0\nMedan, Sulawesi Selatan 18003	+62-0020-508-0493	2026-06-19	7500000.00	Online Transaction
1768	2026-03-02	4	Keyboard Mechanical	750000.00	4	3000000.00	1815	Zulfa Aryani	Jalan Astana Anyar No. 5\nBanda Aceh, ST 26108	+62 (689) 361 6477	2026-03-02	3000000.00	Customer Purchase
1776	2026-02-26	4	Keyboard Mechanical	750000.00	10	7500000.00	361	Banawi Widodo	Jl. Asia Afrika No. 4\nTidore Kepulauan, Sumatera Barat 37623	(065) 250 9954	2026-02-26	7500000.00	Customer Purchase
1780	2026-06-10	4	Keyboard Mechanical	750000.00	5	3750000.00	858	Gilda Mansur	NULL	+62 (92) 573-6542	2026-06-10	3750000.00	Customer Purchase
1795	2025-10-07	4	Keyboard Mechanical	750000.00	2	1500000.00	1437	Janet Hutasoit	Jalan Gedebage Selatan No. 0\nGorontalo, Aceh 35348	+62 (0850) 970-5962	2025-10-07	1500000.00	Customer Purchase
1804	2026-02-20	4	Keyboard Mechanical	750000.00	7	5250000.00	23	Bahuraksa Wijayanti	Jalan Cihampelas No. 16\nKotamobagu, Jawa Barat 21624	+62-0156-894-3564	2026-02-20	5250000.00	Store Sale
1805	2026-07-07	4	Keyboard Mechanical	750000.00	4	3000000.00	485	Zalindra Riyanti	Jl. Ahmad Yani No. 56\nKota Administrasi Jakarta Utara, Sulawesi Tengah 22180	(011) 601-3969	2026-07-07	3000000.00	Store Sale
1808	2026-02-24	4	Keyboard Mechanical	750000.00	3	2250000.00	979	Himawan Salahudin, M.Farm	Jalan Cikutra Barat No. 4\nDepok, Sulawesi Utara 40227	+62 (934) 534 2921	2026-02-24	2250000.00	Product Sale
1811	2026-04-18	4	Keyboard Mechanical	750000.00	8	6000000.00	1612	H. Mursinin Mansur	Gg. Ir. H. Djuanda No. 7\nLubuklinggau, BB 91673	+62-013-579-0630	2026-04-18	6000000.00	Store Sale
1813	2025-10-12	4	Keyboard Mechanical	750000.00	4	3000000.00	89	Dimas Hartati, S.Ked	Jl. Rungkut Industri No. 37\nPagaralam, Kalimantan Barat 06320	+62 (060) 954 9484	2025-10-12	3000000.00	Store Sale
1818	2025-11-09	4	Keyboard Mechanical	750000.00	3	2250000.00	1813	Kartika Sihotang	Jalan Pelajar Pejuang No. 9\nBandar Lampung, Jawa Tengah 83928	+62 (42) 960-3907	2025-11-09	2250000.00	Customer Purchase
1820	2026-02-12	4	Keyboard Mechanical	750000.00	7	5250000.00	1605	R. Wani Lestari	Gg. Gegerkalong Hilir No. 037\nTasikmalaya, ST 89606	+62 (063) 139-2687	2026-02-12	5250000.00	Customer Purchase
1834	2025-11-07	4	Keyboard Mechanical	750000.00	3	2250000.00	1282	Mujur Prasetyo	Jl. Gardujati No. 496\nPontianak, MA 40422	(054) 127-9921	2025-11-07	2250000.00	Customer Purchase
1835	2026-07-02	4	Keyboard Mechanical	750000.00	5	3750000.00	906	Nyoman Winarno	Gang Ahmad Yani No. 380\nParepare, Aceh 39565	(0432) 905 1050	2026-07-02	3750000.00	Store Sale
1836	2026-01-25	4	Keyboard Mechanical	750000.00	10	7500000.00	1865	Prayoga Hakim	Jl. Erlangga No. 90\nKota Administrasi Jakarta Barat, KU 51664	+62 (71) 110-5978	2026-01-25	7500000.00	Customer Purchase
1839	2026-04-17	4	Keyboard Mechanical	750000.00	4	3000000.00	423	Dt. Luluh Yulianti, M.Pd	Jalan Yos Sudarso No. 63\nPalopo, NT 57274	(0830) 692 9316	2026-04-17	3000000.00	Customer Purchase
1844	2026-03-28	4	Keyboard Mechanical	750000.00	10	7500000.00	497	Rahayu Narpati, M.Ak	Jalan Lembong No. 6\nTangerang, Jawa Timur 98477	+62 (61) 048 2008	2026-03-28	7500000.00	Online Transaction
1845	2025-10-15	4	Keyboard Mechanical	750000.00	10	7500000.00	1731	Ir. Nrima Novitasari, S.Pd	Gang Veteran No. 05\nPayakumbuh, Sulawesi Selatan 79613	+62 (82) 234 9531	2025-10-15	7500000.00	Store Sale
1860	2026-02-07	4	Keyboard Mechanical	750000.00	10	7500000.00	1386	Siska Uwais	Gang Raya Ujungberung No. 2\nBitung, Sulawesi Utara 02803	(068) 912 4755	2026-02-07	7500000.00	Customer Purchase
1861	2025-12-01	4	Keyboard Mechanical	750000.00	4	3000000.00	243	Lalita Hutagalung, S.I.Kom	Jalan M.H Thamrin No. 62\nBanjarbaru, BT 46890	+62 (326) 015 7811	2025-12-01	3000000.00	Online Transaction
1862	2025-08-14	4	Keyboard Mechanical	750000.00	4	3000000.00	326	R. Artanto Usamah	Jalan Soekarno Hatta No. 71\nMakassar, JA 43668	+62 (0884) 073 5627	2025-08-14	3000000.00	Product Sale
1866	2026-06-23	4	Keyboard Mechanical	750000.00	10	7500000.00	726	Makara Usada	Gang Indragiri No. 715\nTernate, Maluku Utara 89752	+62 (06) 450-6960	2026-06-23	7500000.00	Online Transaction
1877	2025-09-10	4	Keyboard Mechanical	750000.00	3	2250000.00	974	R. Yosef Prasetya	Gang Cempaka No. 149\nPalopo, SB 87888	+62 (0635) 686-2408	2025-09-10	2250000.00	Store Sale
1884	2025-12-25	4	Keyboard Mechanical	750000.00	7	5250000.00	1530	Anastasia Habibi	Jl. Pasteur No. 20\nSingkawang, Banten 28893	(0182) 842 0402	2025-12-25	5250000.00	Customer Purchase
1892	2026-01-29	4	Keyboard Mechanical	750000.00	1	750000.00	888	R. Karimah Puspita, M.Ak	Gg. Gardujati No. 6\nBatam, KS 65132	+62 (032) 059-8522	2026-01-29	750000.00	Product Sale
1899	2026-05-18	4	Keyboard Mechanical	750000.00	3	2250000.00	942	Dt. Cengkal Napitupulu, S.Pd	Jl. Suryakencana No. 54\nMakassar, KI 56314	(037) 007-8697	2026-05-18	2250000.00	Online Transaction
1901	2025-07-24	4	Keyboard Mechanical	750000.00	5	3750000.00	1321	Kamila Maulana	Jalan Wonoayu No. 443\nPematangsiantar, Nusa Tenggara Barat 38062	+62-928-474-9857	2025-07-24	3750000.00	Online Transaction
1902	2025-10-31	4	Keyboard Mechanical	750000.00	6	4500000.00	1794	Ibun Megantara	Gg. Raya Setiabudhi No. 3\nBandar Lampung, Jawa Barat 57014	+62-448-254-4601	2025-10-31	4500000.00	Store Sale
1904	2026-06-30	4	Keyboard Mechanical	750000.00	8	6000000.00	317	Cakrabirawa Pudjiastuti, S.Ked	Jalan Antapani Lama No. 4\nPalangkaraya, JB 80039	(090) 785 6645	2026-06-30	6000000.00	Product Sale
1915	2025-07-11	4	Keyboard Mechanical	750000.00	8	6000000.00	1824	Laras Waskita	Jalan Raya Ujungberung No. 018\nBandar Lampung, Sumatera Utara 44646	0800763558	2025-07-11	6000000.00	Online Transaction
1917	2026-02-21	4	Keyboard Mechanical	750000.00	10	7500000.00	1211	Gabriella Ramadan	Gg. Pasteur No. 12\nTegal, Maluku 15325	+62-782-222-6941	2026-02-21	7500000.00	Online Transaction
1919	2026-01-25	4	Keyboard Mechanical	750000.00	10	7500000.00	1748	Dr. Ika Haryanti	Gg. Rajawali Timur No. 9\nBengkulu, BB 28405	+62 (96) 255 1669	2026-01-25	7500000.00	Product Sale
1924	2025-12-13	4	Keyboard Mechanical	750000.00	9	6750000.00	136	R.M. Dimas Nainggolan, S.IP	Jalan Rumah Sakit No. 22\nPalu, Kalimantan Utara 71821	+62-52-067-4496	2025-12-13	6750000.00	Product Sale
1926	2026-04-28	4	Keyboard Mechanical	750000.00	7	5250000.00	1043	Nalar Laksita, S.Pt	Gg. Merdeka No. 28\nBukittinggi, DKI Jakarta 10292	+62-018-259-5101	2026-04-28	5250000.00	Product Sale
1927	2025-08-16	4	Keyboard Mechanical	750000.00	4	3000000.00	896	Sabar Usada	Gg. Rungkut Industri No. 28\nBatu, Sumatera Barat 28974	+62 (088) 785 2516	2025-08-16	3000000.00	Customer Purchase
1946	2026-04-21	4	Keyboard Mechanical	750000.00	9	6750000.00	600	Tgk. Najam Handayani, S.Gz	Gang Erlangga No. 8\nPekalongan, KI 56230	0890057378	2026-04-21	6750000.00	Online Transaction
1954	2025-12-13	4	Keyboard Mechanical	750000.00	3	2250000.00	101	R.A. Kamaria Permadi, M.Farm	Jl. Laswi No. 4\nTanjungpinang, LA 66348	(098) 624 3148	2025-12-13	2250000.00	Online Transaction
1956	2026-05-22	4	Keyboard Mechanical	750000.00	9	6750000.00	232	R. Yosef Prasetya	Gang Jamika No. 9\nBlitar, Sulawesi Barat 38273	+62 (039) 811-3376	2026-05-22	6750000.00	Online Transaction
1958	2026-04-16	4	Keyboard Mechanical	750000.00	7	5250000.00	939	Jinawi Budiman	Jl. Abdul Muis No. 4\nCimahi, JI 66904	+62-72-446-3878	2026-04-16	5250000.00	Store Sale
1960	2025-07-22	4	Keyboard Mechanical	750000.00	4	3000000.00	845	Gamanto Mayasari	Gg. Rajawali Timur No. 526\nMedan, MU 65008	(0223) 923-0931	2025-07-22	3000000.00	Online Transaction
1965	2026-03-14	4	Keyboard Mechanical	750000.00	9	6750000.00	796	Tasnim Prastuti	Jalan Suniaraja No. 7\nPariaman, Jawa Barat 79096	+62 (330) 096 4365	2026-03-14	6750000.00	Store Sale
1968	2025-12-18	4	Keyboard Mechanical	750000.00	7	5250000.00	1716	R. Bajragin Aryani, S.Kom	Jl. Cempaka No. 990\nBalikpapan, RI 05506	+62 (280) 029-8373	2025-12-18	5250000.00	Online Transaction
1970	2026-04-29	4	Keyboard Mechanical	750000.00	1	750000.00	696	Nadine Nasyidah	Jalan Kendalsari No. 533\nTasikmalaya, SU 88576	(0553) 483-7365	2026-04-29	750000.00	Customer Purchase
1976	2025-08-17	4	Keyboard Mechanical	750000.00	9	6750000.00	1110	Paris Novitasari	Gang Suryakencana No. 938\nTarakan, Kalimantan Utara 94751	(0013) 110 1343	2025-08-17	6750000.00	Product Sale
1979	2025-10-13	4	Keyboard Mechanical	750000.00	8	6000000.00	771	Irnanto Wijaya	Gg. Rajiman No. 925\nPadang Sidempuan, DI Yogyakarta 66931	+62-0543-988-1942	2025-10-13	6000000.00	Store Sale
1989	2026-04-12	4	Keyboard Mechanical	750000.00	10	7500000.00	220	Cut Lidya Tarihoran, M.Ak	Gang Ir. H. Djuanda No. 4\nLubuklinggau, MA 85131	+62 (005) 122 6060	2026-04-12	7500000.00	Product Sale
1994	2026-03-19	4	Keyboard Mechanical	750000.00	2	1500000.00	1818	R. Cemani Budiyanto	Jl. Stasiun Wonokromo No. 8\nBekasi, Jambi 91787	+62-034-721-8150	2026-03-19	1500000.00	Customer Purchase
1999	2026-06-12	4	Keyboard Mechanical	750000.00	10	7500000.00	382	Oliva Prasetya	Jl. Veteran No. 96\nMalang, Maluku Utara 30927	(071) 376-0588	2026-06-12	7500000.00	Store Sale
2002	2026-04-21	4	Keyboard Mechanical	750000.00	5	3750000.00	625	Jessica Siregar	Jalan Sukabumi No. 087\nSamarinda, Sulawesi Tengah 53375	+62 (0819) 708-1259	2026-04-21	3750000.00	Store Sale
2007	2025-08-20	4	Keyboard Mechanical	750000.00	4	3000000.00	1054	Yulia Ardianto	Gg. Jend. Sudirman No. 516\nAmbon, Jambi 27822	+62 (0520) 058 3646	2025-08-20	3000000.00	Online Transaction
2010	2025-08-09	4	Keyboard Mechanical	750000.00	4	3000000.00	778	Maya Wahyudin	Jl. Sadang Serang No. 0\nMojokerto, Nusa Tenggara Barat 44827	+62-32-021-1732	2025-08-09	3000000.00	Customer Purchase
2011	2026-03-04	4	Keyboard Mechanical	750000.00	5	3750000.00	1003	Uchita Anggriawan	Gg. Ahmad Yani No. 25\nPalangkaraya, BB 98251	086 982 2313	2026-03-04	3750000.00	Customer Purchase
2013	2026-01-16	4	Keyboard Mechanical	750000.00	1	750000.00	639	drg. Ajeng Tamba, S.Farm	Gg. Siliwangi No. 7\nPariaman, JT 45107	+62 (47) 532-4395	2026-01-16	750000.00	Online Transaction
2014	2026-05-26	4	Keyboard Mechanical	750000.00	4	3000000.00	685	Drs. Mujur Permadi, M.TI.	Gg. Sadang Serang No. 492\nMadiun, Sulawesi Tengah 98806	(0363) 716 0945	2026-05-26	3000000.00	Online Transaction
2015	2026-03-21	4	Keyboard Mechanical	750000.00	9	6750000.00	191	dr. Ira Suryatmi, S.T.	Gang Kapten Muslihat No. 7\nDepok, JI 83681	+62 (44) 854-0654	2026-03-21	6750000.00	Product Sale
2016	2026-02-24	4	Keyboard Mechanical	750000.00	2	1500000.00	1803	Lintang Hariyah	Jalan Rajiman No. 32\nMeulaboh, Kepulauan Riau 67194	+62 (297) 346-2807	2026-02-24	1500000.00	Customer Purchase
2019	2025-09-14	4	Keyboard Mechanical	750000.00	1	750000.00	384	Iriana Nashiruddin	Gang Gedebage Selatan No. 10\nKota Administrasi Jakarta Utara, JK 17426	+62 (0153) 655 0257	2025-09-14	750000.00	Customer Purchase
2020	2025-09-16	4	Keyboard Mechanical	750000.00	3	2250000.00	139	Eli Widodo	Jalan Antapani Lama No. 2\nTernate, RI 04526	+62-036-713-3899	2025-09-16	2250000.00	Product Sale
2024	2026-03-09	4	Keyboard Mechanical	750000.00	3	2250000.00	1253	dr. Amalia Pudjiastuti	Gg. Gegerkalong Hilir No. 6\nParepare, JT 41262	+62 (072) 669 4825	2026-03-09	2250000.00	Customer Purchase
2030	2026-04-01	4	Keyboard Mechanical	750000.00	8	6000000.00	1519	Nadine Prasasta	Jalan Setiabudhi No. 58\nTangerang Selatan, KR 67249	(078) 206 5662	2026-04-01	6000000.00	Store Sale
2035	2025-07-22	4	Keyboard Mechanical	750000.00	9	6750000.00	903	Puti Amelia Hardiansyah	Gang Soekarno Hatta No. 74\nSamarinda, Papua 56675	0875824233	2025-07-22	6750000.00	Product Sale
2037	2025-08-07	4	Keyboard Mechanical	750000.00	5	3750000.00	1590	Tgk. Kayla Maryati	Jl. Laswi No. 298\nPasuruan, PA 45959	+62 (032) 425 7764	2025-08-07	3750000.00	Customer Purchase
2044	2025-09-01	4	Keyboard Mechanical	750000.00	1	750000.00	122	Harja Prabowo	Gg. Pelajar Pejuang No. 2\nTernate, PA 22319	0889387605	2025-09-01	750000.00	Online Transaction
2046	2025-08-30	4	Keyboard Mechanical	750000.00	6	4500000.00	696	Nadine Nasyidah	Jalan Kendalsari No. 533\nTasikmalaya, SU 88576	(0553) 483-7365	2025-08-30	4500000.00	Customer Purchase
2047	2026-07-05	4	Keyboard Mechanical	750000.00	4	3000000.00	402	Radit Zulaika	Gang Kutai No. 6\nSibolga, Jambi 68745	+62 (055) 597 0474	2026-07-05	3000000.00	Store Sale
2065	2026-06-13	4	Keyboard Mechanical	750000.00	6	4500000.00	1542	Jaya Mustofa	Gg. Lembong No. 9\nSolok, Sulawesi Barat 21955	+62 (0755) 535 7792	2026-06-13	4500000.00	Store Sale
2066	2025-09-17	4	Keyboard Mechanical	750000.00	4	3000000.00	416	Tgk. Zelda Sitorus, S.I.Kom	Gg. Cikutra Timur No. 191\nSurabaya, RI 14560	+62-0245-571-7206	2025-09-17	3000000.00	Customer Purchase
2069	2026-05-27	4	Keyboard Mechanical	750000.00	6	4500000.00	191	dr. Ira Suryatmi, S.T.	Gang Kapten Muslihat No. 7\nDepok, JI 83681	+62 (44) 854-0654	2026-05-27	4500000.00	Online Transaction
2071	2025-08-14	4	Keyboard Mechanical	750000.00	10	7500000.00	1166	Jarwa Padmasari	Gang Rajawali Barat No. 2\nPekalongan, Nusa Tenggara Barat 76315	0856982890	2025-08-14	7500000.00	Customer Purchase
2086	2025-08-30	4	Keyboard Mechanical	750000.00	2	1500000.00	380	R.A. Yuni Prasetya, S.Ked	Jalan Dr. Djunjunan No. 11\nPagaralam, SG 55871	+62 (90) 551 1888	2025-08-30	1500000.00	Store Sale
2104	2025-12-24	4	Keyboard Mechanical	750000.00	9	6750000.00	53	Purwanto Utama	Jalan Jakarta No. 23\nPadangpanjang, BT 02526	+62 (0714) 686-3784	2025-12-24	6750000.00	Online Transaction
2110	2026-06-09	4	Keyboard Mechanical	750000.00	8	6000000.00	1397	R. Oliva Utama	Gang Gardujati No. 99\nBengkulu, Kalimantan Barat 13837	+62-052-476-4214	2026-06-09	6000000.00	Store Sale
2111	2025-09-04	4	Keyboard Mechanical	750000.00	5	3750000.00	1252	Kamidin Natsir, S.T.	Gg. Ir. H. Djuanda No. 11\nBekasi, PA 93948	+62 (489) 257 8577	2025-09-04	3750000.00	Customer Purchase
2113	2026-04-26	4	Keyboard Mechanical	750000.00	5	3750000.00	924	Drs. Adinata Hutasoit	Jalan Peta No. 96\nMojokerto, Kalimantan Tengah 89525	+62 (38) 154 3646	2026-04-26	3750000.00	Online Transaction
2121	2025-09-03	4	Keyboard Mechanical	750000.00	8	6000000.00	53	Purwanto Utama	Jalan Jakarta No. 23\nPadangpanjang, BT 02526	+62 (0714) 686-3784	2025-09-03	6000000.00	Product Sale
2123	2026-03-25	4	Keyboard Mechanical	750000.00	2	1500000.00	171	Bakidin Nurdiyanti	Jl. Kiaracondong No. 89\nKota Administrasi Jakarta Pusat, JI 94766	0872193735	2026-03-25	1500000.00	Online Transaction
2125	2026-06-15	4	Keyboard Mechanical	750000.00	2	1500000.00	187	Mahfud Maulana	Jl. Kiaracondong No. 868\nPurwokerto, NB 04028	+62 (020) 484 2760	2026-06-15	1500000.00	Customer Purchase
2127	2026-03-25	4	Keyboard Mechanical	750000.00	6	4500000.00	91	Bala Irawan	Gang Indragiri No. 6\nBanjarmasin, Aceh 12762	(045) 754 1974	2026-03-25	4500000.00	Online Transaction
2135	2025-11-28	4	Keyboard Mechanical	750000.00	3	2250000.00	54	Yulia Ardianto	Gg. Jend. Sudirman No. 516\nAmbon, Jambi 27822	+62 (0520) 058 3646	2025-11-28	2250000.00	Customer Purchase
2141	2026-01-04	4	Keyboard Mechanical	750000.00	9	6750000.00	1784	R. Jumadi Maryadi	Jl. Siliwangi No. 032\nBengkulu, Sulawesi Tenggara 60910	+62-275-655-1804	2026-01-04	6750000.00	Online Transaction
2142	2025-09-05	4	Keyboard Mechanical	750000.00	10	7500000.00	1023	Bahuraksa Wijayanti	Jalan Cihampelas No. 16\nKotamobagu, Jawa Barat 21624	+62-0156-894-3564	2025-09-05	7500000.00	Store Sale
2144	2025-11-09	4	Keyboard Mechanical	750000.00	4	3000000.00	261	Padma Hariyah, S.E.I	Jl. Gardujati No. 1\nBinjai, Nusa Tenggara Timur 01632	0827537861	2025-11-09	3000000.00	Customer Purchase
2148	2026-02-03	4	Keyboard Mechanical	750000.00	10	7500000.00	831	Yani Palastri	Jl. Gegerkalong Hilir No. 660\nMetro, YO 05965	+62-31-847-9150	2026-02-03	7500000.00	Store Sale
2156	2025-12-16	4	Keyboard Mechanical	750000.00	8	6000000.00	740	Tgk. Legawa Damanik, M.Ak	Gang Cihampelas No. 835\nKota Administrasi Jakarta Selatan, Lampung 04267	(0575) 803 5858	2025-12-16	6000000.00	Online Transaction
2161	2025-11-08	4	Keyboard Mechanical	750000.00	10	7500000.00	768	Purwadi Putra	Jl. Sentot Alibasa No. 46\nMagelang, JB 16921	+62 (098) 200 1229	2025-11-08	7500000.00	Customer Purchase
2166	2026-06-01	4	Keyboard Mechanical	750000.00	10	7500000.00	1114	Kania Waskita	Gang Pacuan Kuda No. 4\nBogor, MU 57208	+62 (72) 759 7406	2026-06-01	7500000.00	Customer Purchase
2167	2025-08-05	4	Keyboard Mechanical	750000.00	6	4500000.00	332	Pardi Megantara	Gg. Kebonjati No. 0\nPasuruan, BE 83703	+62-520-275-2627	2025-08-05	4500000.00	Store Sale
2173	2025-07-13	4	Keyboard Mechanical	750000.00	6	4500000.00	831	Yani Palastri	Jl. Gegerkalong Hilir No. 660\nMetro, YO 05965	+62-31-847-9150	2025-07-13	4500000.00	Store Sale
2174	2025-11-30	4	Keyboard Mechanical	750000.00	6	4500000.00	621	Tgk. Slamet Jailani, S.I.Kom	Jalan Monginsidi No. 9\nSabang, KT 11610	+62 (92) 389-6235	2025-11-30	4500000.00	Product Sale
2179	2026-03-06	4	Keyboard Mechanical	750000.00	8	6000000.00	1594	Nadia Kurniawan	Jl. Lembong No. 703\nSorong, MU 10859	+62 (065) 256 5198	2026-03-06	6000000.00	Customer Purchase
2193	2025-12-01	4	Keyboard Mechanical	750000.00	1	750000.00	1907	Bagiya Usamah	Gang Cihampelas No. 702\nPrabumulih, SS 13562	(0363) 183 3326	2025-12-01	750000.00	Online Transaction
2194	2025-07-12	4	Keyboard Mechanical	750000.00	6	4500000.00	1722	Maryanto Nuraini	Jalan Otto Iskandardinata No. 1\nSurakarta, SG 12154	+62-32-813-7494	2025-07-12	4500000.00	Product Sale
2207	2025-08-28	4	Keyboard Mechanical	750000.00	9	6750000.00	1373	Raisa Wastuti	Gg. Dipenogoro No. 680\nSingkawang, SU 45575	+62 (0667) 399 4904	2025-08-28	6750000.00	Customer Purchase
2221	2026-02-21	4	Keyboard Mechanical	750000.00	5	3750000.00	947	Elisa Prasasta	Jalan Wonoayu No. 24\nSerang, NB 69442	+62 (514) 898 0000	2026-02-21	3750000.00	Customer Purchase
2229	2025-09-08	4	Keyboard Mechanical	750000.00	9	6750000.00	977	Tgk. Martana Permata, S.Pt	Jl. Asia Afrika No. 6\nTarakan, Aceh 88741	+62 (42) 317-8653	2025-09-08	6750000.00	Online Transaction
2230	2025-07-22	4	Keyboard Mechanical	750000.00	10	7500000.00	1397	R. Oliva Utama	Gang Gardujati No. 99\nBengkulu, Kalimantan Barat 13837	+62-052-476-4214	2025-07-22	7500000.00	Product Sale
2233	2026-01-18	4	Keyboard Mechanical	750000.00	6	4500000.00	653	drg. Iriana Damanik, M.Pd	Gg. Erlangga No. 0\nKota Administrasi Jakarta Selatan, Aceh 17383	+62 (069) 258-1232	2026-01-18	4500000.00	Customer Purchase
2238	2025-07-28	4	Keyboard Mechanical	750000.00	4	3000000.00	4	Uchita Anggriawan	Gg. Sadang Serang No. 860\nSurabaya, JI 41619	+62 (63) 895-0317	2025-07-28	3000000.00	Customer Purchase
2243	2026-04-24	4	Keyboard Mechanical	750000.00	4	3000000.00	798	Dt. Muni Santoso	Gang Ronggowarsito No. 2\nSingkawang, BT 12135	+62-0393-232-2114	2026-04-24	3000000.00	Online Transaction
2252	2026-07-06	4	Keyboard Mechanical	750000.00	9	6750000.00	1609	R. Usman Adriansyah, M.Ak	Jalan Sentot Alibasa No. 2\nBalikpapan, Sumatera Barat 73435	+62 (0628) 875 9244	2026-07-06	6750000.00	Online Transaction
2253	2025-10-16	4	Keyboard Mechanical	750000.00	2	1500000.00	1673	Cahyadi Dongoran	Jalan Surapati No. 93\nLubuklinggau, Jawa Timur 96880	+62-0237-235-9801	2025-10-16	1500000.00	Store Sale
2259	2025-07-21	4	Keyboard Mechanical	750000.00	9	6750000.00	1950	Yance Purnawati, M.Farm	Jl. Sentot Alibasa No. 2\nPekalongan, SU 01856	+62 (58) 553 2169	2025-07-21	6750000.00	Product Sale
2263	2025-08-29	4	Keyboard Mechanical	750000.00	7	5250000.00	138	Kawaca Prasetya	Jl. HOS. Cokroaminoto No. 32\nPurwokerto, Maluku Utara 82249	+62 (0378) 309-4315	2025-08-29	5250000.00	Online Transaction
2279	2025-08-15	4	Keyboard Mechanical	750000.00	5	3750000.00	637	Gambira Utami	Jalan Rumah Sakit No. 6\nMadiun, Sulawesi Utara 90615	+62 (02) 698 9125	2025-08-15	3750000.00	Online Transaction
2281	2025-07-22	4	Keyboard Mechanical	750000.00	8	6000000.00	1333	Ade Santoso	Gang Kutai No. 901\nMakassar, Sulawesi Tenggara 86495	(092) 989-3581	2025-07-22	6000000.00	Online Transaction
2283	2025-07-22	4	Keyboard Mechanical	750000.00	6	4500000.00	1763	Patricia Tampubolon	Gg. Medokan Ayu No. 34\nPangkalpinang, SN 29231	(006) 783 7630	2025-07-22	4500000.00	Store Sale
2287	2025-12-17	4	Keyboard Mechanical	750000.00	9	6750000.00	804	Prabowo Wibowo	Jl. Cikutra Barat No. 209\nTual, SG 65713	+62 (783) 377-5259	2025-12-17	6750000.00	Customer Purchase
2288	2025-11-25	4	Keyboard Mechanical	750000.00	3	2250000.00	1571	Farah Handayani	Gang Dr. Djunjunan No. 2\nPalopo, JA 38706	+62-12-207-3522	2025-11-25	2250000.00	Store Sale
2291	2025-12-14	4	Keyboard Mechanical	750000.00	4	3000000.00	1041	Dewi Pangestu	Gang Pacuan Kuda No. 58\nTual, RI 81051	+62 (0484) 286 7416	2025-12-14	3000000.00	Customer Purchase
2293	2025-10-30	4	Keyboard Mechanical	750000.00	3	2250000.00	601	Atma Prayoga, S.E.I	Gang Surapati No. 98\nKediri, BB 62329	(0101) 630-1828	2025-10-30	2250000.00	Customer Purchase
2295	2026-05-31	4	Keyboard Mechanical	750000.00	5	3750000.00	1858	Gilda Mansur	NULL	+62 (92) 573-6542	2026-05-31	3750000.00	Product Sale
2298	2026-02-24	4	Keyboard Mechanical	750000.00	5	3750000.00	166	Jarwa Padmasari	Gang Rajawali Barat No. 2\nPekalongan, Nusa Tenggara Barat 76315	0856982890	2026-02-24	3750000.00	Customer Purchase
2299	2026-01-17	4	Keyboard Mechanical	750000.00	5	3750000.00	1833	Yoga Ardianto	Gg. Gardujati No. 6\nPurwokerto, Kalimantan Tengah 79090	(0648) 400-5488	2026-01-17	3750000.00	Product Sale
2306	2026-02-10	4	Keyboard Mechanical	750000.00	1	750000.00	250	Dr. Elisa Pertiwi	Gg. HOS. Cokroaminoto No. 581\nLhokseumawe, Kalimantan Tengah 67955	(017) 138 6217	2026-02-10	750000.00	Product Sale
2312	2025-09-27	4	Keyboard Mechanical	750000.00	7	5250000.00	1669	Devi Mangunsong	NULL	+62 (023) 934 3836	2025-09-27	5250000.00	Product Sale
2316	2025-07-30	4	Keyboard Mechanical	750000.00	10	7500000.00	38	R. Xanana Hidayanto	NULL	089 164 1561	2025-07-30	7500000.00	Customer Purchase
2336	2026-03-06	4	Keyboard Mechanical	750000.00	5	3750000.00	281	Safina Tarihoran	NULL	+62-15-051-0463	2026-03-06	3750000.00	Product Sale
2343	2025-10-27	4	Keyboard Mechanical	750000.00	6	4500000.00	1829	Baktiono Mandala	Gang Jayawijaya No. 638\nTomohon, Banten 17168	+62 (69) 755-9912	2025-10-27	4500000.00	Store Sale
2352	2026-06-14	4	Keyboard Mechanical	750000.00	7	5250000.00	594	Nadia Kurniawan	Jl. Lembong No. 703\nSorong, MU 10859	+62 (065) 256 5198	2026-06-14	5250000.00	Online Transaction
2364	2025-09-13	4	Keyboard Mechanical	750000.00	3	2250000.00	565	Ellis Nashiruddin	Gg. Tebet Barat Dalam No. 13\nPadangpanjang, GO 82772	+62 (817) 642-9517	2025-09-13	2250000.00	Store Sale
2372	2025-08-26	4	Keyboard Mechanical	750000.00	10	7500000.00	1696	Nadine Nasyidah	Jalan Kendalsari No. 533\nTasikmalaya, SU 88576	(0553) 483-7365	2025-08-26	7500000.00	Product Sale
2374	2026-07-06	4	Keyboard Mechanical	750000.00	10	7500000.00	1529	Bala Handayani, S.IP	Gg. Cihampelas No. 588\nSemarang, Kalimantan Timur 12419	+62 (0379) 854-8237	2026-07-06	7500000.00	Store Sale
2375	2026-01-07	4	Keyboard Mechanical	750000.00	1	750000.00	1254	Ami Maheswara, M.Pd	Gg. KH Amin Jasuta No. 163\nCimahi, KI 96855	(076) 899 5526	2026-01-07	750000.00	Customer Purchase
2378	2025-07-28	4	Keyboard Mechanical	750000.00	9	6750000.00	1893	H. Mursita Farida, S.Sos	Jalan Rumah Sakit No. 71\nPekalongan, Riau 73325	+62 (092) 169 9776	2025-07-28	6750000.00	Customer Purchase
2386	2026-01-16	4	Keyboard Mechanical	750000.00	6	4500000.00	607	Salwa Nasyiah	Jl. Ronggowarsito No. 47\nPadangpanjang, Sulawesi Utara 48903	+62 (018) 126 5499	2026-01-16	4500000.00	Online Transaction
2391	2026-04-05	4	Keyboard Mechanical	750000.00	7	5250000.00	464	Niyaga Mayasari	Gang Asia Afrika No. 9\nBinjai, Riau 90977	(073) 997 1771	2026-04-05	5250000.00	Product Sale
2393	2025-09-26	4	Keyboard Mechanical	750000.00	9	6750000.00	1189	Wakiman Dabukke	Jalan Sukabumi No. 528\nDumai, NB 81364	084 428 2839	2025-09-26	6750000.00	Product Sale
2397	2026-03-01	4	Keyboard Mechanical	750000.00	6	4500000.00	319	Zelda Sinaga	Jl. Kutai No. 2\nBanjarbaru, SB 71187	0884302852	2026-03-01	4500000.00	Customer Purchase
2408	2025-12-26	4	Keyboard Mechanical	750000.00	5	3750000.00	1253	dr. Amalia Pudjiastuti	Gg. Gegerkalong Hilir No. 6\nParepare, JT 41262	+62 (072) 669 4825	2025-12-26	3750000.00	Product Sale
2410	2025-12-01	4	Keyboard Mechanical	750000.00	5	3750000.00	152	Usyi Kusmawati	Jl. Sukajadi No. 281\nSungai Penuh, SB 98899	(0304) 189-0698	2025-12-01	3750000.00	Store Sale
2416	2025-11-13	4	Keyboard Mechanical	750000.00	7	5250000.00	456	Rangga Purnawati	Gg. Medokan Ayu No. 55\nBima, Sumatera Selatan 72111	+62-73-185-0690	2025-11-13	5250000.00	Online Transaction
2418	2025-10-08	4	Keyboard Mechanical	750000.00	8	6000000.00	1210	Suci Hidayat	Jl. Medokan Ayu No. 686\nMalang, Kalimantan Barat 63120	+62-749-520-5690	2025-10-08	6000000.00	Online Transaction
2422	2025-08-26	4	Keyboard Mechanical	750000.00	2	1500000.00	1480	Michelle Purnawati	Gang Wonoayu No. 7\nLubuklinggau, Bengkulu 23980	(0483) 153-4109	2025-08-26	1500000.00	Product Sale
2432	2026-04-16	4	Keyboard Mechanical	750000.00	7	5250000.00	37	H. Nardi Sudiati	Jalan Kapten Muslihat No. 64\nBandar Lampung, Maluku Utara 71403	+62 (0504) 507 6870	2026-04-16	5250000.00	Customer Purchase
2433	2026-02-28	4	Keyboard Mechanical	750000.00	2	1500000.00	1107	Rina Puspita	Jalan Medokan Ayu No. 4\nCirebon, KI 67081	0880576587	2026-02-28	1500000.00	Store Sale
2436	2025-10-26	4	Keyboard Mechanical	750000.00	8	6000000.00	1297	Kani Kusmawati	Gg. Rajawali Timur No. 038\nMalang, SN 25600	(058) 558-0263	2025-10-26	6000000.00	Online Transaction
2439	2025-10-07	4	Keyboard Mechanical	750000.00	8	6000000.00	1079	Halima Anggriawan, M.Kom.	Gang Yos Sudarso No. 2\nSamarinda, BB 87518	(000) 756-4341	2025-10-07	6000000.00	Product Sale
2442	2025-11-08	4	Keyboard Mechanical	750000.00	6	4500000.00	27	Adinata Nainggolan, M.Farm	Gang Veteran No. 60\nSungai Penuh, GO 70407	0818762012	2025-11-08	4500000.00	Store Sale
2447	2026-05-20	4	Keyboard Mechanical	750000.00	10	7500000.00	1363	Mutia Sudiati, M.M.	Gg. Setiabudhi No. 270\nTanjungbalai, LA 80708	+62-065-754-6167	2026-05-20	7500000.00	Online Transaction
2455	2026-04-06	4	Keyboard Mechanical	750000.00	7	5250000.00	361	Banawi Widodo	Jl. Asia Afrika No. 4\nTidore Kepulauan, Sumatera Barat 37623	(065) 250 9954	2026-04-06	5250000.00	Online Transaction
2456	2025-07-18	4	Keyboard Mechanical	750000.00	5	3750000.00	1287	Mulya Lestari	Jalan Pasir Koja No. 355\nPadangpanjang, SR 77285	+62-923-877-8964	2025-07-18	3750000.00	Online Transaction
2462	2026-05-04	4	Keyboard Mechanical	750000.00	9	6750000.00	1638	KH. Embuh Najmudin	Gg. Pacuan Kuda No. 94\nTegal, KS 92082	(071) 584 0092	2026-05-04	6750000.00	Online Transaction
2470	2025-11-11	4	Keyboard Mechanical	750000.00	7	5250000.00	1125	Puti Rini Hasanah, S.Farm	Gg. Antapani Lama No. 608\nGorontalo, Sulawesi Tengah 12890	+62 (526) 436-4808	2025-11-11	5250000.00	Online Transaction
2472	2026-05-22	4	Keyboard Mechanical	750000.00	5	3750000.00	1363	Mutia Sudiati, M.M.	Gg. Setiabudhi No. 270\nTanjungbalai, LA 80708	+62-065-754-6167	2026-05-22	3750000.00	Online Transaction
2483	2025-10-26	4	Keyboard Mechanical	750000.00	10	7500000.00	1497	Rahayu Narpati, M.Ak	Jalan Lembong No. 6\nTangerang, Jawa Timur 98477	+62 (61) 048 2008	2025-10-26	7500000.00	Store Sale
2486	2025-12-13	4	Keyboard Mechanical	750000.00	3	2250000.00	1956	T. Tasdik Ardianto, S.E.I	Gang Dipatiukur No. 7\nPagaralam, Kalimantan Tengah 28629	+62-093-116-6724	2025-12-13	2250000.00	Online Transaction
2491	2025-09-26	4	Keyboard Mechanical	750000.00	8	6000000.00	900	Daryani Pertiwi	Gang PHH. Mustofa No. 42\nPagaralam, NB 49272	(0014) 593-4034	2025-09-26	6000000.00	Store Sale
2498	2025-11-09	4	Keyboard Mechanical	750000.00	8	6000000.00	875	Maida Wibisono	Jalan Monginsidi No. 95\nSibolga, Maluku Utara 54277	080 339 5141	2025-11-09	6000000.00	Online Transaction
2502	2026-05-12	4	Keyboard Mechanical	750000.00	3	2250000.00	1650	dr. Kalim Waluyo, S.E.I	Jalan Pelajar Pejuang No. 56\nJayapura, JB 79087	+62-35-614-5517	2026-05-12	2250000.00	Customer Purchase
2505	2026-07-02	4	Keyboard Mechanical	750000.00	1	750000.00	1576	Alika Maryati	Gg. Cihampelas No. 5\nBatam, AC 91201	+62-780-731-9937	2026-07-02	750000.00	Product Sale
2508	2025-11-04	4	Keyboard Mechanical	750000.00	4	3000000.00	1461	Najib Aryani	Gg. Dr. Djunjunan No. 57\nBatu, KB 53470	+62-95-882-6750	2025-11-04	3000000.00	Customer Purchase
2513	2025-07-13	4	Keyboard Mechanical	750000.00	2	1500000.00	312	Pia Wibowo	Jalan Ahmad Yani No. 21\nBandar Lampung, Sulawesi Tenggara 96226	+62 (195) 799-0405	2025-07-13	1500000.00	Customer Purchase
2519	2026-04-10	4	Keyboard Mechanical	750000.00	6	4500000.00	736	Nurul Kuswandari	Jalan K.H. Wahid Hasyim No. 43\nTegal, Kalimantan Barat 69102	+62 (370) 450 2108	2026-04-10	4500000.00	Product Sale
2529	2026-05-19	4	Keyboard Mechanical	750000.00	10	7500000.00	880	R. Ulya Habibi, M.Farm	Gg. Lembong No. 684\nSurabaya, Lampung 45708	+62-635-148-2378	2026-05-19	7500000.00	Product Sale
2530	2025-08-04	4	Keyboard Mechanical	750000.00	8	6000000.00	1388	Respati Suryono	Jalan Ir. H. Djuanda No. 01\nPadangpanjang, Kepulauan Riau 81012	+62 (665) 127-5081	2025-08-04	6000000.00	Online Transaction
2532	2026-04-24	4	Keyboard Mechanical	750000.00	6	4500000.00	546	Fitria Maheswara	Jalan Otto Iskandardinata No. 3\nKota Administrasi Jakarta Selatan, LA 91864	+62 (062) 330-9690	2026-04-24	4500000.00	Online Transaction
2536	2025-08-30	4	Keyboard Mechanical	750000.00	9	6750000.00	1726	Makara Usada	Gang Indragiri No. 715\nTernate, Maluku Utara 89752	+62 (06) 450-6960	2025-08-30	6750000.00	Customer Purchase
2541	2026-04-14	4	Keyboard Mechanical	750000.00	5	3750000.00	1554	Indah Riyanti	Jalan Ahmad Yani No. 2\nPekalongan, MA 98530	+62 (394) 244-0730	2026-04-14	3750000.00	Customer Purchase
2552	2025-11-07	4	Keyboard Mechanical	750000.00	7	5250000.00	1425	R. Unjani Siregar	Gg. Setiabudhi No. 631\nPurwokerto, Papua Barat 25422	0854449235	2025-11-07	5250000.00	Online Transaction
2557	2026-06-08	4	Keyboard Mechanical	750000.00	6	4500000.00	181	dr. Farah Halimah, S.Pt	Jl. Jend. Sudirman No. 93\nSabang, NT 55968	+62 (04) 500-9113	2026-06-08	4500000.00	Product Sale
2562	2025-09-20	4	Keyboard Mechanical	750000.00	6	4500000.00	292	Puji Prasetyo	Jl. Jend. A. Yani No. 15\nSamarinda, Kalimantan Selatan 59018	+62 (027) 797-4303	2025-09-20	4500000.00	Store Sale
2563	2026-02-13	4	Keyboard Mechanical	750000.00	8	6000000.00	33	Adinata Nainggolan, M.Farm	Jl. Cikutra Timur No. 9\nYogyakarta, Kalimantan Timur 47700	081 991 5396	2026-02-13	6000000.00	Store Sale
2566	2025-08-31	4	Keyboard Mechanical	750000.00	1	750000.00	1238	Novi Ramadan	Jalan Medokan Ayu No. 33\nSabang, JT 73774	+62-0902-246-0556	2025-08-31	750000.00	Customer Purchase
2573	2026-06-12	4	Keyboard Mechanical	750000.00	7	5250000.00	1866	Ir. Cinta Tamba	Gang Sukajadi No. 50\nBengkulu, Gorontalo 90647	+62-03-799-5362	2026-06-12	5250000.00	Store Sale
2576	2026-06-05	4	Keyboard Mechanical	750000.00	1	750000.00	1309	Nalar Samosir	Gg. Abdul Muis No. 3\nBanjarbaru, Jawa Tengah 07113	+62 (14) 237 3230	2026-06-05	750000.00	Online Transaction
2578	2025-07-13	4	Keyboard Mechanical	750000.00	2	1500000.00	1141	Hj. Amalia Pangestu, S.Kom	NULL	+62 (376) 336 8097	2025-07-13	1500000.00	Online Transaction
2586	2025-07-17	4	Keyboard Mechanical	750000.00	4	3000000.00	87	Dalima Yuliarti	Gg. R.E Martadinata No. 5\nTegal, Sulawesi Tenggara 61896	+62 (0619) 615-4492	2025-07-17	3000000.00	Online Transaction
2587	2025-07-12	4	Keyboard Mechanical	750000.00	1	750000.00	1666	Intan Haryanto	Gang Suniaraja No. 6\nSabang, Sulawesi Utara 18455	(086) 449-4204	2025-07-12	750000.00	Online Transaction
2595	2026-05-12	4	Keyboard Mechanical	750000.00	9	6750000.00	146	Harsana Mardhiyah	Gg. Kutai No. 02\nSolok, SB 52497	+62 (055) 814 0650	2026-05-12	6750000.00	Online Transaction
2596	2025-09-23	4	Keyboard Mechanical	750000.00	9	6750000.00	88	Unjani Riyanti	NULL	+62-13-134-5691	2025-09-23	6750000.00	Product Sale
2598	2025-07-30	4	Keyboard Mechanical	750000.00	5	3750000.00	437	Janet Hutasoit	Jalan Gedebage Selatan No. 0\nGorontalo, Aceh 35348	+62 (0850) 970-5962	2025-07-30	3750000.00	Online Transaction
2611	2026-04-25	4	Keyboard Mechanical	750000.00	2	1500000.00	1411	Daniswara Waluyo	Gg. H.J Maemunah No. 92\nSurabaya, Kepulauan Bangka Belitung 70409	+62-0755-562-1037	2026-04-25	1500000.00	Customer Purchase
2612	2026-06-07	4	Keyboard Mechanical	750000.00	10	7500000.00	1765	Dt. Makara Purnawati, M.Kom.	Gg. Cihampelas No. 73\nSukabumi, NT 16028	+62 (009) 607-7933	2026-06-07	7500000.00	Store Sale
2615	2026-01-03	4	Keyboard Mechanical	750000.00	3	2250000.00	1643	Mala Hartati	Jalan Raya Ujungberung No. 90\nMedan, AC 21833	+62 (0636) 423-1249	2026-01-03	2250000.00	Customer Purchase
2618	2025-11-30	4	Keyboard Mechanical	750000.00	3	2250000.00	129	Eli Widodo	Jl. Cihampelas No. 78\nKota Administrasi Jakarta Pusat, NB 44594	+62 (06) 988 4453	2025-11-30	2250000.00	Store Sale
2630	2026-04-23	4	Keyboard Mechanical	750000.00	4	3000000.00	1483	Dr. Elvina Rahmawati, S.T.	Gang Monginsidi No. 08\nPematangsiantar, KI 14122	+62 (0099) 244 0496	2026-04-23	3000000.00	Online Transaction
2632	2026-05-02	4	Keyboard Mechanical	750000.00	6	4500000.00	1326	R. Artanto Usamah	Jalan Soekarno Hatta No. 71\nMakassar, JA 43668	+62 (0884) 073 5627	2026-05-02	4500000.00	Product Sale
2635	2026-04-05	4	Keyboard Mechanical	750000.00	6	4500000.00	238	Novi Ramadan	Jalan Medokan Ayu No. 33\nSabang, JT 73774	+62-0902-246-0556	2026-04-05	4500000.00	Online Transaction
2638	2025-11-09	4	Keyboard Mechanical	750000.00	5	3750000.00	365	Sadina Thamrin	Gang HOS. Cokroaminoto No. 9\nCimahi, Maluku Utara 08291	+62 (018) 910 9014	2025-11-09	3750000.00	Product Sale
2641	2026-04-10	4	Keyboard Mechanical	750000.00	7	5250000.00	497	Rahayu Narpati, M.Ak	Jalan Lembong No. 6\nTangerang, Jawa Timur 98477	+62 (61) 048 2008	2026-04-10	5250000.00	Store Sale
2644	2025-10-01	4	Keyboard Mechanical	750000.00	1	750000.00	361	Banawi Widodo	Jl. Asia Afrika No. 4\nTidore Kepulauan, Sumatera Barat 37623	(065) 250 9954	2025-10-01	750000.00	Online Transaction
2649	2026-06-20	4	Keyboard Mechanical	750000.00	8	6000000.00	1167	Ayu Simanjuntak	Jl. Indragiri No. 204\nTangerang Selatan, BA 71768	0863313851	2026-06-20	6000000.00	Store Sale
2657	2026-06-03	4	Keyboard Mechanical	750000.00	6	4500000.00	281	Safina Tarihoran	NULL	+62-15-051-0463	2026-06-03	4500000.00	Online Transaction
2665	2025-12-16	4	Keyboard Mechanical	750000.00	4	3000000.00	1117	Cakrawangsa Wibisono	Jalan Dipenogoro No. 10\nSerang, AC 73757	(063) 602-3544	2025-12-16	3000000.00	Customer Purchase
2667	2026-02-24	4	Keyboard Mechanical	750000.00	6	4500000.00	1213	Elisa Mahendra	Jl. Cihampelas No. 79\nSabang, Sulawesi Selatan 34062	+62 (0350) 473-8488	2026-02-24	4500000.00	Product Sale
2670	2025-07-15	4	Keyboard Mechanical	750000.00	6	4500000.00	248	Atma Zulkarnain	Jl. Cempaka No. 1\nPalembang, BT 53457	+62-78-614-2379	2025-07-15	4500000.00	Online Transaction
2674	2026-03-08	4	Keyboard Mechanical	750000.00	5	3750000.00	366	Cecep Dabukke	Gang M.T Haryono No. 18\nLhokseumawe, BB 95511	(0036) 887-4029	2026-03-08	3750000.00	Store Sale
2683	2025-07-13	4	Keyboard Mechanical	750000.00	2	1500000.00	212	Marsito Siregar	Gg. Ciwastra No. 6\nKupang, Bengkulu 89273	082 984 3558	2025-07-13	1500000.00	Online Transaction
2691	2026-02-10	4	Keyboard Mechanical	750000.00	1	750000.00	1625	Jessica Siregar	Jalan Sukabumi No. 087\nSamarinda, Sulawesi Tengah 53375	+62 (0819) 708-1259	2026-02-10	750000.00	Store Sale
2693	2026-05-09	4	Keyboard Mechanical	750000.00	3	2250000.00	687	Nurul Astuti	Jl. Ciumbuleuit No. 4\nSibolga, YO 81474	+62 (031) 102-0793	2026-05-09	2250000.00	Product Sale
2701	2025-10-11	4	Keyboard Mechanical	750000.00	3	2250000.00	1550	dr. Utama Haryanti, S.Pd	Gang Gedebage Selatan No. 45\nPadang Sidempuan, Gorontalo 96056	+62 (59) 588-2449	2025-10-11	2250000.00	Online Transaction
2711	2025-10-27	4	Keyboard Mechanical	750000.00	2	1500000.00	1653	drg. Iriana Damanik, M.Pd	Gg. Erlangga No. 0\nKota Administrasi Jakarta Selatan, Aceh 17383	+62 (069) 258-1232	2025-10-27	1500000.00	Product Sale
2718	2026-05-27	4	Keyboard Mechanical	750000.00	8	6000000.00	1236	R. Gilda Damanik	Gg. Moch. Ramdan No. 2\nParepare, Bali 07713	+62 (312) 888-6657	2026-05-27	6000000.00	Customer Purchase
2729	2025-08-02	4	Keyboard Mechanical	750000.00	3	2250000.00	73	Cut Winda Hastuti, S.IP	Jl. Cikutra Barat No. 37\nKota Administrasi Jakarta Barat, Sumatera Selatan 72778	+62 (0554) 246 2119	2025-08-02	2250000.00	Store Sale
2732	2025-09-19	4	Keyboard Mechanical	750000.00	5	3750000.00	1582	Bakidin Aryani	Jl. M.H Thamrin No. 877\nTanjungpinang, JT 06726	+62 (92) 483 6706	2025-09-19	3750000.00	Customer Purchase
2735	2025-08-16	4	Keyboard Mechanical	750000.00	6	4500000.00	917	Rahayu Uyainah	NULL	0840168563	2025-08-16	4500000.00	Customer Purchase
2737	2026-01-09	4	Keyboard Mechanical	750000.00	6	4500000.00	1422	R. Ira Prasetyo	Gg. HOS. Cokroaminoto No. 8\nTanjungpinang, Kalimantan Selatan 47829	+62 (0871) 567-8255	2026-01-09	4500000.00	Store Sale
2749	2025-09-07	4	Keyboard Mechanical	750000.00	1	750000.00	1826	Salsabila Uwais	Jl. Asia Afrika No. 9\nMalang, Kalimantan Utara 70385	+62 (0092) 441 5721	2025-09-07	750000.00	Customer Purchase
2750	2025-10-26	4	Keyboard Mechanical	750000.00	8	6000000.00	443	Damar Hutagalung, M.Kom.	Gang Rajiman No. 577\nKota Administrasi Jakarta Timur, Sulawesi Barat 49652	+62 (56) 109 0035	2025-10-26	6000000.00	Product Sale
2752	2026-04-29	4	Keyboard Mechanical	750000.00	2	1500000.00	769	Paris Nurdiyanti	Gang Jayawijaya No. 31\nMagelang, ST 50799	+62-266-554-9633	2026-04-29	1500000.00	Product Sale
2754	2026-02-08	4	Keyboard Mechanical	750000.00	5	3750000.00	1575	Puti Nadine Simbolon	Jalan Raya Ujungberung No. 81\nSemarang, KS 21979	+62 (0912) 110-0939	2026-02-08	3750000.00	Online Transaction
2757	2025-12-01	4	Keyboard Mechanical	750000.00	9	6750000.00	591	dr. Lasmanto Hidayat	Gg. Merdeka No. 72\nParepare, Papua Barat 91172	(0233) 845-1633	2025-12-01	6750000.00	Product Sale
2765	2026-03-10	4	Keyboard Mechanical	750000.00	8	6000000.00	635	Martaka Wastuti	Jalan Waringin No. 881\nPadangpanjang, AC 16646	+62 (476) 191 6515	2026-03-10	6000000.00	Online Transaction
2766	2026-03-11	4	Keyboard Mechanical	750000.00	8	6000000.00	1339	Samiah Prayoga	NULL	+62 (221) 352 5312	2026-03-11	6000000.00	Online Transaction
2770	2026-04-01	4	Keyboard Mechanical	750000.00	5	3750000.00	1588	Mulyanto Pradipta	Gg. Siliwangi No. 4\nPekanbaru, SB 28478	+62 (0124) 904 5725	2026-04-01	3750000.00	Product Sale
2776	2026-05-13	4	Keyboard Mechanical	750000.00	8	6000000.00	768	Purwadi Putra	Jl. Sentot Alibasa No. 46\nMagelang, JB 16921	+62 (098) 200 1229	2026-05-13	6000000.00	Store Sale
2779	2026-02-20	4	Keyboard Mechanical	750000.00	9	6750000.00	1860	Puti Paramita Sudiati	Jl. Jend. A. Yani No. 0\nPariaman, SS 77385	+62-017-033-9931	2026-02-20	6750000.00	Store Sale
2782	2025-09-10	4	Keyboard Mechanical	750000.00	2	1500000.00	313	Purwanto Nurdiyanti	NULL	+62 (0823) 235-3156	2025-09-10	1500000.00	Product Sale
2788	2025-11-20	4	Keyboard Mechanical	750000.00	1	750000.00	1351	Gilda Najmudin	Jalan Ciwastra No. 178\nCimahi, MA 26714	0866113649	2025-11-20	750000.00	Customer Purchase
2794	2025-07-18	4	Keyboard Mechanical	750000.00	2	1500000.00	478	Eli Pratama	Jl. KH Amin Jasuta No. 448\nBalikpapan, GO 50413	+62-553-402-3161	2025-07-18	1500000.00	Online Transaction
2804	2025-09-27	4	Keyboard Mechanical	750000.00	4	3000000.00	1979	Himawan Salahudin, M.Farm	Jalan Cikutra Barat No. 4\nDepok, Sulawesi Utara 40227	+62 (934) 534 2921	2025-09-27	3000000.00	Customer Purchase
2819	2026-01-15	4	Keyboard Mechanical	750000.00	5	3750000.00	1448	Dr. Utama Utami	Jl. Joyoboyo No. 01\nMakassar, SG 07135	+62 (064) 641-9155	2026-01-15	3750000.00	Store Sale
2832	2025-11-16	4	Keyboard Mechanical	750000.00	3	2250000.00	298	Gada Marbun, S.Farm	Gg. Rajiman No. 4\nBengkulu, KR 52986	+62-039-696-0689	2025-11-16	2250000.00	Store Sale
2837	2026-02-02	4	Keyboard Mechanical	750000.00	9	6750000.00	696	Nadine Nasyidah	Jalan Kendalsari No. 533\nTasikmalaya, SU 88576	(0553) 483-7365	2026-02-02	6750000.00	Product Sale
2838	2025-07-23	4	Keyboard Mechanical	750000.00	5	3750000.00	1075	Harsana Setiawan	Gang Rungkut Industri No. 6\nBontang, Papua Barat 38838	+62-0658-391-1310	2025-07-23	3750000.00	Online Transaction
2843	2026-05-18	4	Keyboard Mechanical	750000.00	1	750000.00	66	Drs. Belinda Anggriawan	NULL	+62 (24) 915 1414	2026-05-18	750000.00	Customer Purchase
2847	2025-07-15	4	Keyboard Mechanical	750000.00	3	2250000.00	1247	Lanang Sitompul, S.Pt	Jl. Cikutra Timur No. 050\nBatam, PA 88775	+62-053-078-2313	2025-07-15	2250000.00	Product Sale
2857	2025-10-22	4	Keyboard Mechanical	750000.00	7	5250000.00	534	Kunthara Suryatmi	Gg. Moch. Ramdan No. 991\nTernate, KS 21359	(0226) 071-6047	2025-10-22	5250000.00	Store Sale
2862	2025-09-06	4	Keyboard Mechanical	750000.00	6	4500000.00	1618	Kemal Winarno	Jl. Jakarta No. 5\nSurakarta, Kalimantan Barat 45009	+62 (47) 382-3500	2025-09-06	4500000.00	Customer Purchase
2865	2025-09-13	4	Keyboard Mechanical	750000.00	4	3000000.00	1563	Drs. Endah Fujiati, S.E.I	Jl. K.H. Wahid Hasyim No. 13\nTidore Kepulauan, Maluku 97929	+62 (04) 075 7410	2025-09-13	3000000.00	Store Sale
2866	2025-10-30	4	Keyboard Mechanical	750000.00	3	2250000.00	1382	Oliva Prasetya	Jl. Veteran No. 96\nMalang, Maluku Utara 30927	(071) 376-0588	2025-10-30	2250000.00	Online Transaction
2874	2026-02-27	4	Keyboard Mechanical	750000.00	8	6000000.00	743	Jasmin Pradana	Jalan S. Parman No. 38\nKupang, JI 40890	(0553) 138-9361	2026-02-27	6000000.00	Customer Purchase
2881	2026-04-08	4	Keyboard Mechanical	750000.00	4	3000000.00	1994	R.A. Maida Gunarto	Gang Rawamangun No. 17\nSubulussalam, SB 29906	+62 (80) 266-9284	2026-04-08	3000000.00	Product Sale
2884	2025-08-22	4	Keyboard Mechanical	750000.00	10	7500000.00	1967	Nabila Hutasoit	Jl. BKR No. 99\nParepare, SU 23709	+62 (0338) 830 7790	2025-08-22	7500000.00	Online Transaction
2891	2025-12-05	4	Keyboard Mechanical	750000.00	4	3000000.00	1854	Nugraha Halim	Gg. Asia Afrika No. 036\nYogyakarta, KT 86442	+62-93-835-0563	2025-12-05	3000000.00	Product Sale
2892	2026-04-04	4	Keyboard Mechanical	750000.00	5	3750000.00	783	Genta Dabukke	Gang Suryakencana No. 9\nKendari, Nusa Tenggara Timur 25568	+62-905-036-6513	2026-04-04	3750000.00	Online Transaction
2893	2025-08-16	4	Keyboard Mechanical	750000.00	5	3750000.00	1107	Rina Puspita	Jalan Medokan Ayu No. 4\nCirebon, KI 67081	0880576587	2025-08-16	3750000.00	Customer Purchase
2900	2025-07-21	4	Keyboard Mechanical	750000.00	5	3750000.00	217	Sakura Dongoran	Gang Pasirkoja No. 534\nBima, Papua 10748	(052) 179 9983	2025-07-21	3750000.00	Store Sale
2901	2026-01-26	4	Keyboard Mechanical	750000.00	2	1500000.00	1395	Ir. Dartono Pranowo, S.Psi	Jalan H.J Maemunah No. 66\nPalu, LA 42580	+62 (22) 689-7884	2026-01-26	1500000.00	Customer Purchase
2912	2026-06-29	4	Keyboard Mechanical	750000.00	10	7500000.00	668	drg. Iriana Damanik, M.Pd	Jl. Rumah Sakit No. 5\nBengkulu, JK 63765	+62-088-811-6326	2026-06-29	7500000.00	Store Sale
2914	2026-06-02	4	Keyboard Mechanical	750000.00	10	7500000.00	109	R. Lalita Damanik	Gang Wonoayu No. 75\nKendari, Sumatera Selatan 00827	+62 (359) 225-6962	2026-06-02	7500000.00	Product Sale
2919	2025-11-02	4	Keyboard Mechanical	750000.00	10	7500000.00	1468	Dt. Karman Suartini	Jalan Dipenogoro No. 8\nMeulaboh, Maluku Utara 29252	+62-412-341-0886	2025-11-02	7500000.00	Online Transaction
2920	2025-07-13	4	Keyboard Mechanical	750000.00	2	1500000.00	752	Dr. Gina Firgantoro	Gg. Jamika No. 9\nTernate, Jambi 63139	+62 (59) 997-5324	2025-07-13	1500000.00	Customer Purchase
2923	2025-09-19	4	Keyboard Mechanical	750000.00	7	5250000.00	1406	Oskar Sitorus	Jalan Kiaracondong No. 044\nPalembang, Sulawesi Utara 12147	(0095) 533-7204	2025-09-19	5250000.00	Customer Purchase
2926	2026-06-13	4	Keyboard Mechanical	750000.00	2	1500000.00	765	Dt. Makara Purnawati, M.Kom.	Gg. Cihampelas No. 73\nSukabumi, NT 16028	+62 (009) 607-7933	2026-06-13	1500000.00	Product Sale
2929	2025-10-14	4	Keyboard Mechanical	750000.00	4	3000000.00	1639	drg. Ajeng Tamba, S.Farm	Gg. Siliwangi No. 7\nPariaman, JT 45107	+62 (47) 532-4395	2025-10-14	3000000.00	Store Sale
2937	2026-05-09	4	Keyboard Mechanical	750000.00	3	2250000.00	1153	Zelda Tarihoran	Gang Kendalsari No. 0\nMagelang, Kalimantan Timur 31696	+62 (43) 925-1873	2026-05-09	2250000.00	Store Sale
2942	2025-11-18	4	Keyboard Mechanical	750000.00	6	4500000.00	1113	Lili Hutapea	Jalan Sadang Serang No. 63\nPrabumulih, MA 91405	+62 (23) 488-1161	2025-11-18	4500000.00	Store Sale
2943	2025-11-23	4	Keyboard Mechanical	750000.00	2	1500000.00	1992	Cut Gawati Nasyiah	Gang Surapati No. 575\nMetro, SR 44874	+62-058-138-1762	2025-11-23	1500000.00	Store Sale
2946	2026-01-20	4	Keyboard Mechanical	750000.00	5	3750000.00	1825	Jarwadi Sinaga, S.Pd	Jalan Setiabudhi No. 939\nPayakumbuh, Sulawesi Barat 51466	+62-644-609-6367	2026-01-20	3750000.00	Product Sale
2951	2026-06-19	4	Keyboard Mechanical	750000.00	3	2250000.00	1881	KH. Raden Halim	Gang Raya Setiabudhi No. 3\nSabang, LA 01592	086 232 3321	2026-06-19	2250000.00	Store Sale
2956	2026-02-03	4	Keyboard Mechanical	750000.00	2	1500000.00	1036	R.A. Puji Ardianto, S.Ked	Jl. Kapten Muslihat No. 68\nPalopo, JK 61996	+62 (018) 202 5033	2026-02-03	1500000.00	Online Transaction
2959	2025-09-06	4	Keyboard Mechanical	750000.00	10	7500000.00	255	Tgk. Salwa Puspita	Gang Wonoayu No. 7\nBekasi, Gorontalo 23445	+62 (00) 628 7912	2025-09-06	7500000.00	Store Sale
2962	2026-05-06	4	Keyboard Mechanical	750000.00	5	3750000.00	559	Galar Manullang	Jl. Rajawali Barat No. 82\nKediri, Gorontalo 78383	+62-035-771-3085	2026-05-06	3750000.00	Product Sale
2972	2026-02-11	4	Keyboard Mechanical	750000.00	2	1500000.00	1462	Mursinin Firmansyah, S.Pt	Gang Dipatiukur No. 42\nBanjarmasin, Lampung 54494	0894788637	2026-02-11	1500000.00	Product Sale
2992	2026-02-05	4	Keyboard Mechanical	750000.00	2	1500000.00	1556	Puti Irawan	Gg. Indragiri No. 682\nSolok, JT 15932	+62 (0706) 115 0519	2026-02-05	1500000.00	Customer Purchase
2993	2026-05-30	4	Keyboard Mechanical	750000.00	7	5250000.00	1111	Chelsea Gunawan, S.IP	Gang Stasiun Wonokromo No. 74\nMataram, Jambi 83360	+62 (0962) 386 4921	2026-05-30	5250000.00	Store Sale
2995	2025-10-26	4	Keyboard Mechanical	750000.00	3	2250000.00	1248	Atma Zulkarnain	Jl. Cempaka No. 1\nPalembang, BT 53457	+62-78-614-2379	2025-10-26	2250000.00	Online Transaction
3016	2026-05-16	4	Keyboard Mechanical	750000.00	8	6000000.00	235	Ozy Usada	Gg. Suryakencana No. 798\nMeulaboh, PB 25729	083 711 8516	2026-05-16	6000000.00	Product Sale
3019	2025-09-23	4	Keyboard Mechanical	750000.00	9	6750000.00	1736	Nurul Kuswandari	Jalan K.H. Wahid Hasyim No. 43\nTegal, Kalimantan Barat 69102	+62 (370) 450 2108	2025-09-23	6750000.00	Product Sale
3027	2026-05-13	4	Keyboard Mechanical	750000.00	6	4500000.00	1110	Paris Novitasari	Gang Suryakencana No. 938\nTarakan, Kalimantan Utara 94751	(0013) 110 1343	2026-05-13	4500000.00	Product Sale
3032	2025-11-28	4	Keyboard Mechanical	750000.00	10	7500000.00	1729	Raina Pertiwi, M.M.	Gang Suniaraja No. 5\nKota Administrasi Jakarta Timur, Sumatera Barat 47722	+62 (821) 664 2090	2025-11-28	7500000.00	Online Transaction
3034	2026-03-01	4	Keyboard Mechanical	750000.00	4	3000000.00	1521	KH. Darsirah Uyainah, S.Farm	Gg. Rajiman No. 56\nYogyakarta, KI 82063	+62 (425) 922-5954	2026-03-01	3000000.00	Online Transaction
3040	2025-10-10	4	Keyboard Mechanical	750000.00	9	6750000.00	1995	Yunita Nashiruddin	Jl. Gegerkalong Hilir No. 133\nBanjarmasin, Jawa Barat 19986	(092) 928 6539	2025-10-10	6750000.00	Online Transaction
3042	2025-12-11	4	Keyboard Mechanical	750000.00	10	7500000.00	982	Wani Lestari	Jalan Gardujati No. 752\nTidore Kepulauan, Kepulauan Bangka Belitung 92605	(0769) 846 4525	2025-12-11	7500000.00	Product Sale
3051	2026-03-25	4	Keyboard Mechanical	750000.00	7	5250000.00	491	Liman Kusmawati	Jalan Dr. Djunjunan No. 0\nYogyakarta, KI 43005	+62 (0220) 025-1301	2026-03-25	5250000.00	Online Transaction
3055	2025-11-16	4	Keyboard Mechanical	750000.00	2	1500000.00	1062	T. Prayogo Budiman	Gang Kebonjati No. 59\nKota Administrasi Jakarta Selatan, Sumatera Barat 59350	+62-0484-548-5874	2025-11-16	1500000.00	Store Sale
3057	2025-11-30	4	Keyboard Mechanical	750000.00	7	5250000.00	817	Drs. Alika Zulaika	Jalan Medokan Ayu No. 4\nBima, Bali 81045	+62 (295) 497-1612	2025-11-30	5250000.00	Online Transaction
3059	2026-02-26	4	Keyboard Mechanical	750000.00	8	6000000.00	727	T. Saiful Iswahyudi, S.I.Kom	Jl. Stasiun Wonokromo No. 4\nKota Administrasi Jakarta Selatan, RI 71323	(040) 103-6833	2026-02-26	6000000.00	Online Transaction
3060	2026-06-24	4	Keyboard Mechanical	750000.00	3	2250000.00	1454	Galih Hasanah	Jl. Cihampelas No. 1\nBanda Aceh, Sulawesi Utara 08479	+62 (845) 712-4032	2026-06-24	2250000.00	Customer Purchase
3063	2026-04-06	4	Keyboard Mechanical	750000.00	8	6000000.00	222	Dr. Garang Utami	Gang Jakarta No. 4\nPayakumbuh, JB 78198	+62-035-841-3390	2026-04-06	6000000.00	Online Transaction
3064	2026-01-26	4	Keyboard Mechanical	750000.00	10	7500000.00	613	dr. Ajiono Wijayanti	Jalan Kendalsari No. 19\nSukabumi, BA 84198	+62 (0521) 776 9278	2026-01-26	7500000.00	Online Transaction
3067	2026-01-31	4	Keyboard Mechanical	750000.00	6	4500000.00	1912	Dr. Ajiono Purnawati, S.I.Kom	Gg. Surapati No. 9\nKota Administrasi Jakarta Barat, Kalimantan Tengah 46365	089 715 9081	2026-01-31	4500000.00	Online Transaction
3069	2026-01-12	4	Keyboard Mechanical	750000.00	9	6750000.00	1560	Tgk. Cecep Wijaya, S.Psi	Gg. Ronggowarsito No. 11\nPalopo, LA 86739	+62 (556) 168 4579	2026-01-12	6750000.00	Online Transaction
3081	2026-03-10	4	Keyboard Mechanical	750000.00	5	3750000.00	1523	Usman Andriani	NULL	+62-0921-463-3461	2026-03-10	3750000.00	Product Sale
3082	2026-03-26	4	Keyboard Mechanical	750000.00	3	2250000.00	916	Tgk. Alika Sitompul, S.Sos	NULL	+62-919-451-1085	2026-03-26	2250000.00	Online Transaction
3083	2026-01-14	4	Keyboard Mechanical	750000.00	7	5250000.00	1513	Galuh Wahyuni	Gang Erlangga No. 47\nKupang, Lampung 87798	+62 (21) 969-8455	2026-01-14	5250000.00	Product Sale
3090	2026-06-02	4	Keyboard Mechanical	750000.00	7	5250000.00	1572	Gilang Hariyah	Gang Suniaraja No. 7\nPagaralam, Jawa Tengah 00599	(0372) 778 3426	2026-06-02	5250000.00	Customer Purchase
3097	2026-01-14	4	Keyboard Mechanical	750000.00	1	750000.00	1893	H. Mursita Farida, S.Sos	Jalan Rumah Sakit No. 71\nPekalongan, Riau 73325	+62 (092) 169 9776	2026-01-14	750000.00	Store Sale
3100	2025-10-24	4	Keyboard Mechanical	750000.00	1	750000.00	1659	Hartana Haryanti	Gg. Setiabudhi No. 665\nSalatiga, SU 28592	+62 (082) 502 4414	2025-10-24	750000.00	Online Transaction
3101	2025-11-23	4	Keyboard Mechanical	750000.00	6	4500000.00	107	Rina Puspita	Jalan Medokan Ayu No. 4\nCirebon, KI 67081	0880576587	2025-11-23	4500000.00	Customer Purchase
3103	2026-02-14	4	Keyboard Mechanical	750000.00	10	7500000.00	843	Puji Wijayanti	Jl. Dipenogoro No. 5\nMagelang, Jawa Tengah 55251	+62-082-933-8227	2026-02-14	7500000.00	Product Sale
3107	2025-08-11	4	Keyboard Mechanical	750000.00	1	750000.00	357	Ir. Ganjaran Manullang	Gang Laswi No. 65\nBau-Bau, Kalimantan Timur 19118	(055) 499 2418	2025-08-11	750000.00	Customer Purchase
3109	2025-09-13	4	Keyboard Mechanical	750000.00	7	5250000.00	1611	Nadia Waluyo	Gg. Suniaraja No. 6\nTasikmalaya, Maluku 94574	+62 (0448) 245-5585	2025-09-13	5250000.00	Product Sale
3111	2026-06-11	4	Keyboard Mechanical	750000.00	9	6750000.00	1885	Galuh Irawan	Gang Cikapayang No. 36\nManado, Papua Barat 89228	+62 (06) 671-2977	2026-06-11	6750000.00	Store Sale
3137	2026-04-16	4	Keyboard Mechanical	750000.00	4	3000000.00	343	Asmadi Gunawan	Gang Kendalsari No. 57\nTarakan, Kepulauan Riau 24866	+62 (0523) 047 6571	2026-04-16	3000000.00	Customer Purchase
3141	2025-09-08	4	Keyboard Mechanical	750000.00	3	2250000.00	1488	Gilda Hariyah	Jalan KH Amin Jasuta No. 0\nLubuklinggau, SN 59867	+62 (0450) 260 4319	2025-09-08	2250000.00	Customer Purchase
3144	2025-12-11	4	Keyboard Mechanical	750000.00	1	750000.00	836	Dr. Cindy Damanik	Gg. Rajawali Timur No. 86\nSibolga, BT 48755	+62 (001) 103-6096	2025-12-11	750000.00	Customer Purchase
3151	2025-08-12	4	Keyboard Mechanical	750000.00	9	6750000.00	783	Genta Dabukke	Gang Suryakencana No. 9\nKendari, Nusa Tenggara Timur 25568	+62-905-036-6513	2025-08-12	6750000.00	Customer Purchase
3159	2025-08-11	4	Keyboard Mechanical	750000.00	8	6000000.00	1297	Kani Kusmawati	Gg. Rajawali Timur No. 038\nMalang, SN 25600	(058) 558-0263	2025-08-11	6000000.00	Product Sale
3166	2025-11-28	4	Keyboard Mechanical	750000.00	8	6000000.00	1730	Hafshah Waluyo, S.E.I	Gang Ahmad Dahlan No. 3\nTangerang Selatan, JT 67632	(0684) 483-7617	2025-11-28	6000000.00	Online Transaction
3167	2026-03-08	4	Keyboard Mechanical	750000.00	9	6750000.00	1149	Rizki Saefullah	Gg. Stasiun Wonokromo No. 9\nCirebon, MA 05661	+62 (10) 608-2658	2026-03-08	6750000.00	Store Sale
3172	2025-10-13	4	Keyboard Mechanical	750000.00	4	3000000.00	1161	Mahfud Tamba, M.TI.	Jl. Sadang Serang No. 2\nPrabumulih, MU 77421	0825493694	2025-10-13	3000000.00	Product Sale
3176	2026-01-17	4	Keyboard Mechanical	750000.00	1	750000.00	121	dr. Dewi Purwanti	Jalan HOS. Cokroaminoto No. 44\nBanjarmasin, Kalimantan Timur 14048	(0661) 916-5988	2026-01-17	750000.00	Product Sale
3185	2026-04-30	4	Keyboard Mechanical	750000.00	4	3000000.00	1260	Nyoman Nurdiyanti	Jl. Kiaracondong No. 52\nSurakarta, PB 19304	(084) 657 3223	2026-04-30	3000000.00	Store Sale
3191	2025-08-29	4	Keyboard Mechanical	750000.00	4	3000000.00	1302	Bagya Tarihoran	Gg. Rungkut Industri No. 09\nBanjar, BE 39599	+62 (0399) 619-2520	2025-08-29	3000000.00	Product Sale
3198	2025-07-26	4	Keyboard Mechanical	750000.00	4	3000000.00	957	Ika Narpati, M.Farm	Gang Kiaracondong No. 950\nCirebon, Maluku 63958	+62-99-913-7037	2025-07-26	3000000.00	Product Sale
3209	2025-11-29	4	Keyboard Mechanical	750000.00	2	1500000.00	1681	Adinata Nainggolan, M.Farm	Gang Gegerkalong Hilir No. 60\nTegal, Riau 60681	088 187 4304	2025-11-29	1500000.00	Store Sale
3214	2025-08-18	4	Keyboard Mechanical	750000.00	5	3750000.00	1665	Najam Wijayanti, M.M.	Jalan Kapten Muslihat No. 2\nTual, Jambi 01452	+62-214-902-5110	2025-08-18	3750000.00	Product Sale
3218	2026-01-09	4	Keyboard Mechanical	750000.00	6	4500000.00	208	Drs. Waluyo Laksmiwati	Jl. Peta No. 450\nBandar Lampung, Jawa Tengah 53376	(082) 512-3249	2026-01-09	4500000.00	Customer Purchase
3221	2026-06-16	4	Keyboard Mechanical	750000.00	8	6000000.00	416	Tgk. Zelda Sitorus, S.I.Kom	Gg. Cikutra Timur No. 191\nSurabaya, RI 14560	+62-0245-571-7206	2026-06-16	6000000.00	Product Sale
3228	2026-06-01	4	Keyboard Mechanical	750000.00	10	7500000.00	1577	Zamira Mulyani, M.Ak	Jl. Cempaka No. 0\nProbolinggo, Sulawesi Tenggara 06036	(0355) 124-8986	2026-06-01	7500000.00	Product Sale
3233	2025-12-16	4	Keyboard Mechanical	750000.00	7	5250000.00	1315	Juli Halimah	Gang Moch. Toha No. 5\nSingkawang, PB 52856	+62-003-540-8436	2025-12-16	5250000.00	Product Sale
3237	2026-05-01	4	Keyboard Mechanical	750000.00	2	1500000.00	876	Aslijan Purnawati	Gang Jend. Sudirman No. 122\nBanjarmasin, Maluku Utara 29511	+62 (015) 868-2563	2026-05-01	1500000.00	Customer Purchase
3238	2025-09-23	4	Keyboard Mechanical	750000.00	3	2250000.00	1476	Rahayu Wahyudin	Gang Gardujati No. 715\nBinjai, KU 97567	+62 (340) 073 9590	2025-09-23	2250000.00	Customer Purchase
3248	2025-12-29	4	Keyboard Mechanical	750000.00	8	6000000.00	1982	Wani Lestari	Jalan Gardujati No. 752\nTidore Kepulauan, Kepulauan Bangka Belitung 92605	(0769) 846 4525	2025-12-29	6000000.00	Online Transaction
3258	2025-09-28	4	Keyboard Mechanical	750000.00	6	4500000.00	1735	Tgk. Yuliana Handayani, S.Kom	Gang Astana Anyar No. 5\nCirebon, Bengkulu 96261	+62 (356) 533 7340	2025-09-28	4500000.00	Product Sale
3261	2026-03-26	4	Keyboard Mechanical	750000.00	8	6000000.00	727	T. Saiful Iswahyudi, S.I.Kom	Jl. Stasiun Wonokromo No. 4\nKota Administrasi Jakarta Selatan, RI 71323	(040) 103-6833	2026-03-26	6000000.00	Online Transaction
3264	2025-09-15	4	Keyboard Mechanical	750000.00	8	6000000.00	334	Cakrawangsa Najmudin	Jalan Dipenogoro No. 781\nSamarinda, Papua Barat 76972	+62 (045) 854-0634	2025-09-15	6000000.00	Product Sale
3265	2025-10-21	4	Keyboard Mechanical	750000.00	10	7500000.00	1680	Tgk. Azalea Saragih	Jl. Rajiman No. 516\nTegal, SN 50533	+62 (085) 265 3129	2025-10-21	7500000.00	Customer Purchase
3268	2026-05-21	4	Keyboard Mechanical	750000.00	8	6000000.00	978	R.A. Ami Yolanda, S.T.	Jalan W.R. Supratman No. 44\nGorontalo, Sulawesi Barat 58810	(0249) 779-5831	2026-05-21	6000000.00	Customer Purchase
3275	2025-10-06	4	Keyboard Mechanical	750000.00	4	3000000.00	724	Wawan Mulyani	Gg. Ciumbuleuit No. 88\nPekanbaru, Maluku Utara 94768	+62-093-301-8679	2025-10-06	3000000.00	Product Sale
3287	2026-01-20	4	Keyboard Mechanical	750000.00	6	4500000.00	1463	Hasna Firgantoro	Gang Rajawali Barat No. 258\nPangkalpinang, Jawa Timur 02296	+62 (18) 213-1551	2026-01-20	4500000.00	Store Sale
3289	2025-12-16	4	Keyboard Mechanical	750000.00	6	4500000.00	1576	Alika Maryati	Gg. Cihampelas No. 5\nBatam, AC 91201	+62-780-731-9937	2025-12-16	4500000.00	Store Sale
3291	2025-12-23	4	Keyboard Mechanical	750000.00	7	5250000.00	870	Zaenab Utama	Jalan K.H. Wahid Hasyim No. 837\nBekasi, Jambi 56157	+62-053-167-4075	2025-12-23	5250000.00	Online Transaction
3296	2025-08-11	4	Keyboard Mechanical	750000.00	5	3750000.00	1321	Kamila Maulana	Jalan Wonoayu No. 443\nPematangsiantar, Nusa Tenggara Barat 38062	+62-928-474-9857	2025-08-11	3750000.00	Online Transaction
3297	2025-11-01	4	Keyboard Mechanical	750000.00	9	6750000.00	225	Wani Januar	Gg. Cikutra Barat No. 4\nDepok, RI 45425	+62-362-951-9667	2025-11-01	6750000.00	Customer Purchase
3298	2025-08-17	4	Keyboard Mechanical	750000.00	7	5250000.00	1774	Enteng Hasanah, S.H.	Gang Gardujati No. 0\nKota Administrasi Jakarta Utara, Maluku Utara 30804	0857096614	2025-08-17	5250000.00	Product Sale
3301	2026-06-17	4	Keyboard Mechanical	750000.00	8	6000000.00	252	Kamidin Natsir, S.T.	Gg. Ir. H. Djuanda No. 11\nBekasi, PA 93948	+62 (489) 257 8577	2026-06-17	6000000.00	Customer Purchase
3303	2025-10-24	4	Keyboard Mechanical	750000.00	7	5250000.00	1559	Galar Manullang	Jl. Rajawali Barat No. 82\nKediri, Gorontalo 78383	+62-035-771-3085	2025-10-24	5250000.00	Product Sale
3306	2025-07-23	4	Keyboard Mechanical	750000.00	1	750000.00	509	Balamantri Wibisono	NULL	+62-019-972-4019	2025-07-23	750000.00	Product Sale
3324	2026-01-13	4	Keyboard Mechanical	750000.00	8	6000000.00	1104	R. Yulia Halimah, S.Pd	Gang Ciumbuleuit No. 9\nKota Administrasi Jakarta Timur, YO 32068	+62 (072) 503-5448	2026-01-13	6000000.00	Product Sale
3326	2025-10-04	4	Keyboard Mechanical	750000.00	5	3750000.00	1261	Padma Hariyah, S.E.I	Jl. Gardujati No. 1\nBinjai, Nusa Tenggara Timur 01632	0827537861	2025-10-04	3750000.00	Product Sale
3331	2025-10-10	4	Keyboard Mechanical	750000.00	6	4500000.00	861	Umay Usada, S.IP	Jalan M.H Thamrin No. 92\nPurwokerto, Kalimantan Timur 84397	+62 (05) 161-7721	2025-10-10	4500000.00	Customer Purchase
3335	2025-09-01	4	Keyboard Mechanical	750000.00	5	3750000.00	981	Cut Zahra Sinaga	Gang Waringin No. 27\nProbolinggo, Sulawesi Utara 02426	+62 (614) 519-1537	2025-09-01	3750000.00	Product Sale
3339	2026-01-27	4	Keyboard Mechanical	750000.00	9	6750000.00	662	Sabri Marpaung	Jalan Raya Ujungberung No. 473\nPekalongan, NT 79127	0841014572	2026-01-27	6750000.00	Online Transaction
3345	2026-05-04	4	Keyboard Mechanical	750000.00	10	7500000.00	284	R.M. Praba Pertiwi	Gang Ciumbuleuit No. 7\nPagaralam, JB 53698	+62 (002) 301 2131	2026-05-04	7500000.00	Product Sale
3358	2026-04-07	4	Keyboard Mechanical	750000.00	8	6000000.00	398	drg. Saka Wijaya	Jalan Monginsidi No. 482\nSibolga, JT 73723	(0094) 616-0510	2026-04-07	6000000.00	Store Sale
3360	2025-12-03	4	Keyboard Mechanical	750000.00	2	1500000.00	659	Hartana Haryanti	Gg. Setiabudhi No. 665\nSalatiga, SU 28592	+62 (082) 502 4414	2025-12-03	1500000.00	Customer Purchase
3372	2025-12-24	4	Keyboard Mechanical	750000.00	4	3000000.00	1702	Unjani Rahimah, S.H.	Jalan Kapten Muslihat No. 175\nKota Administrasi Jakarta Selatan, KR 87104	+62 (302) 748-6919	2025-12-24	3000000.00	Customer Purchase
3377	2025-11-30	4	Keyboard Mechanical	750000.00	7	5250000.00	1314	Kenes Wasita	Gg. Cempaka No. 7\nKota Administrasi Jakarta Selatan, Gorontalo 27012	+62 (065) 195-8953	2025-11-30	5250000.00	Online Transaction
3385	2025-09-15	4	Keyboard Mechanical	750000.00	6	4500000.00	863	Citra Waskita	Gg. Joyoboyo No. 79\nSibolga, DKI Jakarta 85816	(0285) 149 6121	2025-09-15	4500000.00	Customer Purchase
3388	2025-11-22	4	Keyboard Mechanical	750000.00	2	1500000.00	1192	Mursita Waluyo	Jalan Sadang Serang No. 9\nJayapura, Bali 31883	+62 (0651) 756 8969	2025-11-22	1500000.00	Online Transaction
3389	2025-08-23	4	Keyboard Mechanical	750000.00	8	6000000.00	903	Puti Amelia Hardiansyah	Gang Soekarno Hatta No. 74\nSamarinda, Papua 56675	0875824233	2025-08-23	6000000.00	Online Transaction
3390	2026-02-20	4	Keyboard Mechanical	750000.00	5	3750000.00	131	Tgk. Najam Handayani, S.Gz	Jalan Rungkut Industri No. 29\nAmbon, SR 37204	+62-062-295-8867	2026-02-20	3750000.00	Product Sale
3395	2025-12-06	4	Keyboard Mechanical	750000.00	8	6000000.00	1475	Labuh Pratama	Jalan Kendalsari No. 4\nMojokerto, SU 76733	+62 (0925) 056-2681	2025-12-06	6000000.00	Customer Purchase
3403	2025-12-01	4	Keyboard Mechanical	750000.00	7	5250000.00	1052	Mulyanto Pradipta	Jalan Sukabumi No. 311\nSawahlunto, Lampung 23937	(0475) 705 8424	2025-12-01	5250000.00	Store Sale
3405	2025-10-18	4	Keyboard Mechanical	750000.00	4	3000000.00	1863	Citra Waskita	Gg. Joyoboyo No. 79\nSibolga, DKI Jakarta 85816	(0285) 149 6121	2025-10-18	3000000.00	Store Sale
3409	2026-03-16	4	Keyboard Mechanical	750000.00	3	2250000.00	485	Zalindra Riyanti	Jl. Ahmad Yani No. 56\nKota Administrasi Jakarta Utara, Sulawesi Tengah 22180	(011) 601-3969	2026-03-16	2250000.00	Store Sale
3410	2025-09-22	4	Keyboard Mechanical	750000.00	1	750000.00	1571	Farah Handayani	Gang Dr. Djunjunan No. 2\nPalopo, JA 38706	+62-12-207-3522	2025-09-22	750000.00	Customer Purchase
3412	2026-01-07	4	Keyboard Mechanical	750000.00	1	750000.00	227	KH. Opan Sirait	Jl. Peta No. 87\nDumai, Kalimantan Utara 07807	+62 (067) 854-8979	2026-01-07	750000.00	Online Transaction
3415	2025-09-07	4	Keyboard Mechanical	750000.00	5	3750000.00	477	Chandra Hutasoit, S.Ked	Jalan Kutisari Selatan No. 66\nMakassar, KR 72672	+62-81-974-9314	2025-09-07	3750000.00	Store Sale
3417	2026-05-31	4	Keyboard Mechanical	750000.00	7	5250000.00	1670	Luwes Maryati	Jl. Gardujati No. 365\nManado, BE 31573	(063) 549-3447	2026-05-31	5250000.00	Online Transaction
3430	2026-04-04	4	Keyboard Mechanical	750000.00	2	1500000.00	379	Paulin Prasetya	Jalan HOS. Cokroaminoto No. 7\nSalatiga, Kepulauan Riau 23966	+62-543-427-1903	2026-04-04	1500000.00	Store Sale
3434	2026-01-31	4	Keyboard Mechanical	750000.00	4	3000000.00	1813	Kartika Sihotang	Jalan Pelajar Pejuang No. 9\nBandar Lampung, Jawa Tengah 83928	+62 (42) 960-3907	2026-01-31	3000000.00	Product Sale
3458	2026-03-03	4	Keyboard Mechanical	750000.00	4	3000000.00	135	Usyi Wastuti	Jalan Sentot Alibasa No. 660\nKediri, Gorontalo 17508	+62 (69) 226 4119	2026-03-03	3000000.00	Product Sale
3459	2025-09-23	4	Keyboard Mechanical	750000.00	7	5250000.00	1740	Tgk. Legawa Damanik, M.Ak	Gang Cihampelas No. 835\nKota Administrasi Jakarta Selatan, Lampung 04267	(0575) 803 5858	2025-09-23	5250000.00	Online Transaction
3460	2025-07-09	4	Keyboard Mechanical	750000.00	3	2250000.00	360	Adinata Mayasari	Jalan HOS. Cokroaminoto No. 400\nTarakan, NB 69786	+62 (448) 437 0118	2025-07-09	2250000.00	Online Transaction
3461	2026-05-30	4	Keyboard Mechanical	750000.00	9	6750000.00	1698	Drs. Sabri Maryati, S.T.	Gang Gegerkalong Hilir No. 6\nPadang, JK 72303	+62-084-664-2148	2026-05-30	6750000.00	Customer Purchase
3462	2026-03-08	4	Keyboard Mechanical	750000.00	7	5250000.00	1712	Sabrina Narpati	Gang Jayawijaya No. 4\nSabang, BA 47897	+62 (0915) 691-7342	2026-03-08	5250000.00	Customer Purchase
3465	2026-05-27	4	Keyboard Mechanical	750000.00	8	6000000.00	801	Paiman Nababan	Jl. Merdeka No. 93\nKota Administrasi Jakarta Utara, SG 20392	+62-029-657-6789	2026-05-27	6000000.00	Online Transaction
3480	2025-08-29	4	Keyboard Mechanical	750000.00	1	750000.00	1631	Bakidin Aryani	Jl. W.R. Supratman No. 5\nManado, ST 17598	+62 (96) 591-8196	2025-08-29	750000.00	Online Transaction
3485	2025-09-22	4	Keyboard Mechanical	750000.00	10	7500000.00	871	Candra Handayani	Jalan Kebonjati No. 893\nSemarang, JT 12650	0805750171	2025-09-22	7500000.00	Product Sale
3489	2026-04-15	4	Keyboard Mechanical	750000.00	6	4500000.00	431	Rahman Siregar	Jalan Siliwangi No. 949\nPalembang, Kepulauan Riau 65289	+62-024-732-3656	2026-04-15	4500000.00	Customer Purchase
3500	2025-10-21	4	Keyboard Mechanical	750000.00	3	2250000.00	75	Harsana Setiawan	Gang Rungkut Industri No. 6\nBontang, Papua Barat 38838	+62-0658-391-1310	2025-10-21	2250000.00	Store Sale
3501	2025-09-30	4	Keyboard Mechanical	750000.00	1	750000.00	1300	Calista Situmorang	Jalan Erlangga No. 19\nKota Administrasi Jakarta Selatan, NB 30097	(070) 579 8255	2025-09-30	750000.00	Store Sale
3514	2025-07-11	4	Keyboard Mechanical	750000.00	10	7500000.00	516	Cawisono Dabukke, S.Gz	Gg. S. Parman No. 18\nDenpasar, Sumatera Barat 93659	(074) 377 1927	2025-07-11	7500000.00	Online Transaction
3517	2026-07-04	4	Keyboard Mechanical	750000.00	9	6750000.00	214	Padmi Suwarno	Gg. Medokan Ayu No. 7\nBitung, Jambi 64834	+62 (005) 418 4120	2026-07-04	6750000.00	Store Sale
3519	2026-03-23	4	Keyboard Mechanical	750000.00	8	6000000.00	1892	Slamet Najmudin, S.Ked	NULL	+62 (097) 427-3923	2026-03-23	6000000.00	Customer Purchase
3521	2026-06-05	4	Keyboard Mechanical	750000.00	1	750000.00	427	R. Amalia Hutasoit, M.M.	Jalan Gardujati No. 2\nTernate, Nusa Tenggara Barat 58505	+62 (075) 202-6773	2026-06-05	750000.00	Customer Purchase
3522	2025-08-26	4	Keyboard Mechanical	750000.00	5	3750000.00	192	Mursita Waluyo	Jalan Sadang Serang No. 9\nJayapura, Bali 31883	+62 (0651) 756 8969	2025-08-26	3750000.00	Product Sale
3524	2026-02-28	4	Keyboard Mechanical	750000.00	1	750000.00	1534	Kunthara Suryatmi	Gg. Moch. Ramdan No. 991\nTernate, KS 21359	(0226) 071-6047	2026-02-28	750000.00	Online Transaction
3529	2026-07-03	4	Keyboard Mechanical	750000.00	6	4500000.00	967	Nabila Hutasoit	Jl. BKR No. 99\nParepare, SU 23709	+62 (0338) 830 7790	2026-07-03	4500000.00	Product Sale
3539	2025-08-18	4	Keyboard Mechanical	750000.00	4	3000000.00	1962	Lala Saptono	Jalan Kutisari Selatan No. 6\nTebingtinggi, NT 73780	+62 (048) 694 6635	2025-08-18	3000000.00	Store Sale
3540	2026-03-08	4	Keyboard Mechanical	750000.00	3	2250000.00	1893	H. Mursita Farida, S.Sos	Jalan Rumah Sakit No. 71\nPekalongan, Riau 73325	+62 (092) 169 9776	2026-03-08	2250000.00	Online Transaction
3546	2026-04-19	4	Keyboard Mechanical	750000.00	5	3750000.00	1665	Najam Wijayanti, M.M.	Jalan Kapten Muslihat No. 2\nTual, Jambi 01452	+62-214-902-5110	2026-04-19	3750000.00	Online Transaction
3553	2026-03-16	4	Keyboard Mechanical	750000.00	10	7500000.00	1283	Asmadi Gunawan	Jl. Jamika No. 75\nManado, SB 11511	087 673 8996	2026-03-16	7500000.00	Online Transaction
3557	2026-05-15	4	Keyboard Mechanical	750000.00	2	1500000.00	73	Cut Winda Hastuti, S.IP	Jl. Cikutra Barat No. 37\nKota Administrasi Jakarta Barat, Sumatera Selatan 72778	+62 (0554) 246 2119	2026-05-15	1500000.00	Product Sale
3558	2025-07-11	4	Keyboard Mechanical	750000.00	10	7500000.00	390	Icha Irawan	Jl. Ronggowarsito No. 6\nSibolga, Kalimantan Tengah 17563	084 295 7851	2025-07-11	7500000.00	Store Sale
3559	2026-05-18	4	Keyboard Mechanical	750000.00	7	5250000.00	1505	Sabrina Natsir	Gg. Dipenogoro No. 77\nBanjar, LA 79422	+62 (08) 518-8480	2026-05-18	5250000.00	Store Sale
3561	2026-05-07	4	Keyboard Mechanical	750000.00	8	6000000.00	732	KH. Cengkal Haryanto, M.TI.	Gg. S. Parman No. 24\nTanjungpinang, Banten 35027	+62-0720-517-7420	2026-05-07	6000000.00	Online Transaction
3562	2026-06-12	4	Keyboard Mechanical	750000.00	2	1500000.00	1998	Dr. Rusman Tarihoran	Gg. Cihampelas No. 287\nAmbon, Maluku 02718	+62-99-115-0523	2026-06-12	1500000.00	Product Sale
3565	2026-02-07	4	Keyboard Mechanical	750000.00	2	1500000.00	816	Hari Winarno	NULL	(0251) 624-3675	2026-02-07	1500000.00	Store Sale
3566	2025-07-25	4	Keyboard Mechanical	750000.00	1	750000.00	710	Galak Wasita	Gg. Ciwastra No. 306\nBanjarmasin, Jambi 05900	+62 (020) 576 3241	2025-07-25	750000.00	Online Transaction
3569	2025-11-17	4	Keyboard Mechanical	750000.00	2	1500000.00	1480	Michelle Purnawati	Gang Wonoayu No. 7\nLubuklinggau, Bengkulu 23980	(0483) 153-4109	2025-11-17	1500000.00	Store Sale
3573	2026-01-05	4	Keyboard Mechanical	750000.00	7	5250000.00	154	Makuta Sihotang	Gang Jend. Sudirman No. 912\nMeulaboh, YO 43532	0895216617	2026-01-05	5250000.00	Online Transaction
3581	2026-03-20	4	Keyboard Mechanical	750000.00	2	1500000.00	173	Sutan Prabu Prayoga	Jl. K.H. Wahid Hasyim No. 56\nMalang, Lampung 01824	(028) 962-5474	2026-03-20	1500000.00	Store Sale
3586	2026-02-08	4	Keyboard Mechanical	750000.00	7	5250000.00	613	dr. Ajiono Wijayanti	Jalan Kendalsari No. 19\nSukabumi, BA 84198	+62 (0521) 776 9278	2026-02-08	5250000.00	Store Sale
3588	2026-05-20	4	Keyboard Mechanical	750000.00	2	1500000.00	765	Dt. Makara Purnawati, M.Kom.	Gg. Cihampelas No. 73\nSukabumi, NT 16028	+62 (009) 607-7933	2026-05-20	1500000.00	Store Sale
3593	2026-02-26	4	Keyboard Mechanical	750000.00	7	5250000.00	618	Kemal Winarno	Jl. Jakarta No. 5\nSurakarta, Kalimantan Barat 45009	+62 (47) 382-3500	2026-02-26	5250000.00	Customer Purchase
3595	2025-11-11	4	Keyboard Mechanical	750000.00	2	1500000.00	378	Utama Puspita, S.IP	Jalan Medokan Ayu No. 21\nLangsa, KI 17185	(086) 668 2625	2025-11-11	1500000.00	Store Sale
3598	2025-08-29	4	Keyboard Mechanical	750000.00	6	4500000.00	1758	Ina Laksmiwati, M.TI.	Gang Waringin No. 714\nSurabaya, JK 32275	+62 (046) 649-0632	2025-08-29	4500000.00	Store Sale
3610	2026-03-01	4	Keyboard Mechanical	750000.00	7	5250000.00	220	Cut Lidya Tarihoran, M.Ak	Gang Ir. H. Djuanda No. 4\nLubuklinggau, MA 85131	+62 (005) 122 6060	2026-03-01	5250000.00	Customer Purchase
3611	2025-09-19	4	Keyboard Mechanical	750000.00	7	5250000.00	880	R. Ulya Habibi, M.Farm	Gg. Lembong No. 684\nSurabaya, Lampung 45708	+62-635-148-2378	2025-09-19	5250000.00	Customer Purchase
3623	2025-10-10	4	Keyboard Mechanical	750000.00	8	6000000.00	717	Tgk. Salwa Puspita	Jalan Otto Iskandardinata No. 575\nBatu, GO 23831	+62 (0034) 579-2321	2025-10-10	6000000.00	Online Transaction
3627	2026-01-31	4	Keyboard Mechanical	750000.00	4	3000000.00	553	Yessi Purwanti	Gang Moch. Toha No. 3\nDepok, KU 84832	+62 (967) 492 4299	2026-01-31	3000000.00	Customer Purchase
3628	2026-04-23	4	Keyboard Mechanical	750000.00	6	4500000.00	1974	R. Yosef Prasetya	Gang Cempaka No. 149\nPalopo, SB 87888	+62 (0635) 686-2408	2026-04-23	4500000.00	Product Sale
3629	2025-11-19	4	Keyboard Mechanical	750000.00	3	2250000.00	746	Ulva Pudjiastuti	Jl. Rajiman No. 5\nSerang, Kalimantan Selatan 52257	+62-460-651-1508	2025-11-19	2250000.00	Online Transaction
3631	2026-04-01	4	Keyboard Mechanical	750000.00	9	6750000.00	1456	Rangga Purnawati	Gg. Medokan Ayu No. 55\nBima, Sumatera Selatan 72111	+62-73-185-0690	2026-04-01	6750000.00	Online Transaction
3632	2026-04-08	4	Keyboard Mechanical	750000.00	10	7500000.00	104	R. Yulia Halimah, S.Pd	Gang Ciumbuleuit No. 9\nKota Administrasi Jakarta Timur, YO 32068	+62 (072) 503-5448	2026-04-08	7500000.00	Store Sale
3634	2025-07-27	4	Keyboard Mechanical	750000.00	9	6750000.00	1231	Puti Yessi Padmasari, S.E.I	Jl. Pacuan Kuda No. 693\nLhokseumawe, Sumatera Barat 14490	+62-072-663-0316	2025-07-27	6750000.00	Product Sale
3636	2025-12-28	4	Keyboard Mechanical	750000.00	2	1500000.00	1950	Yance Purnawati, M.Farm	Jl. Sentot Alibasa No. 2\nPekalongan, SU 01856	+62 (58) 553 2169	2025-12-28	1500000.00	Product Sale
3639	2025-10-12	4	Keyboard Mechanical	750000.00	5	3750000.00	915	Himawan Nababan	Jalan Ahmad Yani No. 035\nPadang Sidempuan, Banten 01618	0802872791	2025-10-12	3750000.00	Customer Purchase
3641	2025-08-12	4	Keyboard Mechanical	750000.00	9	6750000.00	808	Raihan Wibisono	Gang Rawamangun No. 4\nAmbon, KT 71315	(0207) 927-7333	2025-08-12	6750000.00	Product Sale
3652	2026-03-24	4	Keyboard Mechanical	750000.00	1	750000.00	1292	Puji Prasetyo	Jl. Jend. A. Yani No. 15\nSamarinda, Kalimantan Selatan 59018	+62 (027) 797-4303	2026-03-24	750000.00	Online Transaction
3655	2026-02-28	4	Keyboard Mechanical	750000.00	3	2250000.00	1817	Drs. Alika Zulaika	Jalan Medokan Ayu No. 4\nBima, Bali 81045	+62 (295) 497-1612	2026-02-28	2250000.00	Online Transaction
3657	2026-05-13	4	Keyboard Mechanical	750000.00	2	1500000.00	1323	Tgk. Dodo Siregar, M.Farm	Gang Ahmad Yani No. 58\nTangerang Selatan, PB 93677	+62 (38) 866 1289	2026-05-13	1500000.00	Store Sale
3658	2026-05-08	4	Keyboard Mechanical	750000.00	8	6000000.00	540	Aurora Farida	Gang BKR No. 7\nDenpasar, Riau 44196	+62 (832) 119-8854	2026-05-08	6000000.00	Online Transaction
3667	2025-08-11	4	Keyboard Mechanical	750000.00	6	4500000.00	1311	Ellis Hardiansyah	Jalan Waringin No. 708\nKota Administrasi Jakarta Selatan, Bali 30280	(0592) 967-0249	2025-08-11	4500000.00	Store Sale
3669	2025-09-27	4	Keyboard Mechanical	750000.00	4	3000000.00	950	Yance Purnawati, M.Farm	Jl. Sentot Alibasa No. 2\nPekalongan, SU 01856	+62 (58) 553 2169	2025-09-27	3000000.00	Online Transaction
3671	2026-05-14	4	Keyboard Mechanical	750000.00	3	2250000.00	839	Iriana Wijayanti	Gang Gegerkalong Hilir No. 33\nBalikpapan, DI Yogyakarta 02460	+62 (0801) 919 2499	2026-05-14	2250000.00	Online Transaction
3672	2025-11-19	4	Keyboard Mechanical	750000.00	10	7500000.00	1081	Lanang Wijayanti	Jalan Jakarta No. 68\nSurabaya, BA 45152	+62-0647-410-5587	2025-11-19	7500000.00	Product Sale
3673	2025-07-11	4	Keyboard Mechanical	750000.00	3	2250000.00	834	Teddy Thamrin	Jalan Pasirkoja No. 58\nMataram, KI 62247	+62 (0492) 492 3542	2025-07-11	2250000.00	Customer Purchase
3675	2025-11-25	4	Keyboard Mechanical	750000.00	9	6750000.00	703	Candra Salahudin	Gg. Raya Setiabudhi No. 6\nLhokseumawe, GO 13034	(077) 987-9417	2025-11-25	6750000.00	Online Transaction
3678	2026-05-17	4	Keyboard Mechanical	750000.00	5	3750000.00	1799	Candrakanta Lazuardi, S.Pt	NULL	+62-492-029-9755	2026-05-17	3750000.00	Store Sale
3680	2026-06-21	4	Keyboard Mechanical	750000.00	8	6000000.00	1666	Intan Haryanto	Gang Suniaraja No. 6\nSabang, Sulawesi Utara 18455	(086) 449-4204	2026-06-21	6000000.00	Online Transaction
3684	2026-06-04	4	Keyboard Mechanical	750000.00	6	4500000.00	153	Zelda Tarihoran	Gang Kendalsari No. 0\nMagelang, Kalimantan Timur 31696	+62 (43) 925-1873	2026-06-04	4500000.00	Customer Purchase
3685	2025-07-16	4	Keyboard Mechanical	750000.00	6	4500000.00	620	Natalia Andriani	Gg. Cikutra Barat No. 868\nSawahlunto, KU 78966	+62-0595-541-8433	2025-07-16	4500000.00	Customer Purchase
3686	2026-03-20	4	Keyboard Mechanical	750000.00	9	6750000.00	1184	R.A. Eli Rahayu	Jalan Cihampelas No. 62\nTanjungbalai, BE 69856	(0279) 192 0134	2026-03-20	6750000.00	Customer Purchase
3688	2026-05-19	4	Keyboard Mechanical	750000.00	4	3000000.00	299	Fathonah Thamrin	Jalan Kendalsari No. 4\nSurabaya, BE 64253	+62 (0218) 794 2540	2026-05-19	3000000.00	Online Transaction
3690	2026-05-30	4	Keyboard Mechanical	750000.00	3	2250000.00	1844	Kajen Pratiwi	Jl. R.E Martadinata No. 8\nBandar Lampung, BE 96828	(0654) 388-3941	2026-05-30	2250000.00	Product Sale
3692	2026-04-20	4	Keyboard Mechanical	750000.00	6	4500000.00	1889	Dr. Zulfa Lestari, M.TI.	Gang Suniaraja No. 884\nDumai, BA 79148	+62 (576) 086 4336	2026-04-20	4500000.00	Store Sale
3703	2026-02-18	4	Keyboard Mechanical	750000.00	10	7500000.00	1943	Titi Winarno, S.I.Kom	Gg. Cempaka No. 2\nSawahlunto, Maluku 04483	(099) 961 3767	2026-02-18	7500000.00	Store Sale
3708	2025-11-27	4	Keyboard Mechanical	750000.00	3	2250000.00	682	Rafid Nashiruddin	Gg. Kendalsari No. 8\nBontang, BT 32804	+62-018-234-6255	2025-11-27	2250000.00	Customer Purchase
3714	2025-09-24	4	Keyboard Mechanical	750000.00	9	6750000.00	1893	H. Mursita Farida, S.Sos	Jalan Rumah Sakit No. 71\nPekalongan, Riau 73325	+62 (092) 169 9776	2025-09-24	6750000.00	Online Transaction
3715	2026-06-04	4	Keyboard Mechanical	750000.00	7	5250000.00	1814	Putri Laksmiwati, S.Kom	Gang Gardujati No. 36\nCirebon, JT 06498	+62 (48) 602 7912	2026-06-04	5250000.00	Store Sale
3717	2026-06-26	4	Keyboard Mechanical	750000.00	5	3750000.00	1022	Kalim Mustofa	Jalan Pasir Koja No. 289\nTanjungbalai, BB 08956	0836118278	2026-06-26	3750000.00	Customer Purchase
3730	2026-03-27	4	Keyboard Mechanical	750000.00	3	2250000.00	1190	Samiah Siregar	Gg. Moch. Ramdan No. 1\nBalikpapan, JA 25291	0880029248	2026-03-27	2250000.00	Store Sale
3735	2026-03-29	4	Keyboard Mechanical	750000.00	7	5250000.00	1377	Umaya Prasetya, S.Pd	Jalan Kiaracondong No. 70\nPalopo, JI 89908	+62 (089) 210-8855	2026-03-29	5250000.00	Product Sale
3738	2026-01-02	4	Keyboard Mechanical	750000.00	9	6750000.00	1885	Galuh Irawan	Gang Cikapayang No. 36\nManado, Papua Barat 89228	+62 (06) 671-2977	2026-01-02	6750000.00	Online Transaction
3742	2025-11-10	4	Keyboard Mechanical	750000.00	8	6000000.00	220	Cut Lidya Tarihoran, M.Ak	Gang Ir. H. Djuanda No. 4\nLubuklinggau, MA 85131	+62 (005) 122 6060	2025-11-10	6000000.00	Customer Purchase
3745	2025-12-23	4	Keyboard Mechanical	750000.00	6	4500000.00	1209	Maya Hakim	Jl. Cempaka No. 04\nPalangkaraya, ST 25140	+62-752-401-6435	2025-12-23	4500000.00	Product Sale
3748	2025-12-17	4	Keyboard Mechanical	750000.00	1	750000.00	91	Bala Irawan	Gang Indragiri No. 6\nBanjarmasin, Aceh 12762	(045) 754 1974	2025-12-17	750000.00	Customer Purchase
3754	2026-05-08	4	Keyboard Mechanical	750000.00	3	2250000.00	946	Hj. Paramita Safitri	Jl. KH Amin Jasuta No. 3\nJambi, Kalimantan Timur 85422	+62 (36) 040-5187	2026-05-08	2250000.00	Customer Purchase
3759	2026-01-16	4	Keyboard Mechanical	750000.00	1	750000.00	1210	Suci Hidayat	Jl. Medokan Ayu No. 686\nMalang, Kalimantan Barat 63120	+62-749-520-5690	2026-01-16	750000.00	Customer Purchase
3760	2026-04-22	4	Keyboard Mechanical	750000.00	3	2250000.00	1207	Edi Budiyanto, S.Ked	Jl. K.H. Wahid Hasyim No. 423\nTernate, JK 36066	(015) 459 0448	2026-04-22	2250000.00	Customer Purchase
3765	2026-02-18	4	Keyboard Mechanical	750000.00	2	1500000.00	1336	Damu Nashiruddin	Gg. PHH. Mustofa No. 65\nCimahi, Gorontalo 39727	+62 (139) 514-2760	2026-02-18	1500000.00	Online Transaction
3766	2026-05-21	4	Keyboard Mechanical	750000.00	6	4500000.00	524	Harsanto Samosir	Gg. PHH. Mustofa No. 86\nTanjungpinang, Nusa Tenggara Timur 22557	(020) 231 5513	2026-05-21	4500000.00	Online Transaction
3767	2025-07-23	4	Keyboard Mechanical	750000.00	10	7500000.00	1730	Hafshah Waluyo, S.E.I	Gang Ahmad Dahlan No. 3\nTangerang Selatan, JT 67632	(0684) 483-7617	2025-07-23	7500000.00	Online Transaction
3769	2025-11-07	4	Keyboard Mechanical	750000.00	1	750000.00	1520	Asmianto Siregar	Jl. Rajawali Barat No. 112\nSorong, KI 12580	+62 (62) 985 6531	2025-11-07	750000.00	Store Sale
3770	2026-05-31	4	Keyboard Mechanical	750000.00	7	5250000.00	1625	Jessica Siregar	Jalan Sukabumi No. 087\nSamarinda, Sulawesi Tengah 53375	+62 (0819) 708-1259	2026-05-31	5250000.00	Store Sale
3771	2026-01-05	4	Keyboard Mechanical	750000.00	4	3000000.00	1509	Balamantri Wibisono	NULL	+62-019-972-4019	2026-01-05	3000000.00	Product Sale
3775	2026-07-01	4	Keyboard Mechanical	750000.00	10	7500000.00	87	Dalima Yuliarti	Gg. R.E Martadinata No. 5\nTegal, Sulawesi Tenggara 61896	+62 (0619) 615-4492	2026-07-01	7500000.00	Customer Purchase
3776	2026-03-16	4	Keyboard Mechanical	750000.00	3	2250000.00	1727	T. Saiful Iswahyudi, S.I.Kom	Jl. Stasiun Wonokromo No. 4\nKota Administrasi Jakarta Selatan, RI 71323	(040) 103-6833	2026-03-16	2250000.00	Online Transaction
3785	2025-10-29	4	Keyboard Mechanical	750000.00	5	3750000.00	681	Adinata Nainggolan, M.Farm	Gang Gegerkalong Hilir No. 60\nTegal, Riau 60681	088 187 4304	2025-10-29	3750000.00	Online Transaction
3790	2025-09-07	4	Keyboard Mechanical	750000.00	9	6750000.00	479	Opan Permadi	Jalan Raya Setiabudhi No. 4\nTual, Sulawesi Barat 17471	(074) 257 8346	2025-09-07	6750000.00	Store Sale
3800	2025-12-03	4	Keyboard Mechanical	750000.00	4	3000000.00	963	Drs. Ega Jailani	Gang Rumah Sakit No. 21\nSurakarta, Banten 94966	+62 (61) 719 2666	2025-12-03	3000000.00	Customer Purchase
3804	2026-04-25	4	Keyboard Mechanical	750000.00	1	750000.00	1526	Wardaya Sirait	Gg. Erlangga No. 911\nPariaman, KB 55927	+62 (840) 785-5077	2026-04-25	750000.00	Store Sale
3809	2026-01-04	4	Keyboard Mechanical	750000.00	2	1500000.00	1012	Bakti Susanti	Gg. Lembong No. 1\nPayakumbuh, Sulawesi Utara 63352	(098) 372 3898	2026-01-04	1500000.00	Online Transaction
3810	2025-09-01	4	Keyboard Mechanical	750000.00	8	6000000.00	1367	Laksana Winarsih	Jl. Cikutra Timur No. 802\nKota Administrasi Jakarta Selatan, BA 27321	+62 (58) 604 1195	2025-09-01	6000000.00	Online Transaction
3818	2025-12-24	4	Keyboard Mechanical	750000.00	4	3000000.00	863	Citra Waskita	Gg. Joyoboyo No. 79\nSibolga, DKI Jakarta 85816	(0285) 149 6121	2025-12-24	3000000.00	Store Sale
3822	2026-04-04	4	Keyboard Mechanical	750000.00	10	7500000.00	745	drg. Kamila Andriani	Gg. Bangka Raya No. 67\nJayapura, AC 73291	+62 (037) 375 3849	2026-04-04	7500000.00	Customer Purchase
3825	2026-03-31	4	Keyboard Mechanical	750000.00	3	2250000.00	209	Maya Hakim	Jl. Cempaka No. 04\nPalangkaraya, ST 25140	+62-752-401-6435	2026-03-31	2250000.00	Store Sale
3826	2026-05-24	4	Keyboard Mechanical	750000.00	2	1500000.00	340	Viktor Gunawan	Gang Suniaraja No. 28\nSurakarta, MA 15599	+62 (497) 904-9411	2026-05-24	1500000.00	Store Sale
3830	2025-11-27	4	Keyboard Mechanical	750000.00	8	6000000.00	695	Yessi Farida	Jalan Moch. Toha No. 296\nKendari, Kalimantan Timur 66002	+62-69-800-9123	2025-11-27	6000000.00	Store Sale
3832	2026-03-28	4	Keyboard Mechanical	750000.00	9	6750000.00	936	Septi Gunawan	Gg. Rajiman No. 606\nDumai, Aceh 08442	+62-0525-521-7489	2026-03-28	6750000.00	Store Sale
3844	2025-12-12	4	Keyboard Mechanical	750000.00	1	750000.00	1095	Laila Firgantoro, S.T.	Jalan S. Parman No. 10\nDenpasar, SN 51301	+62 (909) 390-9838	2025-12-12	750000.00	Store Sale
3847	2026-03-07	4	Keyboard Mechanical	750000.00	9	6750000.00	208	Drs. Waluyo Laksmiwati	Jl. Peta No. 450\nBandar Lampung, Jawa Tengah 53376	(082) 512-3249	2026-03-07	6750000.00	Customer Purchase
3856	2026-05-06	4	Keyboard Mechanical	750000.00	5	3750000.00	514	dr. Yahya Mangunsong, S.E.	Gang Rajawali Timur No. 5\nTernate, KU 44521	+62-0578-911-8875	2026-05-06	3750000.00	Store Sale
3860	2026-04-08	4	Keyboard Mechanical	750000.00	1	750000.00	660	Ir. Ajimin Januar, S.Ked	Gang Monginsidi No. 224\nMeulaboh, Lampung 68739	0866840842	2026-04-08	750000.00	Customer Purchase
3863	2026-06-20	4	Keyboard Mechanical	750000.00	4	3000000.00	921	Paramita Hardiansyah	Gg. HOS. Cokroaminoto No. 998\nLubuklinggau, Papua 53855	+62 (548) 722-7000	2026-06-20	3000000.00	Online Transaction
3865	2026-03-07	4	Keyboard Mechanical	750000.00	1	750000.00	1986	dr. Kambali Waskita, M.Pd	Gg. S. Parman No. 0\nSolok, MU 69709	+62-811-402-8937	2026-03-07	750000.00	Customer Purchase
3866	2026-01-05	4	Keyboard Mechanical	750000.00	3	2250000.00	114	Kania Waskita	Gang Pacuan Kuda No. 4\nBogor, MU 57208	+62 (72) 759 7406	2026-01-05	2250000.00	Customer Purchase
3867	2026-06-10	4	Keyboard Mechanical	750000.00	7	5250000.00	1851	Drs. Gamblang Anggriawan, S.Farm	Gg. Indragiri No. 29\nPekanbaru, YO 23931	+62 (0502) 324 1639	2026-06-10	5250000.00	Product Sale
3870	2025-12-25	4	Keyboard Mechanical	750000.00	1	750000.00	1972	Yuni Januar	Jalan Setiabudhi No. 4\nPangkalpinang, KI 86811	+62 (310) 768-6129	2025-12-25	750000.00	Online Transaction
3880	2025-08-04	4	Keyboard Mechanical	750000.00	2	1500000.00	464	Niyaga Mayasari	Gang Asia Afrika No. 9\nBinjai, Riau 90977	(073) 997 1771	2025-08-04	1500000.00	Store Sale
3883	2026-06-26	4	Keyboard Mechanical	750000.00	8	6000000.00	1269	Anggabaya Napitupulu, S.Pt	Gang Joyoboyo No. 43\nKupang, PA 68662	(0068) 377 8636	2026-06-26	6000000.00	Store Sale
3888	2025-10-03	4	Keyboard Mechanical	750000.00	6	4500000.00	697	Dr. Agnes Habibi	Jalan Ahmad Yani No. 401\nBandung, KS 31865	+62 (072) 793-2281	2025-10-03	4500000.00	Store Sale
3893	2026-01-01	4	Keyboard Mechanical	750000.00	6	4500000.00	213	Elisa Mahendra	Jl. Cihampelas No. 79\nSabang, Sulawesi Selatan 34062	+62 (0350) 473-8488	2026-01-01	4500000.00	Product Sale
3897	2025-07-09	4	Keyboard Mechanical	750000.00	9	6750000.00	1554	Indah Riyanti	Jalan Ahmad Yani No. 2\nPekalongan, MA 98530	+62 (394) 244-0730	2025-07-09	6750000.00	Online Transaction
3898	2025-12-24	4	Keyboard Mechanical	750000.00	4	3000000.00	1111	Chelsea Gunawan, S.IP	Gang Stasiun Wonokromo No. 74\nMataram, Jambi 83360	+62 (0962) 386 4921	2025-12-24	3000000.00	Online Transaction
3904	2026-03-10	4	Keyboard Mechanical	750000.00	9	6750000.00	1235	Ozy Usada	Gg. Suryakencana No. 798\nMeulaboh, PB 25729	083 711 8516	2026-03-10	6750000.00	Product Sale
3905	2026-01-22	4	Keyboard Mechanical	750000.00	1	750000.00	747	Warsa Winarsih	Jl. BKR No. 52\nJayapura, PB 25286	(001) 238-8711	2026-01-22	750000.00	Store Sale
3908	2025-10-20	4	Keyboard Mechanical	750000.00	10	7500000.00	1304	Ridwan Sinaga	Jl. Bangka Raya No. 93\nMagelang, Sulawesi Barat 30607	+62-709-127-3792	2025-10-20	7500000.00	Online Transaction
3912	2026-04-22	4	Keyboard Mechanical	750000.00	2	1500000.00	732	KH. Cengkal Haryanto, M.TI.	Gg. S. Parman No. 24\nTanjungpinang, Banten 35027	+62-0720-517-7420	2026-04-22	1500000.00	Store Sale
3918	2026-06-02	4	Keyboard Mechanical	750000.00	4	3000000.00	486	Marsito Jailani	Gg. Rajawali Timur No. 4\nPangkalpinang, Maluku Utara 48185	(069) 716-8518	2026-06-02	3000000.00	Store Sale
3921	2025-08-24	4	Keyboard Mechanical	750000.00	7	5250000.00	799	Candrakanta Lazuardi, S.Pt	NULL	+62-492-029-9755	2025-08-24	5250000.00	Product Sale
3926	2025-10-20	4	Keyboard Mechanical	750000.00	2	1500000.00	1102	Dimas Laksmiwati	NULL	+62 (54) 049-3694	2025-10-20	1500000.00	Customer Purchase
3927	2026-04-11	4	Keyboard Mechanical	750000.00	8	6000000.00	1711	Dt. Kadir Laksita, S.H.	Jl. Lembong No. 39\nDenpasar, Kalimantan Utara 30725	(0473) 612-3894	2026-04-11	6000000.00	Store Sale
3937	2026-03-06	4	Keyboard Mechanical	750000.00	5	3750000.00	596	Drs. Paramita Sitompul, S.Sos	Gg. R.E Martadinata No. 3\nMetro, Nusa Tenggara Barat 78945	(0944) 378 5319	2026-03-06	3750000.00	Online Transaction
3945	2026-04-14	4	Keyboard Mechanical	750000.00	8	6000000.00	1270	Umar Hakim	Gang Jend. A. Yani No. 11\nMetro, LA 02909	+62 (68) 174-4745	2026-04-14	6000000.00	Product Sale
3950	2026-03-29	4	Keyboard Mechanical	750000.00	7	5250000.00	440	Lantar Prasetyo	Gang S. Parman No. 35\nSabang, JI 95202	(0956) 471-5365	2026-03-29	5250000.00	Store Sale
3952	2025-10-19	4	Keyboard Mechanical	750000.00	4	3000000.00	1571	Farah Handayani	Gang Dr. Djunjunan No. 2\nPalopo, JA 38706	+62-12-207-3522	2025-10-19	3000000.00	Store Sale
3962	2026-02-01	4	Keyboard Mechanical	750000.00	8	6000000.00	1475	Labuh Pratama	Jalan Kendalsari No. 4\nMojokerto, SU 76733	+62 (0925) 056-2681	2026-02-01	6000000.00	Store Sale
3972	2026-04-23	4	Keyboard Mechanical	750000.00	5	3750000.00	191	dr. Ira Suryatmi, S.T.	Gang Kapten Muslihat No. 7\nDepok, JI 83681	+62 (44) 854-0654	2026-04-23	3750000.00	Store Sale
3973	2025-10-04	4	Keyboard Mechanical	750000.00	1	750000.00	1611	Nadia Waluyo	Gg. Suniaraja No. 6\nTasikmalaya, Maluku 94574	+62 (0448) 245-5585	2025-10-04	750000.00	Customer Purchase
3983	2026-02-14	4	Keyboard Mechanical	750000.00	3	2250000.00	180	Rendy Saptono	Jl. Pasirkoja No. 4\nTernate, Papua Barat 68603	(041) 025-2209	2026-02-14	2250000.00	Customer Purchase
3991	2025-09-06	4	Keyboard Mechanical	750000.00	3	2250000.00	239	Bakiadi Iswahyudi	Jalan Pasirkoja No. 025\nPariaman, KB 09172	086 445 9864	2025-09-06	2250000.00	Product Sale
3993	2026-04-02	4	Keyboard Mechanical	750000.00	8	6000000.00	1683	dr. Irfan Marpaung, S.E.I	Gg. Cempaka No. 0\nBanjar, KI 33255	+62 (0192) 131-8554	2026-04-02	6000000.00	Store Sale
3995	2026-06-11	4	Keyboard Mechanical	750000.00	2	1500000.00	980	Cakrabirawa Utami	Jalan Pasteur No. 100\nBalikpapan, SR 86316	+62 (0651) 725-7024	2026-06-11	1500000.00	Product Sale
3996	2025-08-13	4	Keyboard Mechanical	750000.00	6	4500000.00	1696	Nadine Nasyidah	Jalan Kendalsari No. 533\nTasikmalaya, SU 88576	(0553) 483-7365	2025-08-13	4500000.00	Product Sale
4003	2025-12-22	4	Keyboard Mechanical	750000.00	8	6000000.00	744	Farhunnisa Saputra	Jl. Cikutra Barat No. 660\nPalu, Nusa Tenggara Barat 57292	+62 (580) 398-9431	2025-12-22	6000000.00	Store Sale
4008	2026-07-08	4	Keyboard Mechanical	750000.00	8	6000000.00	185	Embuh Prasetyo	Jalan Yos Sudarso No. 53\nKota Administrasi Jakarta Pusat, SS 01072	+62 (83) 495 1954	2026-07-08	6000000.00	Store Sale
4009	2025-07-27	4	Keyboard Mechanical	750000.00	7	5250000.00	1302	Bagya Tarihoran	Gg. Rungkut Industri No. 09\nBanjar, BE 39599	+62 (0399) 619-2520	2025-07-27	5250000.00	Store Sale
4022	2025-09-09	4	Keyboard Mechanical	750000.00	6	4500000.00	159	Padmi Hidayanto, S.E.I	Gg. Gardujati No. 7\nSurabaya, Papua 07091	(075) 303-2352	2025-09-09	4500000.00	Product Sale
4023	2025-07-16	4	Keyboard Mechanical	750000.00	6	4500000.00	845	Gamanto Mayasari	Gg. Rajawali Timur No. 526\nMedan, MU 65008	(0223) 923-0931	2025-07-16	4500000.00	Customer Purchase
4035	2026-01-11	4	Keyboard Mechanical	750000.00	10	7500000.00	1027	Adinata Nainggolan, M.Farm	Gang Veteran No. 60\nSungai Penuh, GO 70407	0818762012	2026-01-11	7500000.00	Online Transaction
4036	2026-05-13	4	Keyboard Mechanical	750000.00	2	1500000.00	518	Kenes Wasita	Jalan Abdul Muis No. 733\nSubulussalam, DKI Jakarta 38357	(0917) 577 5286	2026-05-13	1500000.00	Customer Purchase
4048	2025-12-10	4	Keyboard Mechanical	750000.00	6	4500000.00	1981	Cut Zahra Sinaga	Gang Waringin No. 27\nProbolinggo, Sulawesi Utara 02426	+62 (614) 519-1537	2025-12-10	4500000.00	Product Sale
4054	2026-01-30	4	Keyboard Mechanical	750000.00	5	3750000.00	413	Ayu Habibi	NULL	+62-563-623-0838	2026-01-30	3750000.00	Product Sale
4057	2026-05-30	4	Keyboard Mechanical	750000.00	1	750000.00	1568	Ayu Yuliarti, M.Ak	Jalan Surapati No. 01\nCimahi, KI 53874	+62-441-983-2432	2026-05-30	750000.00	Online Transaction
4069	2025-07-23	4	Keyboard Mechanical	750000.00	3	2250000.00	456	Rangga Purnawati	Gg. Medokan Ayu No. 55\nBima, Sumatera Selatan 72111	+62-73-185-0690	2025-07-23	2250000.00	Customer Purchase
4074	2025-08-20	4	Keyboard Mechanical	750000.00	2	1500000.00	503	Daliono Najmudin	NULL	(0956) 279-0786	2025-08-20	1500000.00	Store Sale
4081	2025-08-25	4	Keyboard Mechanical	750000.00	7	5250000.00	560	Tgk. Cecep Wijaya, S.Psi	Gg. Ronggowarsito No. 11\nPalopo, LA 86739	+62 (556) 168 4579	2025-08-25	5250000.00	Store Sale
4082	2025-11-01	4	Keyboard Mechanical	750000.00	2	1500000.00	1104	R. Yulia Halimah, S.Pd	Gang Ciumbuleuit No. 9\nKota Administrasi Jakarta Timur, YO 32068	+62 (072) 503-5448	2025-11-01	1500000.00	Online Transaction
4084	2026-07-05	4	Keyboard Mechanical	750000.00	10	7500000.00	1860	Puti Paramita Sudiati	Jl. Jend. A. Yani No. 0\nPariaman, SS 77385	+62-017-033-9931	2026-07-05	7500000.00	Online Transaction
4092	2026-05-06	4	Keyboard Mechanical	750000.00	9	6750000.00	313	Purwanto Nurdiyanti	NULL	+62 (0823) 235-3156	2026-05-06	6750000.00	Store Sale
4093	2025-12-30	4	Keyboard Mechanical	750000.00	10	7500000.00	1867	T. Harto Hutagalung, S.Pt	Gang Bangka Raya No. 547\nPontianak, PB 21866	+62 (89) 386 0030	2025-12-30	7500000.00	Store Sale
4105	2026-01-14	4	Keyboard Mechanical	750000.00	4	3000000.00	822	Puti Yessi Kusmawati	Jalan Rungkut Industri No. 135\nPalembang, BA 15852	+62-01-374-7857	2026-01-14	3000000.00	Customer Purchase
4107	2026-04-12	4	Keyboard Mechanical	750000.00	8	6000000.00	1804	Prabowo Wibowo	Jl. Cikutra Barat No. 209\nTual, SG 65713	+62 (783) 377-5259	2026-04-12	6000000.00	Online Transaction
4109	2025-09-03	4	Keyboard Mechanical	750000.00	5	3750000.00	1262	Laila Firgantoro, S.T.	Gang Stasiun Wonokromo No. 0\nKendari, KB 02830	(0969) 056 1266	2025-09-03	3750000.00	Store Sale
4119	2026-06-25	4	Keyboard Mechanical	750000.00	2	1500000.00	137	Zulfa Habibi	Gg. Setiabudhi No. 85\nBatam, Sulawesi Tengah 06592	+62 (496) 557 7819	2026-06-25	1500000.00	Store Sale
4121	2025-07-14	4	Keyboard Mechanical	750000.00	2	1500000.00	1221	Aris Wahyudin	Jalan Antapani Lama No. 12\nSolok, Lampung 63627	+62-599-280-7609	2025-07-14	1500000.00	Product Sale
4125	2025-08-07	4	Keyboard Mechanical	750000.00	2	1500000.00	638	KH. Embuh Najmudin	Gg. Pacuan Kuda No. 94\nTegal, KS 92082	(071) 584 0092	2025-08-07	1500000.00	Store Sale
4126	2026-04-07	4	Keyboard Mechanical	750000.00	5	3750000.00	799	Candrakanta Lazuardi, S.Pt	NULL	+62-492-029-9755	2026-04-07	3750000.00	Online Transaction
4127	2026-03-28	4	Keyboard Mechanical	750000.00	9	6750000.00	724	Wawan Mulyani	Gg. Ciumbuleuit No. 88\nPekanbaru, Maluku Utara 94768	+62-093-301-8679	2026-03-28	6750000.00	Product Sale
4130	2025-08-24	4	Keyboard Mechanical	750000.00	8	6000000.00	1654	Queen Pradipta	Jl. M.H Thamrin No. 71\nCirebon, Gorontalo 66111	081 095 9439	2025-08-24	6000000.00	Store Sale
4131	2026-06-03	4	Keyboard Mechanical	750000.00	10	7500000.00	1362	Irma Wacana, M.TI.	Jalan Rajawali Timur No. 2\nPekanbaru, Sumatera Barat 13159	(019) 801 1979	2026-06-03	7500000.00	Online Transaction
4143	2025-10-19	4	Keyboard Mechanical	750000.00	3	2250000.00	1355	Cornelia Prasetyo	Gg. Raya Ujungberung No. 840\nPekalongan, Sulawesi Utara 87687	+62 (104) 425 2406	2025-10-19	2250000.00	Product Sale
4159	2025-10-18	4	Keyboard Mechanical	750000.00	6	4500000.00	642	Puti Lili Sinaga	Jalan Gardujati No. 205\nCilegon, Sumatera Selatan 27595	(0198) 057-9024	2025-10-18	4500000.00	Online Transaction
4166	2025-09-27	4	Keyboard Mechanical	750000.00	4	3000000.00	1243	Lalita Hutagalung, S.I.Kom	Jalan M.H Thamrin No. 62\nBanjarbaru, BT 46890	+62 (326) 015 7811	2025-09-27	3000000.00	Store Sale
4169	2025-12-04	4	Keyboard Mechanical	750000.00	5	3750000.00	1678	Surya Halim	Jalan Rajawali Timur No. 094\nBinjai, BA 05451	(0335) 314 3841	2025-12-04	3750000.00	Store Sale
4175	2025-07-11	4	Keyboard Mechanical	750000.00	10	7500000.00	1118	Tantri Padmasari	Jl. Kendalsari No. 91\nBima, BB 13183	+62 (045) 713 4904	2025-07-11	7500000.00	Customer Purchase
4178	2026-02-15	4	Keyboard Mechanical	750000.00	4	3000000.00	671	Nova Yuniar	Gg. Siliwangi No. 39\nBau-Bau, SG 02728	0895424515	2026-02-15	3000000.00	Product Sale
4183	2026-05-19	4	Keyboard Mechanical	750000.00	10	7500000.00	1265	Cinthia Kuswoyo	Gg. Raya Setiabudhi No. 113\nKota Administrasi Jakarta Timur, Jawa Timur 42340	+62 (468) 061 8805	2026-05-19	7500000.00	Online Transaction
4190	2025-09-14	4	Keyboard Mechanical	750000.00	7	5250000.00	657	Hani Najmudin	Jalan Peta No. 738\nDumai, Jawa Timur 82877	+62 (030) 392 6370	2025-09-14	5250000.00	Store Sale
4198	2025-07-25	4	Keyboard Mechanical	750000.00	3	2250000.00	1638	KH. Embuh Najmudin	Gg. Pacuan Kuda No. 94\nTegal, KS 92082	(071) 584 0092	2025-07-25	2250000.00	Customer Purchase
4202	2025-10-18	4	Keyboard Mechanical	750000.00	1	750000.00	67	Ozy Habibi, S.Ked	Gang Astana Anyar No. 007\nLangsa, Kepulauan Bangka Belitung 34897	+62 (0305) 439 1971	2025-10-18	750000.00	Customer Purchase
4206	2026-01-01	4	Keyboard Mechanical	750000.00	4	3000000.00	654	Queen Pradipta	Jl. M.H Thamrin No. 71\nCirebon, Gorontalo 66111	081 095 9439	2026-01-01	3000000.00	Store Sale
4218	2025-10-20	4	Keyboard Mechanical	750000.00	8	6000000.00	441	Puji Prasetyo	Jl. Soekarno Hatta No. 443\nPekanbaru, JB 01756	+62-142-409-6983	2025-10-20	6000000.00	Customer Purchase
4228	2026-02-10	4	Keyboard Mechanical	750000.00	1	750000.00	1806	Ifa Yulianti	Gang Pacuan Kuda No. 653\nPadangpanjang, MU 88462	+62-037-104-8039	2026-02-10	750000.00	Product Sale
4230	2025-11-23	4	Keyboard Mechanical	750000.00	6	4500000.00	1227	KH. Opan Sirait	Jl. Peta No. 87\nDumai, Kalimantan Utara 07807	+62 (067) 854-8979	2025-11-23	4500000.00	Online Transaction
4246	2025-11-28	4	Keyboard Mechanical	750000.00	4	3000000.00	1488	Gilda Hariyah	Jalan KH Amin Jasuta No. 0\nLubuklinggau, SN 59867	+62 (0450) 260 4319	2025-11-28	3000000.00	Store Sale
4253	2026-05-12	4	Keyboard Mechanical	750000.00	4	3000000.00	300	Calista Situmorang	Jalan Erlangga No. 19\nKota Administrasi Jakarta Selatan, NB 30097	(070) 579 8255	2026-05-12	3000000.00	Store Sale
4254	2026-01-08	4	Keyboard Mechanical	750000.00	9	6750000.00	1143	Tgk. Mahdi Natsir, S.Gz	Jalan H.J Maemunah No. 67\nBatu, SU 34279	(055) 341-7303	2026-01-08	6750000.00	Customer Purchase
4262	2026-05-03	4	Keyboard Mechanical	750000.00	8	6000000.00	302	Bagya Tarihoran	Gg. Rungkut Industri No. 09\nBanjar, BE 39599	+62 (0399) 619-2520	2026-05-03	6000000.00	Customer Purchase
4276	2025-11-26	4	Keyboard Mechanical	750000.00	9	6750000.00	649	T. Gara Usada	Jalan Bangka Raya No. 3\nSabang, BA 63630	+62 (56) 645-4072	2025-11-26	6750000.00	Product Sale
4278	2026-02-08	4	Keyboard Mechanical	750000.00	1	750000.00	1131	Tgk. Najam Handayani, S.Gz	Jalan Rungkut Industri No. 29\nAmbon, SR 37204	+62-062-295-8867	2026-02-08	750000.00	Online Transaction
4279	2025-08-09	4	Keyboard Mechanical	750000.00	6	4500000.00	1113	Lili Hutapea	Jalan Sadang Serang No. 63\nPrabumulih, MA 91405	+62 (23) 488-1161	2025-08-09	4500000.00	Online Transaction
4283	2025-07-28	4	Keyboard Mechanical	750000.00	1	750000.00	1243	Lalita Hutagalung, S.I.Kom	Jalan M.H Thamrin No. 62\nBanjarbaru, BT 46890	+62 (326) 015 7811	2025-07-28	750000.00	Store Sale
4285	2026-04-30	4	Keyboard Mechanical	750000.00	8	6000000.00	622	drg. Gaiman Oktaviani	Gg. Ciwastra No. 6\nMagelang, Sulawesi Selatan 77712	+62-712-660-4918	2026-04-30	6000000.00	Customer Purchase
4290	2025-10-07	4	Keyboard Mechanical	750000.00	9	6750000.00	8	Sutan Gamblang Purnawati	Gg. W.R. Supratman No. 588\nSorong, YO 50475	(047) 944 7704	2025-10-07	6750000.00	Product Sale
4293	2025-10-02	4	Keyboard Mechanical	750000.00	3	2250000.00	267	Padma Nasyidah	Gang Rungkut Industri No. 619\nBanjar, Bengkulu 14045	(093) 026 0878	2025-10-02	2250000.00	Online Transaction
4306	2026-05-17	4	Keyboard Mechanical	750000.00	8	6000000.00	729	Raina Pertiwi, M.M.	Gang Suniaraja No. 5\nKota Administrasi Jakarta Timur, Sumatera Barat 47722	+62 (821) 664 2090	2026-05-17	6000000.00	Online Transaction
4311	2026-02-09	4	Keyboard Mechanical	750000.00	2	1500000.00	1277	Sutan Umay Widiastuti, S.Kom	Jalan Pasteur No. 088\nPematangsiantar, LA 52412	+62 (599) 917 4709	2026-02-09	1500000.00	Online Transaction
4312	2026-03-08	4	Keyboard Mechanical	750000.00	10	7500000.00	105	Paulin Susanti	Jalan K.H. Wahid Hasyim No. 7\nTernate, BT 78667	+62 (67) 882 9594	2026-03-08	7500000.00	Customer Purchase
4315	2025-09-29	4	Keyboard Mechanical	750000.00	2	1500000.00	189	Wakiman Dabukke	Jalan Sukabumi No. 528\nDumai, NB 81364	084 428 2839	2025-09-29	1500000.00	Online Transaction
4319	2025-12-02	4	Keyboard Mechanical	750000.00	3	2250000.00	773	Nadia Budiyanto	Gg. Suniaraja No. 64\nPangkalpinang, Kepulauan Riau 69177	+62 (36) 061 0882	2025-12-02	2250000.00	Product Sale
4324	2026-05-17	4	Keyboard Mechanical	750000.00	3	2250000.00	1043	Nalar Laksita, S.Pt	Gg. Merdeka No. 28\nBukittinggi, DKI Jakarta 10292	+62-018-259-5101	2026-05-17	2250000.00	Store Sale
4329	2025-10-11	4	Keyboard Mechanical	750000.00	8	6000000.00	800	Pia Agustina	Jl. Raya Setiabudhi No. 011\nBatam, Nusa Tenggara Timur 61150	089 887 3949	2025-10-11	6000000.00	Online Transaction
4334	2026-06-20	4	Keyboard Mechanical	750000.00	3	2250000.00	1225	Wani Januar	Gg. Cikutra Barat No. 4\nDepok, RI 45425	+62-362-951-9667	2026-06-20	2250000.00	Store Sale
4341	2025-11-18	4	Keyboard Mechanical	750000.00	8	6000000.00	1315	Juli Halimah	Gang Moch. Toha No. 5\nSingkawang, PB 52856	+62-003-540-8436	2025-11-18	6000000.00	Customer Purchase
4343	2026-02-15	4	Keyboard Mechanical	750000.00	10	7500000.00	1516	Cawisono Dabukke, S.Gz	Gg. S. Parman No. 18\nDenpasar, Sumatera Barat 93659	(074) 377 1927	2026-02-15	7500000.00	Online Transaction
4358	2025-09-14	4	Keyboard Mechanical	750000.00	6	4500000.00	874	Rudi Hassanah, S.Sos	Gg. Rajawali Barat No. 38\nSerang, SU 48557	+62 (84) 074-7899	2025-09-14	4500000.00	Customer Purchase
4365	2026-04-07	4	Keyboard Mechanical	750000.00	7	5250000.00	1315	Juli Halimah	Gang Moch. Toha No. 5\nSingkawang, PB 52856	+62-003-540-8436	2026-04-07	5250000.00	Product Sale
4369	2026-06-03	4	Keyboard Mechanical	750000.00	9	6750000.00	1512	Ikhsan Hutapea	Jalan Kiaracondong No. 531\nSorong, SR 65758	(054) 129-6561	2026-06-03	6750000.00	Store Sale
4370	2025-09-25	4	Keyboard Mechanical	750000.00	5	3750000.00	478	Eli Pratama	Jl. KH Amin Jasuta No. 448\nBalikpapan, GO 50413	+62-553-402-3161	2025-09-25	3750000.00	Store Sale
4380	2026-02-26	4	Keyboard Mechanical	750000.00	9	6750000.00	1253	dr. Amalia Pudjiastuti	Gg. Gegerkalong Hilir No. 6\nParepare, JT 41262	+62 (072) 669 4825	2026-02-26	6750000.00	Customer Purchase
4381	2026-04-26	4	Keyboard Mechanical	750000.00	8	6000000.00	1015	Bakti Susanti	Jl. Pasir Koja No. 0\nBukittinggi, JB 32994	084 036 6967	2026-04-26	6000000.00	Customer Purchase
4389	2025-08-30	4	Keyboard Mechanical	750000.00	10	7500000.00	1681	Adinata Nainggolan, M.Farm	Gang Gegerkalong Hilir No. 60\nTegal, Riau 60681	088 187 4304	2025-08-30	7500000.00	Customer Purchase
4393	2025-08-11	4	Keyboard Mechanical	750000.00	1	750000.00	167	Ayu Simanjuntak	Jl. Indragiri No. 204\nTangerang Selatan, BA 71768	0863313851	2025-08-11	750000.00	Online Transaction
4394	2026-06-06	4	Keyboard Mechanical	750000.00	10	7500000.00	1211	Gabriella Ramadan	Gg. Pasteur No. 12\nTegal, Maluku 15325	+62-782-222-6941	2026-06-06	7500000.00	Online Transaction
4397	2025-07-25	4	Keyboard Mechanical	750000.00	8	6000000.00	1595	Baktiadi Agustina	NULL	0812390277	2025-07-25	6000000.00	Store Sale
4399	2026-02-03	4	Keyboard Mechanical	750000.00	6	4500000.00	1150	Mustika Waskita	Jl. KH Amin Jasuta No. 18\nSubulussalam, KT 57742	(004) 947 8311	2026-02-03	4500000.00	Store Sale
4401	2025-08-11	4	Keyboard Mechanical	750000.00	6	4500000.00	1514	dr. Yahya Mangunsong, S.E.	Gang Rajawali Timur No. 5\nTernate, KU 44521	+62-0578-911-8875	2025-08-11	4500000.00	Online Transaction
4402	2026-04-22	4	Keyboard Mechanical	750000.00	2	1500000.00	1916	Tgk. Alika Sitompul, S.Sos	NULL	+62-919-451-1085	2026-04-22	1500000.00	Store Sale
4404	2025-09-13	4	Keyboard Mechanical	750000.00	7	5250000.00	1748	Dr. Ika Haryanti	Gg. Rajawali Timur No. 9\nBengkulu, BB 28405	+62 (96) 255 1669	2025-09-13	5250000.00	Online Transaction
4405	2026-02-28	4	Keyboard Mechanical	750000.00	8	6000000.00	1438	Harjo Halim	Gang Cikapayang No. 443\nSungai Penuh, ST 44751	(0935) 816-0776	2026-02-28	6000000.00	Product Sale
4406	2026-02-08	4	Keyboard Mechanical	750000.00	2	1500000.00	604	Tami Simanjuntak	NULL	+62 (0535) 457 7112	2026-02-08	1500000.00	Product Sale
4408	2025-09-30	4	Keyboard Mechanical	750000.00	10	7500000.00	946	Hj. Paramita Safitri	Jl. KH Amin Jasuta No. 3\nJambi, Kalimantan Timur 85422	+62 (36) 040-5187	2025-09-30	7500000.00	Store Sale
4410	2025-10-01	4	Keyboard Mechanical	750000.00	10	7500000.00	1803	Lintang Hariyah	Jalan Rajiman No. 32\nMeulaboh, Kepulauan Riau 67194	+62 (297) 346-2807	2025-10-01	7500000.00	Customer Purchase
4412	2026-04-13	4	Keyboard Mechanical	750000.00	3	2250000.00	1571	Farah Handayani	Gang Dr. Djunjunan No. 2\nPalopo, JA 38706	+62-12-207-3522	2026-04-13	2250000.00	Online Transaction
4432	2025-10-18	4	Keyboard Mechanical	750000.00	2	1500000.00	1689	Taufik Mustofa	Jalan Ciumbuleuit No. 9\nBanjarbaru, SS 93677	(056) 097 8693	2025-10-18	1500000.00	Product Sale
4437	2025-09-03	4	Keyboard Mechanical	750000.00	2	1500000.00	1755	Paiman Sinaga	Jl. Sukajadi No. 8\nKota Administrasi Jakarta Timur, Kalimantan Barat 69835	+62 (810) 609-4057	2025-09-03	1500000.00	Customer Purchase
4439	2026-06-01	4	Keyboard Mechanical	750000.00	2	1500000.00	1039	dr. Lidya Hidayat	Jalan Kiaracondong No. 81\nPurwokerto, KR 40720	(042) 911 3846	2026-06-01	1500000.00	Store Sale
4441	2026-06-20	4	Keyboard Mechanical	750000.00	3	2250000.00	1016	Drs. Indah Mardhiyah	NULL	+62 (0817) 726-0114	2026-06-20	2250000.00	Online Transaction
4450	2026-05-22	4	Keyboard Mechanical	750000.00	10	7500000.00	951	H. Mursinin Mansur	Gg. Rawamangun No. 03\nBukittinggi, Kalimantan Tengah 36830	+62 (0338) 117 8887	2026-05-22	7500000.00	Product Sale
4451	2025-11-18	4	Keyboard Mechanical	750000.00	6	4500000.00	1927	Uchita Usada	Gang K.H. Wahid Hasyim No. 7\nTasikmalaya, Kalimantan Tengah 38075	+62-003-168-3382	2025-11-18	4500000.00	Store Sale
4454	2025-07-09	4	Keyboard Mechanical	750000.00	7	5250000.00	605	R. Wani Lestari	Gg. Gegerkalong Hilir No. 037\nTasikmalaya, ST 89606	+62 (063) 139-2687	2025-07-09	5250000.00	Store Sale
4458	2026-04-10	4	Keyboard Mechanical	750000.00	8	6000000.00	1953	Tirtayasa Suartini	Jalan KH Amin Jasuta No. 447\nCimahi, SN 00438	+62-481-680-0591	2026-04-10	6000000.00	Product Sale
4470	2026-03-08	4	Keyboard Mechanical	750000.00	6	4500000.00	661	Tgk. Estiawan Narpati, S.Kom	Gg. Cempaka No. 8\nTomohon, Sumatera Utara 77420	+62 (072) 134 3712	2026-03-08	4500000.00	Product Sale
4479	2025-09-03	4	Keyboard Mechanical	750000.00	5	3750000.00	1718	Dian Tarihoran, M.Kom.	Gg. Dr. Djunjunan No. 558\nPasuruan, Sumatera Barat 76778	+62-0158-052-9500	2025-09-03	3750000.00	Online Transaction
4480	2026-07-02	4	Keyboard Mechanical	750000.00	2	1500000.00	578	Dt. Dimaz Sihombing	Gang Lembong No. 1\nBontang, Kalimantan Tengah 26548	+62-584-025-3770	2026-07-02	1500000.00	Product Sale
4482	2026-02-28	4	Keyboard Mechanical	750000.00	6	4500000.00	1405	Akarsana Irawan	Jalan Suryakencana No. 9\nTasikmalaya, AC 78612	(056) 814 1459	2026-02-28	4500000.00	Product Sale
4484	2026-06-20	4	Keyboard Mechanical	750000.00	3	2250000.00	917	Rahayu Uyainah	NULL	0840168563	2026-06-20	2250000.00	Store Sale
4487	2025-08-10	4	Keyboard Mechanical	750000.00	6	4500000.00	930	Salman Thamrin	Jalan Kutai No. 091\nBatam, Aceh 16878	0873741727	2025-08-10	4500000.00	Product Sale
4497	2026-06-15	4	Keyboard Mechanical	750000.00	3	2250000.00	1018	Salsabila Wijaya	Gang M.H Thamrin No. 770\nTomohon, PA 67398	+62 (749) 365 1228	2026-06-15	2250000.00	Store Sale
4506	2026-01-14	4	Keyboard Mechanical	750000.00	10	7500000.00	1769	Paris Nurdiyanti	Gang Jayawijaya No. 31\nMagelang, ST 50799	+62-266-554-9633	2026-01-14	7500000.00	Store Sale
4511	2026-02-19	4	Keyboard Mechanical	750000.00	9	6750000.00	1364	Ir. Intan Mandala, S.I.Kom	Jalan Bangka Raya No. 3\nSalatiga, Kalimantan Barat 02928	(0695) 213 6807	2026-02-19	6750000.00	Store Sale
4515	2026-01-15	4	Keyboard Mechanical	750000.00	6	4500000.00	379	Paulin Prasetya	Jalan HOS. Cokroaminoto No. 7\nSalatiga, Kepulauan Riau 23966	+62-543-427-1903	2026-01-15	4500000.00	Customer Purchase
4519	2025-10-20	4	Keyboard Mechanical	750000.00	8	6000000.00	123	R. Hamima Zulkarnain, S.Farm	Gang Rajawali Timur No. 77\nSerang, YO 63607	(0895) 673 6626	2025-10-20	6000000.00	Customer Purchase
4527	2025-10-12	4	Keyboard Mechanical	750000.00	10	7500000.00	1756	Mila Yuniar	Jalan Cihampelas No. 63\nTebingtinggi, ST 12547	+62-034-893-1840	2025-10-12	7500000.00	Store Sale
4537	2025-09-29	4	Keyboard Mechanical	750000.00	7	5250000.00	1259	Rahayu Uyainah	Jalan Dr. Djunjunan No. 7\nMataram, DKI Jakarta 65309	+62-076-218-8703	2025-09-29	5250000.00	Store Sale
4538	2025-08-07	4	Keyboard Mechanical	750000.00	10	7500000.00	524	Harsanto Samosir	Gg. PHH. Mustofa No. 86\nTanjungpinang, Nusa Tenggara Timur 22557	(020) 231 5513	2025-08-07	7500000.00	Customer Purchase
4539	2026-04-04	4	Keyboard Mechanical	750000.00	2	1500000.00	214	Padmi Suwarno	Gg. Medokan Ayu No. 7\nBitung, Jambi 64834	+62 (005) 418 4120	2026-04-04	1500000.00	Online Transaction
4546	2025-10-09	4	Keyboard Mechanical	750000.00	10	7500000.00	423	Dt. Luluh Yulianti, M.Pd	Jalan Yos Sudarso No. 63\nPalopo, NT 57274	(0830) 692 9316	2025-10-09	7500000.00	Customer Purchase
4554	2025-10-17	4	Keyboard Mechanical	750000.00	2	1500000.00	455	Calista Mayasari	Jl. Kebonjati No. 1\nManado, Kalimantan Utara 31958	+62-51-266-6926	2025-10-17	1500000.00	Store Sale
4559	2025-12-08	4	Keyboard Mechanical	750000.00	1	750000.00	1112	dr. Amalia Pudjiastuti	Jl. Joyoboyo No. 1\nSolok, SU 33513	(044) 350-6752	2025-12-08	750000.00	Store Sale
4568	2026-05-24	4	Keyboard Mechanical	750000.00	7	5250000.00	296	Prayitna Rahayu, S.Sos	Jalan Indragiri No. 26\nTarakan, Jawa Tengah 36129	+62-155-299-8916	2026-05-24	5250000.00	Product Sale
4572	2026-02-11	4	Keyboard Mechanical	750000.00	1	750000.00	572	Gilang Hariyah	Gang Suniaraja No. 7\nPagaralam, Jawa Tengah 00599	(0372) 778 3426	2026-02-11	750000.00	Customer Purchase
4580	2025-07-19	4	Keyboard Mechanical	750000.00	9	6750000.00	566	Ulya Suwarno	Gang Gegerkalong Hilir No. 093\nPalu, Kepulauan Bangka Belitung 71219	+62 (086) 927-3358	2025-07-19	6750000.00	Product Sale
4594	2026-03-01	4	Keyboard Mechanical	750000.00	4	3000000.00	1523	Usman Andriani	NULL	+62-0921-463-3461	2026-03-01	3000000.00	Online Transaction
4603	2025-11-10	4	Keyboard Mechanical	750000.00	8	6000000.00	832	Prasetya Wibisono	Gg. Peta No. 135\nPontianak, PB 21464	(073) 607-4068	2025-11-10	6000000.00	Product Sale
4604	2026-02-22	4	Keyboard Mechanical	750000.00	9	6750000.00	673	Cahyadi Dongoran	Jalan Surapati No. 93\nLubuklinggau, Jawa Timur 96880	+62-0237-235-9801	2026-02-22	6750000.00	Online Transaction
4608	2025-10-22	4	Keyboard Mechanical	750000.00	7	5250000.00	1893	H. Mursita Farida, S.Sos	Jalan Rumah Sakit No. 71\nPekalongan, Riau 73325	+62 (092) 169 9776	2025-10-22	5250000.00	Product Sale
4613	2025-12-10	4	Keyboard Mechanical	750000.00	6	4500000.00	742	R. Maria Winarsih, S.Farm	NULL	087 966 0106	2025-12-10	4500000.00	Online Transaction
4617	2026-05-02	4	Keyboard Mechanical	750000.00	2	1500000.00	1086	Ir. Baktiadi Siregar, S.Sos	Gg. Cihampelas No. 6\nCilegon, AC 32752	+62 (014) 100 1890	2026-05-02	1500000.00	Online Transaction
4622	2026-06-05	4	Keyboard Mechanical	750000.00	8	6000000.00	1619	Rusman Waluyo	Jl. Pacuan Kuda No. 53\nCimahi, Jawa Timur 89463	+62 (0429) 784-1069	2026-06-05	6000000.00	Store Sale
4627	2025-12-03	4	Keyboard Mechanical	750000.00	7	5250000.00	1455	Calista Mayasari	Jl. Kebonjati No. 1\nManado, Kalimantan Utara 31958	+62-51-266-6926	2025-12-03	5250000.00	Customer Purchase
4631	2026-02-22	4	Keyboard Mechanical	750000.00	10	7500000.00	1124	Silvia Kuswoyo	Jl. Cikapayang No. 54\nDumai, SB 45320	+62 (927) 737-8985	2026-02-22	7500000.00	Store Sale
4633	2025-10-03	4	Keyboard Mechanical	750000.00	1	750000.00	94	Ratna Kurniawan	Jalan Asia Afrika No. 0\nPontianak, Kalimantan Selatan 54908	+62 (77) 229 8564	2025-10-03	750000.00	Online Transaction
4634	2026-06-21	4	Keyboard Mechanical	750000.00	7	5250000.00	23	Bahuraksa Wijayanti	Jalan Cihampelas No. 16\nKotamobagu, Jawa Barat 21624	+62-0156-894-3564	2026-06-21	5250000.00	Customer Purchase
4635	2026-04-05	4	Keyboard Mechanical	750000.00	3	2250000.00	1132	Salsabila Puspasari	Gg. Kendalsari No. 22\nKota Administrasi Jakarta Utara, JB 46376	+62 (0789) 604 8209	2026-04-05	2250000.00	Customer Purchase
4642	2026-01-26	4	Keyboard Mechanical	750000.00	10	7500000.00	1001	Gangsa Laksmiwati	Jl. Suryakencana No. 15\nMedan, Jawa Timur 89090	+62 (003) 895-6027	2026-01-26	7500000.00	Store Sale
4647	2026-04-08	4	Keyboard Mechanical	750000.00	2	1500000.00	878	Tami Sitorus	Gg. W.R. Supratman No. 27\nBengkulu, BB 78986	+62 (0720) 773 9010	2026-04-08	1500000.00	Store Sale
4648	2026-01-21	4	Keyboard Mechanical	750000.00	8	6000000.00	1611	Nadia Waluyo	Gg. Suniaraja No. 6\nTasikmalaya, Maluku 94574	+62 (0448) 245-5585	2026-01-21	6000000.00	Store Sale
4651	2026-04-11	4	Keyboard Mechanical	750000.00	3	2250000.00	281	Safina Tarihoran	NULL	+62-15-051-0463	2026-04-11	2250000.00	Store Sale
4657	2026-01-12	4	Keyboard Mechanical	750000.00	6	4500000.00	514	dr. Yahya Mangunsong, S.E.	Gang Rajawali Timur No. 5\nTernate, KU 44521	+62-0578-911-8875	2026-01-12	4500000.00	Store Sale
4667	2026-02-19	4	Keyboard Mechanical	750000.00	10	7500000.00	412	Mala Sihotang, S.Ked	Gg. Pacuan Kuda No. 0\nBengkulu, Jawa Barat 21995	+62 (91) 212-4033	2026-02-19	7500000.00	Store Sale
4668	2025-11-04	4	Keyboard Mechanical	750000.00	3	2250000.00	890	KH. Cecep Hidayanto, M.Farm	NULL	+62 (0137) 167-7135	2025-11-04	2250000.00	Customer Purchase
4671	2025-07-24	4	Keyboard Mechanical	750000.00	7	5250000.00	1778	Maya Wahyudin	Jl. Sadang Serang No. 0\nMojokerto, Nusa Tenggara Barat 44827	+62-32-021-1732	2025-07-24	5250000.00	Product Sale
4678	2026-04-09	4	Keyboard Mechanical	750000.00	9	6750000.00	1601	Atma Prayoga, S.E.I	Gang Surapati No. 98\nKediri, BB 62329	(0101) 630-1828	2026-04-09	6750000.00	Product Sale
4680	2025-08-02	4	Keyboard Mechanical	750000.00	8	6000000.00	21	Muni Melani	Gg. Ciumbuleuit No. 2\nBatu, Nusa Tenggara Timur 55343	0856152478	2025-08-02	6000000.00	Customer Purchase
4682	2025-11-24	4	Keyboard Mechanical	750000.00	1	750000.00	626	Tugiman Firgantoro	Jalan Suryakencana No. 77\nKediri, Sulawesi Tengah 69866	080 948 7691	2025-11-24	750000.00	Product Sale
4684	2026-06-11	4	Keyboard Mechanical	750000.00	3	2250000.00	854	Nugraha Halim	Gg. Asia Afrika No. 036\nYogyakarta, KT 86442	+62-93-835-0563	2026-06-11	2250000.00	Store Sale
4685	2025-08-29	4	Keyboard Mechanical	750000.00	5	3750000.00	254	Ami Maheswara, M.Pd	Gg. KH Amin Jasuta No. 163\nCimahi, KI 96855	(076) 899 5526	2025-08-29	3750000.00	Product Sale
4696	2026-06-11	4	Keyboard Mechanical	750000.00	10	7500000.00	1377	Umaya Prasetya, S.Pd	Jalan Kiaracondong No. 70\nPalopo, JI 89908	+62 (089) 210-8855	2026-06-11	7500000.00	Online Transaction
4698	2026-01-24	4	Keyboard Mechanical	750000.00	2	1500000.00	634	Mala Dabukke	Jalan Abdul Muis No. 09\nPekalongan, Papua Barat 17089	+62-07-269-6440	2026-01-24	1500000.00	Product Sale
4699	2026-03-29	4	Keyboard Mechanical	750000.00	7	5250000.00	468	Dt. Karman Suartini	Jalan Dipenogoro No. 8\nMeulaboh, Maluku Utara 29252	+62-412-341-0886	2026-03-29	5250000.00	Store Sale
4701	2025-08-02	4	Keyboard Mechanical	750000.00	10	7500000.00	1673	Cahyadi Dongoran	Jalan Surapati No. 93\nLubuklinggau, Jawa Timur 96880	+62-0237-235-9801	2025-08-02	7500000.00	Store Sale
4703	2026-03-31	4	Keyboard Mechanical	750000.00	5	3750000.00	1728	Bella Wibisono	Gang Cikutra Timur No. 37\nTangerang Selatan, Sumatera Utara 40246	+62 (029) 580 5197	2026-03-31	3750000.00	Store Sale
4711	2025-08-14	4	Keyboard Mechanical	750000.00	3	2250000.00	1379	Paulin Prasetya	Jalan HOS. Cokroaminoto No. 7\nSalatiga, Kepulauan Riau 23966	+62-543-427-1903	2025-08-14	2250000.00	Online Transaction
4713	2026-01-11	4	Keyboard Mechanical	750000.00	6	4500000.00	20	Dodo Januar	Jl. Ir. H. Djuanda No. 3\nJambi, Kepulauan Bangka Belitung 01230	+62 (00) 266 9602	2026-01-11	4500000.00	Product Sale
4718	2025-07-12	4	Keyboard Mechanical	750000.00	4	3000000.00	1334	Cakrawangsa Najmudin	Jalan Dipenogoro No. 781\nSamarinda, Papua Barat 76972	+62 (045) 854-0634	2025-07-12	3000000.00	Customer Purchase
4720	2026-03-16	4	Keyboard Mechanical	750000.00	8	6000000.00	235	Ozy Usada	Gg. Suryakencana No. 798\nMeulaboh, PB 25729	083 711 8516	2026-03-16	6000000.00	Customer Purchase
4722	2026-03-10	4	Keyboard Mechanical	750000.00	2	1500000.00	566	Ulya Suwarno	Gang Gegerkalong Hilir No. 093\nPalu, Kepulauan Bangka Belitung 71219	+62 (086) 927-3358	2026-03-10	1500000.00	Customer Purchase
4723	2026-02-05	4	Keyboard Mechanical	750000.00	4	3000000.00	827	Garan Saragih	Gg. Rajawali Timur No. 8\nKota Administrasi Jakarta Pusat, Nusa Tenggara Barat 01826	+62 (92) 172-3972	2026-02-05	3000000.00	Customer Purchase
4730	2026-01-09	4	Keyboard Mechanical	750000.00	1	750000.00	1459	Gawati Thamrin	NULL	+62 (913) 663-2157	2026-01-09	750000.00	Product Sale
4731	2025-08-16	4	Keyboard Mechanical	750000.00	3	2250000.00	1440	Lantar Prasetyo	Gang S. Parman No. 35\nSabang, JI 95202	(0956) 471-5365	2025-08-16	2250000.00	Online Transaction
4741	2026-02-17	4	Keyboard Mechanical	750000.00	2	1500000.00	1970	Dr. Ella Lailasari	Jalan Pacuan Kuda No. 69\nManado, Kepulauan Riau 98842	+62 (126) 956-6147	2026-02-17	1500000.00	Product Sale
4748	2026-04-23	4	Keyboard Mechanical	750000.00	7	5250000.00	430	Cengkal Farida	Jl. Abdul Muis No. 066\nBukittinggi, PA 51106	+62 (652) 209 4581	2026-04-23	5250000.00	Store Sale
4750	2026-05-31	4	Keyboard Mechanical	750000.00	9	6750000.00	170	Daliono Damanik, S.E.	NULL	+62 (27) 797 3571	2026-05-31	6750000.00	Customer Purchase
4751	2026-07-05	4	Keyboard Mechanical	750000.00	5	3750000.00	1748	Dr. Ika Haryanti	Gg. Rajawali Timur No. 9\nBengkulu, BB 28405	+62 (96) 255 1669	2026-07-05	3750000.00	Store Sale
4752	2026-07-06	4	Keyboard Mechanical	750000.00	7	5250000.00	1988	Sakura Hidayat	Gang Ciumbuleuit No. 129\nSukabumi, RI 24538	+62-045-419-3523	2026-07-06	5250000.00	Product Sale
4754	2026-01-10	4	Keyboard Mechanical	750000.00	6	4500000.00	726	Makara Usada	Gang Indragiri No. 715\nTernate, Maluku Utara 89752	+62 (06) 450-6960	2026-01-10	4500000.00	Store Sale
4760	2025-08-29	4	Keyboard Mechanical	750000.00	5	3750000.00	1963	Drs. Ega Jailani	Gang Rumah Sakit No. 21\nSurakarta, Banten 94966	+62 (61) 719 2666	2025-08-29	3750000.00	Customer Purchase
4772	2025-12-23	4	Keyboard Mechanical	750000.00	7	5250000.00	1325	Panji Nasyidah, S.Pd	Gang Waringin No. 673\nSerang, KR 33743	+62 (0146) 751 0226	2025-12-23	5250000.00	Product Sale
4773	2025-11-05	4	Keyboard Mechanical	750000.00	9	6750000.00	1504	Harsaya Kusmawati, M.TI.	Gang Kapten Muslihat No. 248\nPekanbaru, Papua Barat 37962	+62-014-569-5299	2025-11-05	6750000.00	Store Sale
4782	2025-08-02	4	Keyboard Mechanical	750000.00	2	1500000.00	83	R. Irnanto Hidayanto, S.E.	Gg. PHH. Mustofa No. 2\nKota Administrasi Jakarta Utara, LA 61040	(0497) 631 4208	2025-08-02	1500000.00	Online Transaction
4785	2025-07-19	4	Keyboard Mechanical	750000.00	6	4500000.00	1251	Bagiya Megantara	Jl. Cihampelas No. 53\nSawahlunto, Kalimantan Selatan 37528	+62 (42) 514 3974	2025-07-19	4500000.00	Product Sale
4787	2026-02-21	4	Keyboard Mechanical	750000.00	6	4500000.00	1121	dr. Dewi Purwanti	Jalan HOS. Cokroaminoto No. 44\nBanjarmasin, Kalimantan Timur 14048	(0661) 916-5988	2026-02-21	4500000.00	Store Sale
4791	2026-04-02	4	Keyboard Mechanical	750000.00	6	4500000.00	1230	Radika Putra	Gg. Joyoboyo No. 249\nCilegon, AC 99869	(000) 251 4782	2026-04-02	4500000.00	Online Transaction
4792	2025-07-17	4	Keyboard Mechanical	750000.00	4	3000000.00	636	T. Agus Hutapea, M.M.	Gg. Asia Afrika No. 375\nSukabumi, Nusa Tenggara Barat 77080	+62 (046) 486-4771	2025-07-17	3000000.00	Customer Purchase
4794	2025-10-04	4	Keyboard Mechanical	750000.00	5	3750000.00	75	Harsana Setiawan	Gang Rungkut Industri No. 6\nBontang, Papua Barat 38838	+62-0658-391-1310	2025-10-04	3750000.00	Customer Purchase
4797	2025-12-18	4	Keyboard Mechanical	750000.00	4	3000000.00	1041	Dewi Pangestu	Gang Pacuan Kuda No. 58\nTual, RI 81051	+62 (0484) 286 7416	2025-12-18	3000000.00	Product Sale
4809	2026-05-12	4	Keyboard Mechanical	750000.00	8	6000000.00	1994	R.A. Maida Gunarto	Gang Rawamangun No. 17\nSubulussalam, SB 29906	+62 (80) 266-9284	2026-05-12	6000000.00	Customer Purchase
4814	2026-05-30	4	Keyboard Mechanical	750000.00	2	1500000.00	981	Cut Zahra Sinaga	Gang Waringin No. 27\nProbolinggo, Sulawesi Utara 02426	+62 (614) 519-1537	2026-05-30	1500000.00	Customer Purchase
4820	2025-11-24	4	Keyboard Mechanical	750000.00	10	7500000.00	1786	Maimunah Aryani, S.IP	Jl. Pasir Koja No. 10\nBanjar, DI Yogyakarta 09400	+62 (33) 052-2123	2025-11-24	7500000.00	Online Transaction
4825	2026-02-01	4	Keyboard Mechanical	750000.00	7	5250000.00	1017	Galih Zulkarnain, S.Sos	Jalan Bangka Raya No. 907\nSorong, AC 24262	+62 (0595) 605-3970	2026-02-01	5250000.00	Customer Purchase
4829	2025-11-20	4	Keyboard Mechanical	750000.00	7	5250000.00	228	Gasti Suwarno	Gg. Pasirkoja No. 4\nBekasi, MU 22416	0860238662	2025-11-20	5250000.00	Online Transaction
4840	2026-03-18	4	Keyboard Mechanical	750000.00	2	1500000.00	380	R.A. Yuni Prasetya, S.Ked	Jalan Dr. Djunjunan No. 11\nPagaralam, SG 55871	+62 (90) 551 1888	2026-03-18	1500000.00	Store Sale
4842	2026-04-28	4	Keyboard Mechanical	750000.00	10	7500000.00	1476	Rahayu Wahyudin	Gang Gardujati No. 715\nBinjai, KU 97567	+62 (340) 073 9590	2026-04-28	7500000.00	Online Transaction
4858	2026-03-21	4	Keyboard Mechanical	750000.00	2	1500000.00	1388	Respati Suryono	Jalan Ir. H. Djuanda No. 01\nPadangpanjang, Kepulauan Riau 81012	+62 (665) 127-5081	2026-03-21	1500000.00	Product Sale
4859	2026-03-21	4	Keyboard Mechanical	750000.00	2	1500000.00	1006	Aditya Utami	Jalan Siliwangi No. 1\nBau-Bau, SB 53322	+62 (0281) 802-0729	2026-03-21	1500000.00	Online Transaction
4862	2026-02-08	4	Keyboard Mechanical	750000.00	7	5250000.00	256	drg. Kamaria Wahyuni, S.E.I	Jl. Moch. Toha No. 50\nKota Administrasi Jakarta Pusat, Gorontalo 37675	+62 (0756) 416-2231	2026-02-08	5250000.00	Online Transaction
4864	2026-02-12	4	Keyboard Mechanical	750000.00	6	4500000.00	1761	Rini Pratama	Jl. Ciumbuleuit No. 74\nTangerang Selatan, KI 48363	0852038385	2026-02-12	4500000.00	Product Sale
4872	2026-04-11	4	Keyboard Mechanical	750000.00	10	7500000.00	1333	Ade Santoso	Gang Kutai No. 901\nMakassar, Sulawesi Tenggara 86495	(092) 989-3581	2026-04-11	7500000.00	Store Sale
4876	2025-07-23	4	Keyboard Mechanical	750000.00	5	3750000.00	865	Prayoga Hakim	Jl. Erlangga No. 90\nKota Administrasi Jakarta Barat, KU 51664	+62 (71) 110-5978	2025-07-23	3750000.00	Product Sale
4879	2025-10-05	4	Keyboard Mechanical	750000.00	10	7500000.00	1382	Oliva Prasetya	Jl. Veteran No. 96\nMalang, Maluku Utara 30927	(071) 376-0588	2025-10-05	7500000.00	Customer Purchase
4888	2025-07-12	4	Keyboard Mechanical	750000.00	5	3750000.00	1722	Maryanto Nuraini	Jalan Otto Iskandardinata No. 1\nSurakarta, SG 12154	+62-32-813-7494	2025-07-12	3750000.00	Store Sale
4892	2026-03-06	4	Keyboard Mechanical	750000.00	9	6750000.00	1461	Najib Aryani	Gg. Dr. Djunjunan No. 57\nBatu, KB 53470	+62-95-882-6750	2026-03-06	6750000.00	Product Sale
4893	2026-03-24	4	Keyboard Mechanical	750000.00	6	4500000.00	846	R.A. Ulya Palastri, S.I.Kom	Jl. Jend. Sudirman No. 64\nManado, BA 47376	+62 (401) 370 6859	2026-03-24	4500000.00	Online Transaction
4894	2025-12-28	4	Keyboard Mechanical	750000.00	3	2250000.00	1887	Ir. Raisa Halim, M.Pd	Gang Cikapayang No. 748\nPrabumulih, JB 38157	(098) 485-1228	2025-12-28	2250000.00	Online Transaction
4911	2026-03-17	4	Keyboard Mechanical	750000.00	5	3750000.00	415	Yani Dabukke, S.E.I	Gg. Indragiri No. 585\nLubuklinggau, Sulawesi Barat 53707	+62 (013) 696-6150	2026-03-17	3750000.00	Store Sale
4912	2025-10-13	4	Keyboard Mechanical	750000.00	2	1500000.00	688	Zulaikha Irawan	Jl. PHH. Mustofa No. 635\nBandar Lampung, BE 38504	+62 (60) 738-2992	2025-10-13	1500000.00	Customer Purchase
4918	2025-08-11	4	Keyboard Mechanical	750000.00	4	3000000.00	1943	Titi Winarno, S.I.Kom	Gg. Cempaka No. 2\nSawahlunto, Maluku 04483	(099) 961 3767	2025-08-11	3000000.00	Online Transaction
4920	2026-05-16	4	Keyboard Mechanical	750000.00	2	1500000.00	743	Jasmin Pradana	Jalan S. Parman No. 38\nKupang, JI 40890	(0553) 138-9361	2026-05-16	1500000.00	Online Transaction
4921	2025-10-26	4	Keyboard Mechanical	750000.00	7	5250000.00	864	KH. Artanto Winarsih, S.E.I	Gang Ir. H. Djuanda No. 99\nSamarinda, Sumatera Utara 74590	+62 (709) 138-3862	2025-10-26	5250000.00	Online Transaction
4927	2025-10-17	4	Keyboard Mechanical	750000.00	9	6750000.00	1757	Azalea Sirait	Gang Sukabumi No. 4\nTangerang Selatan, Kepulauan Riau 21697	+62-219-961-6720	2025-10-17	6750000.00	Customer Purchase
4932	2026-03-21	4	Keyboard Mechanical	750000.00	7	5250000.00	1311	Ellis Hardiansyah	Jalan Waringin No. 708\nKota Administrasi Jakarta Selatan, Bali 30280	(0592) 967-0249	2026-03-21	5250000.00	Product Sale
4934	2025-11-26	4	Keyboard Mechanical	750000.00	5	3750000.00	799	Candrakanta Lazuardi, S.Pt	NULL	+62-492-029-9755	2025-11-26	3750000.00	Product Sale
4936	2025-12-08	4	Keyboard Mechanical	750000.00	9	6750000.00	1957	Ika Narpati, M.Farm	Gang Kiaracondong No. 950\nCirebon, Maluku 63958	+62-99-913-7037	2025-12-08	6750000.00	Online Transaction
4942	2026-03-14	4	Keyboard Mechanical	750000.00	8	6000000.00	1177	Drs. Radika Wijayanti, S.E.I	Gg. Kiaracondong No. 1\nCimahi, Papua Barat 35158	(050) 752 4133	2026-03-14	6000000.00	Product Sale
4955	2026-05-02	4	Keyboard Mechanical	750000.00	2	1500000.00	1086	Ir. Baktiadi Siregar, S.Sos	Gg. Cihampelas No. 6\nCilegon, AC 32752	+62 (014) 100 1890	2026-05-02	1500000.00	Customer Purchase
4956	2025-09-09	4	Keyboard Mechanical	750000.00	1	750000.00	1862	drg. Naradi Hidayanto, S.Sos	Gg. Erlangga No. 9\nMedan, Sulawesi Utara 33443	+62 (055) 883-7617	2025-09-09	750000.00	Customer Purchase
4957	2026-07-03	4	Keyboard Mechanical	750000.00	2	1500000.00	641	T. Heryanto Pranowo, S.Pt	Jalan M.T Haryono No. 6\nPadang Sidempuan, BE 13262	+62-0552-178-8213	2026-07-03	1500000.00	Store Sale
4966	2026-06-23	4	Keyboard Mechanical	750000.00	7	5250000.00	1115	Sadina Rahimah, S.E.I	Gang Suniaraja No. 16\nBitung, Nusa Tenggara Timur 02852	+62-145-679-9454	2026-06-23	5250000.00	Store Sale
4971	2026-07-05	4	Keyboard Mechanical	750000.00	9	6750000.00	1940	Drs. Lanang Permadi, M.Pd	Gang Jayawijaya No. 96\nBanjar, SU 96493	+62 (077) 137 4953	2026-07-05	6750000.00	Store Sale
4975	2025-12-01	4	Keyboard Mechanical	750000.00	3	2250000.00	423	Dt. Luluh Yulianti, M.Pd	Jalan Yos Sudarso No. 63\nPalopo, NT 57274	(0830) 692 9316	2025-12-01	2250000.00	Store Sale
4979	2026-07-02	4	Keyboard Mechanical	750000.00	8	6000000.00	1999	Candra Hidayat, S.Sos	Jalan Monginsidi No. 0\nSolok, DI Yogyakarta 89072	(0481) 889 2972	2026-07-02	6000000.00	Product Sale
4980	2025-09-01	4	Keyboard Mechanical	750000.00	7	5250000.00	1934	Sabrina Iswahyudi	Jl. BKR No. 66\nBanjarmasin, BE 34031	+62 (700) 521-6714	2025-09-01	5250000.00	Product Sale
4986	2026-01-29	4	Keyboard Mechanical	750000.00	3	2250000.00	208	Drs. Waluyo Laksmiwati	Jl. Peta No. 450\nBandar Lampung, Jawa Tengah 53376	(082) 512-3249	2026-01-29	2250000.00	Online Transaction
4989	2025-09-21	4	Keyboard Mechanical	750000.00	3	2250000.00	563	Drs. Endah Fujiati, S.E.I	Jl. K.H. Wahid Hasyim No. 13\nTidore Kepulauan, Maluku 97929	+62 (04) 075 7410	2025-09-21	2250000.00	Product Sale
4996	2025-11-14	4	Keyboard Mechanical	750000.00	5	3750000.00	1521	KH. Darsirah Uyainah, S.Farm	Gg. Rajiman No. 56\nYogyakarta, KI 82063	+62 (425) 922-5954	2025-11-14	3750000.00	Customer Purchase
4997	2026-02-24	4	Keyboard Mechanical	750000.00	9	6750000.00	7	R. Eman Mayasari, S.Sos	Jalan Pacuan Kuda No. 055\nMojokerto, Kalimantan Barat 98368	(051) 173-9932	2026-02-24	6750000.00	Customer Purchase
5001	2025-08-16	4	Keyboard Mechanical	750000.00	3	2250000.00	22	Kalim Mustofa	Jalan Pasir Koja No. 289\nTanjungbalai, BB 08956	0836118278	2025-08-16	2250000.00	Product Sale
5006	2026-04-03	4	Keyboard Mechanical	750000.00	2	1500000.00	1319	Zelda Sinaga	Jl. Kutai No. 2\nBanjarbaru, SB 71187	0884302852	2026-04-03	1500000.00	Product Sale
21	2025-12-28	5	Laptop Lenovo	8500000.00	3	25500000.00	1814	Putri Laksmiwati, S.Kom	Gang Gardujati No. 36\nCirebon, JT 06498	+62 (48) 602 7912	2025-12-28	25500000.00	Customer Purchase
22	2025-07-10	5	Laptop Lenovo	8500000.00	10	85000000.00	477	Chandra Hutasoit, S.Ked	Jalan Kutisari Selatan No. 66\nMakassar, KR 72672	+62-81-974-9314	2025-07-10	85000000.00	Product Sale
26	2026-06-17	5	Laptop Lenovo	8500000.00	3	25500000.00	889	Dr. Zulfa Lestari, M.TI.	Gang Suniaraja No. 884\nDumai, BA 79148	+62 (576) 086 4336	2026-06-17	25500000.00	Store Sale
33	2025-11-04	5	Laptop Lenovo	8500000.00	2	17000000.00	1390	Icha Irawan	Jl. Ronggowarsito No. 6\nSibolga, Kalimantan Tengah 17563	084 295 7851	2025-11-04	17000000.00	Product Sale
36	2026-01-03	5	Laptop Lenovo	8500000.00	4	34000000.00	1890	KH. Cecep Hidayanto, M.Farm	NULL	+62 (0137) 167-7135	2026-01-03	34000000.00	Product Sale
48	2025-12-09	5	Laptop Lenovo	8500000.00	4	34000000.00	1393	Cornelia Hasanah	Gang K.H. Wahid Hasyim No. 97\nPalopo, JK 95011	+62 (060) 220-3231	2025-12-09	34000000.00	Store Sale
51	2026-04-30	5	Laptop Lenovo	8500000.00	4	34000000.00	1273	Laksana Winarsih, S.E.	Jalan Ir. H. Djuanda No. 92\nKota Administrasi Jakarta Selatan, Jambi 94123	+62 (036) 249-1247	2026-04-30	34000000.00	Customer Purchase
59	2026-01-30	5	Laptop Lenovo	8500000.00	5	42500000.00	920	Tgk. Yoga Safitri	Jalan Ahmad Dahlan No. 9\nTebingtinggi, SS 68350	(0130) 693 3172	2026-01-30	42500000.00	Customer Purchase
67	2026-01-01	5	Laptop Lenovo	8500000.00	5	42500000.00	155	Parman Dabukke	Jl. M.T Haryono No. 28\nPariaman, SG 55603	080 820 7185	2026-01-01	42500000.00	Customer Purchase
75	2026-01-06	5	Laptop Lenovo	8500000.00	9	76500000.00	531	Daliono Damanik, S.E.	Jl. Kapten Muslihat No. 6\nPadangpanjang, Sumatera Utara 31892	(052) 495 5333	2026-01-06	76500000.00	Product Sale
77	2025-09-30	5	Laptop Lenovo	8500000.00	4	34000000.00	193	Drs. Shakila Firgantoro, S.Ked	Gg. Waringin No. 325\nTasikmalaya, DI Yogyakarta 36031	(0629) 362 9079	2025-09-30	34000000.00	Product Sale
79	2025-09-10	5	Laptop Lenovo	8500000.00	3	25500000.00	1593	Xanana Oktaviani, S.Pt	Gg. Rajiman No. 721\nPalu, Maluku 23365	(0734) 881-6832	2025-09-10	25500000.00	Product Sale
83	2026-06-30	5	Laptop Lenovo	8500000.00	10	85000000.00	1381	Soleh Padmasari	Gang Pelajar Pejuang No. 00\nDenpasar, BT 17587	+62-411-275-6733	2026-06-30	85000000.00	Online Transaction
87	2025-11-02	5	Laptop Lenovo	8500000.00	2	17000000.00	117	Cakrawangsa Wibisono	Jalan Dipenogoro No. 10\nSerang, AC 73757	(063) 602-3544	2025-11-02	17000000.00	Product Sale
96	2026-04-18	5	Laptop Lenovo	8500000.00	4	34000000.00	1907	Bagiya Usamah	Gang Cihampelas No. 702\nPrabumulih, SS 13562	(0363) 183 3326	2026-04-18	34000000.00	Online Transaction
110	2025-08-20	5	Laptop Lenovo	8500000.00	3	25500000.00	538	Paris Anggraini	Jl. Astana Anyar No. 5\nAmbon, Banten 58048	(0710) 990-7526	2025-08-20	25500000.00	Online Transaction
111	2026-06-26	5	Laptop Lenovo	8500000.00	5	42500000.00	12	Bakti Susanti	Gg. Lembong No. 1\nPayakumbuh, Sulawesi Utara 63352	(098) 372 3898	2026-06-26	42500000.00	Customer Purchase
115	2026-03-13	5	Laptop Lenovo	8500000.00	5	42500000.00	1918	Tgk. Jail Nuraini, S.I.Kom	Jl. Rajawali Timur No. 753\nCirebon, DI Yogyakarta 98079	+62 (32) 408 7639	2026-03-13	42500000.00	Online Transaction
119	2026-02-02	5	Laptop Lenovo	8500000.00	10	85000000.00	263	Hafshah Novitasari	Jalan Kiaracondong No. 6\nCilegon, GO 56551	+62-0430-003-8856	2026-02-02	85000000.00	Store Sale
123	2025-10-06	5	Laptop Lenovo	8500000.00	5	42500000.00	574	Sakura Nasyiah	Jl. Ciwastra No. 962\nMadiun, RI 36436	+62 (967) 323 6487	2025-10-06	42500000.00	Store Sale
129	2025-11-16	5	Laptop Lenovo	8500000.00	1	8500000.00	471	Puspa Pradana	Gg. Monginsidi No. 9\nMeulaboh, NB 29056	+62 (823) 397-3688	2025-11-16	8500000.00	Customer Purchase
136	2025-07-20	5	Laptop Lenovo	8500000.00	6	51000000.00	281	Safina Tarihoran	NULL	+62-15-051-0463	2025-07-20	51000000.00	Online Transaction
137	2025-10-01	5	Laptop Lenovo	8500000.00	5	42500000.00	1709	R. Virman Winarno	Gang Merdeka No. 933\nTasikmalaya, ST 31350	+62 (333) 727-3655	2025-10-01	42500000.00	Product Sale
142	2025-12-08	5	Laptop Lenovo	8500000.00	4	34000000.00	1695	Yessi Farida	Jalan Moch. Toha No. 296\nKendari, Kalimantan Timur 66002	+62-69-800-9123	2025-12-08	34000000.00	Online Transaction
148	2026-02-17	5	Laptop Lenovo	8500000.00	10	85000000.00	1337	Eli Nugroho	Gg. Medokan Ayu No. 9\nSawahlunto, Riau 77405	+62 (851) 823-4694	2026-02-17	85000000.00	Product Sale
149	2026-01-31	5	Laptop Lenovo	8500000.00	10	85000000.00	1945	Salwa Waskita, M.Ak	Jl. Sadang Serang No. 788\nTanjungbalai, JI 98155	089 973 0056	2026-01-31	85000000.00	Customer Purchase
154	2026-04-27	5	Laptop Lenovo	8500000.00	3	25500000.00	125	Puti Rini Hasanah, S.Farm	Gg. Antapani Lama No. 608\nGorontalo, Sulawesi Tengah 12890	+62 (526) 436-4808	2026-04-27	25500000.00	Customer Purchase
168	2025-09-26	5	Laptop Lenovo	8500000.00	3	25500000.00	1907	Bagiya Usamah	Gang Cihampelas No. 702\nPrabumulih, SS 13562	(0363) 183 3326	2025-09-26	25500000.00	Customer Purchase
173	2026-01-01	5	Laptop Lenovo	8500000.00	10	85000000.00	5	Okto Puspita	Jalan Cihampelas No. 402\nMalang, Nusa Tenggara Barat 65000	(0162) 053 8179	2026-01-01	85000000.00	Customer Purchase
181	2026-03-15	5	Laptop Lenovo	8500000.00	9	76500000.00	272	Cager Haryanti	Gang Ciwastra No. 5\nSibolga, NT 68454	+62 (024) 893-3107	2026-03-15	76500000.00	Online Transaction
185	2026-03-21	5	Laptop Lenovo	8500000.00	5	42500000.00	1969	Nova Mansur, S.Ked	Gg. K.H. Wahid Hasyim No. 8\nTernate, SB 92580	+62-23-762-8483	2026-03-21	42500000.00	Product Sale
187	2025-11-20	5	Laptop Lenovo	8500000.00	7	59500000.00	598	Dt. Cakrawangsa Megantara	Jl. Jamika No. 1\nBontang, AC 25298	0828349035	2025-11-20	59500000.00	Store Sale
195	2026-07-02	5	Laptop Lenovo	8500000.00	5	42500000.00	1698	Drs. Sabri Maryati, S.T.	Gang Gegerkalong Hilir No. 6\nPadang, JK 72303	+62-084-664-2148	2026-07-02	42500000.00	Online Transaction
196	2026-03-15	5	Laptop Lenovo	8500000.00	10	85000000.00	987	Argono Farida	Gang Jayawijaya No. 1\nSerang, KU 46498	+62-0564-137-3572	2026-03-15	85000000.00	Store Sale
202	2026-03-03	5	Laptop Lenovo	8500000.00	7	59500000.00	1699	T. Lamar Prayoga	Gg. Gedebage Selatan No. 557\nKota Administrasi Jakarta Utara, Papua 49019	0856501881	2026-03-03	59500000.00	Customer Purchase
215	2025-12-05	5	Laptop Lenovo	8500000.00	7	59500000.00	679	R.M. Timbul Situmorang	NULL	(088) 455 0899	2025-12-05	59500000.00	Customer Purchase
219	2025-10-16	5	Laptop Lenovo	8500000.00	2	17000000.00	1356	Prabawa Latupono	Gang Jayawijaya No. 773\nKendari, Aceh 33414	088 618 6068	2025-10-16	17000000.00	Product Sale
222	2026-06-24	5	Laptop Lenovo	8500000.00	8	68000000.00	1927	Uchita Usada	Gang K.H. Wahid Hasyim No. 7\nTasikmalaya, Kalimantan Tengah 38075	+62-003-168-3382	2026-06-24	68000000.00	Customer Purchase
224	2025-10-31	5	Laptop Lenovo	8500000.00	9	76500000.00	847	Julia Nashiruddin	Jl. Setiabudhi No. 5\nPangkalpinang, DKI Jakarta 65207	(0335) 583 6284	2025-10-31	76500000.00	Customer Purchase
227	2026-05-24	5	Laptop Lenovo	8500000.00	9	76500000.00	1498	Dewi Prasetya	Jalan Ciumbuleuit No. 1\nTasikmalaya, Riau 62803	+62-024-348-1813	2026-05-24	76500000.00	Store Sale
236	2026-06-26	5	Laptop Lenovo	8500000.00	2	17000000.00	1946	Hj. Paramita Safitri	Jl. KH Amin Jasuta No. 3\nJambi, Kalimantan Timur 85422	+62 (36) 040-5187	2026-06-26	17000000.00	Store Sale
239	2026-03-31	5	Laptop Lenovo	8500000.00	1	8500000.00	765	Dt. Makara Purnawati, M.Kom.	Gg. Cihampelas No. 73\nSukabumi, NT 16028	+62 (009) 607-7933	2026-03-31	8500000.00	Online Transaction
241	2026-03-28	5	Laptop Lenovo	8500000.00	3	25500000.00	812	T. Wasis Wastuti, S.H.	Gang Rumah Sakit No. 50\nYogyakarta, Nusa Tenggara Barat 86018	+62 (0474) 249 2700	2026-03-28	25500000.00	Store Sale
245	2025-11-23	5	Laptop Lenovo	8500000.00	4	34000000.00	1823	Garda Sirait	NULL	+62 (301) 961-6939	2025-11-23	34000000.00	Store Sale
248	2025-08-28	5	Laptop Lenovo	8500000.00	6	51000000.00	955	Jefri Pratama	Jl. Dr. Djunjunan No. 73\nMataram, JI 08842	+62 (0573) 706-2754	2025-08-28	51000000.00	Online Transaction
263	2026-03-18	5	Laptop Lenovo	8500000.00	3	25500000.00	1456	Rangga Purnawati	Gg. Medokan Ayu No. 55\nBima, Sumatera Selatan 72111	+62-73-185-0690	2026-03-18	25500000.00	Product Sale
266	2026-01-25	5	Laptop Lenovo	8500000.00	2	17000000.00	1153	Zelda Tarihoran	Gang Kendalsari No. 0\nMagelang, Kalimantan Timur 31696	+62 (43) 925-1873	2026-01-25	17000000.00	Online Transaction
267	2026-01-23	5	Laptop Lenovo	8500000.00	7	59500000.00	448	Dr. Utama Utami	Jl. Joyoboyo No. 01\nMakassar, SG 07135	+62 (064) 641-9155	2026-01-23	59500000.00	Customer Purchase
277	2026-07-04	5	Laptop Lenovo	8500000.00	9	76500000.00	1111	Chelsea Gunawan, S.IP	Gang Stasiun Wonokromo No. 74\nMataram, Jambi 83360	+62 (0962) 386 4921	2026-07-04	76500000.00	Product Sale
284	2025-11-19	5	Laptop Lenovo	8500000.00	2	17000000.00	1880	R. Ulya Habibi, M.Farm	Gg. Lembong No. 684\nSurabaya, Lampung 45708	+62-635-148-2378	2025-11-19	17000000.00	Product Sale
285	2026-01-06	5	Laptop Lenovo	8500000.00	2	17000000.00	1619	Rusman Waluyo	Jl. Pacuan Kuda No. 53\nCimahi, Jawa Timur 89463	+62 (0429) 784-1069	2026-01-06	17000000.00	Online Transaction
288	2026-06-20	5	Laptop Lenovo	8500000.00	3	25500000.00	223	Ratih Lailasari, S.E.	Gg. Jakarta No. 395\nPariaman, Jawa Barat 19328	(008) 460-1584	2026-06-20	25500000.00	Store Sale
291	2025-08-07	5	Laptop Lenovo	8500000.00	4	34000000.00	1437	Janet Hutasoit	Jalan Gedebage Selatan No. 0\nGorontalo, Aceh 35348	+62 (0850) 970-5962	2025-08-07	34000000.00	Store Sale
292	2025-08-08	5	Laptop Lenovo	8500000.00	2	17000000.00	1291	Anom Firgantoro	Jl. BKR No. 2\nKotamobagu, Sulawesi Barat 79096	+62 (0129) 718-4904	2025-08-08	17000000.00	Product Sale
300	2026-07-02	5	Laptop Lenovo	8500000.00	8	68000000.00	1916	Tgk. Alika Sitompul, S.Sos	NULL	+62-919-451-1085	2026-07-02	68000000.00	Online Transaction
304	2025-12-07	5	Laptop Lenovo	8500000.00	6	51000000.00	191	dr. Ira Suryatmi, S.T.	Gang Kapten Muslihat No. 7\nDepok, JI 83681	+62 (44) 854-0654	2025-12-07	51000000.00	Customer Purchase
314	2026-02-13	5	Laptop Lenovo	8500000.00	7	59500000.00	791	Ayu Yuliarti	Jl. Ronggowarsito No. 338\nMedan, Nusa Tenggara Timur 58649	+62-0650-318-5459	2026-02-13	59500000.00	Store Sale
321	2025-08-09	5	Laptop Lenovo	8500000.00	8	68000000.00	539	Ridwan Usamah	Gang Rajawali Timur No. 66\nPagaralam, JI 79828	+62 (031) 879 4994	2025-08-09	68000000.00	Product Sale
326	2025-12-07	5	Laptop Lenovo	8500000.00	7	59500000.00	1554	Indah Riyanti	Jalan Ahmad Yani No. 2\nPekalongan, MA 98530	+62 (394) 244-0730	2025-12-07	59500000.00	Customer Purchase
333	2026-01-25	5	Laptop Lenovo	8500000.00	9	76500000.00	1046	R. Usman Saragih	Jalan Peta No. 92\nLangsa, SU 58853	0880600802	2026-01-25	76500000.00	Customer Purchase
335	2026-03-08	5	Laptop Lenovo	8500000.00	3	25500000.00	1971	Vega Wahyuni	Gang Cikapayang No. 508\nPariaman, Aceh 10607	+62 (0822) 232-8885	2026-03-08	25500000.00	Customer Purchase
339	2025-07-10	5	Laptop Lenovo	8500000.00	6	51000000.00	1868	Dr. Kanda Oktaviani, M.Farm	Gg. Kendalsari No. 48\nBatu, KI 10339	+62 (355) 658 8769	2025-07-10	51000000.00	Online Transaction
340	2025-10-27	5	Laptop Lenovo	8500000.00	1	8500000.00	155	Parman Dabukke	Jl. M.T Haryono No. 28\nPariaman, SG 55603	080 820 7185	2025-10-27	8500000.00	Product Sale
343	2026-03-17	5	Laptop Lenovo	8500000.00	5	42500000.00	1359	Zamira Andriani, M.M.	Jl. Raya Setiabudhi No. 43\nBima, SR 24795	083 900 9754	2026-03-17	42500000.00	Online Transaction
356	2026-03-02	5	Laptop Lenovo	8500000.00	5	42500000.00	515	Irma Wacana	Gg. Ronggowarsito No. 687\nKota Administrasi Jakarta Barat, SN 42533	(0502) 228-7281	2026-03-02	42500000.00	Customer Purchase
361	2025-08-30	5	Laptop Lenovo	8500000.00	5	42500000.00	469	Ir. Legawa Tampubolon, S.T.	Gg. BKR No. 2\nBogor, GO 20820	+62 (225) 952-8088	2025-08-30	42500000.00	Store Sale
362	2026-05-21	5	Laptop Lenovo	8500000.00	5	42500000.00	791	Ayu Yuliarti	Jl. Ronggowarsito No. 338\nMedan, Nusa Tenggara Timur 58649	+62-0650-318-5459	2026-05-21	42500000.00	Customer Purchase
364	2025-10-25	5	Laptop Lenovo	8500000.00	2	17000000.00	1743	Jasmin Pradana	Jalan S. Parman No. 38\nKupang, JI 40890	(0553) 138-9361	2025-10-25	17000000.00	Online Transaction
367	2026-01-30	5	Laptop Lenovo	8500000.00	2	17000000.00	97	Jais Mangunsong, S.E.I	Gg. H.J Maemunah No. 97\nDenpasar, Kalimantan Timur 04060	+62 (951) 491 3821	2026-01-30	17000000.00	Online Transaction
369	2026-02-12	5	Laptop Lenovo	8500000.00	1	8500000.00	1627	Darmanto Nainggolan	Jl. Kiaracondong No. 944\nPalembang, Papua 42999	+62 (35) 558 4636	2026-02-12	8500000.00	Store Sale
370	2026-03-21	5	Laptop Lenovo	8500000.00	3	25500000.00	711	Dt. Kadir Laksita, S.H.	Jl. Lembong No. 39\nDenpasar, Kalimantan Utara 30725	(0473) 612-3894	2026-03-21	25500000.00	Customer Purchase
371	2026-04-25	5	Laptop Lenovo	8500000.00	8	68000000.00	624	Oni Safitri, S.Pd	NULL	0877268353	2026-04-25	68000000.00	Product Sale
372	2025-07-11	5	Laptop Lenovo	8500000.00	9	76500000.00	679	R.M. Timbul Situmorang	NULL	(088) 455 0899	2025-07-11	76500000.00	Online Transaction
375	2026-04-10	5	Laptop Lenovo	8500000.00	1	8500000.00	47	Endra Wacana, S.T.	Gg. Suniaraja No. 324\nPematangsiantar, JT 76800	+62-199-894-7802	2026-04-10	8500000.00	Online Transaction
383	2025-10-14	5	Laptop Lenovo	8500000.00	10	85000000.00	1849	Tania Marpaung	Jl. Sadang Serang No. 383\nSurakarta, KB 14986	+62 (020) 745 1520	2025-10-14	85000000.00	Store Sale
386	2026-05-30	5	Laptop Lenovo	8500000.00	10	85000000.00	168	Titi Pertiwi, S.IP	Gg. KH Amin Jasuta No. 160\nBontang, RI 79030	+62-908-442-7145	2026-05-30	85000000.00	Online Transaction
390	2025-07-23	5	Laptop Lenovo	8500000.00	7	59500000.00	251	Bagiya Megantara	Jl. Cihampelas No. 53\nSawahlunto, Kalimantan Selatan 37528	+62 (42) 514 3974	2025-07-23	59500000.00	Customer Purchase
392	2025-10-28	5	Laptop Lenovo	8500000.00	9	76500000.00	116	Tira Palastri, S.Sos	Jl. Laswi No. 700\nKota Administrasi Jakarta Utara, LA 68504	(039) 778-6028	2025-10-28	76500000.00	Online Transaction
394	2025-09-20	5	Laptop Lenovo	8500000.00	6	51000000.00	1803	Lintang Hariyah	Jalan Rajiman No. 32\nMeulaboh, Kepulauan Riau 67194	+62 (297) 346-2807	2025-09-20	51000000.00	Online Transaction
397	2025-10-12	5	Laptop Lenovo	8500000.00	9	76500000.00	1682	Rafid Nashiruddin	Gg. Kendalsari No. 8\nBontang, BT 32804	+62-018-234-6255	2025-10-12	76500000.00	Customer Purchase
402	2026-02-08	5	Laptop Lenovo	8500000.00	8	68000000.00	960	Umar Agustina	Jl. K.H. Wahid Hasyim No. 3\nTasikmalaya, Lampung 40330	+62 (819) 389-9685	2026-02-08	68000000.00	Customer Purchase
411	2025-09-10	5	Laptop Lenovo	8500000.00	3	25500000.00	1668	drg. Iriana Damanik, M.Pd	Jl. Rumah Sakit No. 5\nBengkulu, JK 63765	+62-088-811-6326	2025-09-10	25500000.00	Customer Purchase
418	2025-12-31	5	Laptop Lenovo	8500000.00	3	25500000.00	313	Purwanto Nurdiyanti	NULL	+62 (0823) 235-3156	2025-12-31	25500000.00	Product Sale
419	2026-03-08	5	Laptop Lenovo	8500000.00	1	8500000.00	1422	R. Ira Prasetyo	Gg. HOS. Cokroaminoto No. 8\nTanjungpinang, Kalimantan Selatan 47829	+62 (0871) 567-8255	2026-03-08	8500000.00	Customer Purchase
420	2026-04-23	5	Laptop Lenovo	8500000.00	7	59500000.00	1973	Yessi Maulana	Jl. Dipenogoro No. 437\nKupang, JT 06859	+62 (06) 163 5987	2026-04-23	59500000.00	Store Sale
437	2026-03-28	5	Laptop Lenovo	8500000.00	7	59500000.00	881	KH. Raden Halim	Gang Raya Setiabudhi No. 3\nSabang, LA 01592	086 232 3321	2026-03-28	59500000.00	Store Sale
438	2025-11-01	5	Laptop Lenovo	8500000.00	5	42500000.00	935	Tgk. Maida Pranowo	Jalan Abdul Muis No. 4\nPariaman, Jawa Timur 85760	+62 (093) 356 1295	2025-11-01	42500000.00	Customer Purchase
442	2026-07-08	5	Laptop Lenovo	8500000.00	3	25500000.00	787	Ratih Sinaga	Jalan Jakarta No. 160\nTidore Kepulauan, SR 28984	+62-05-938-2954	2026-07-08	25500000.00	Online Transaction
450	2025-11-19	5	Laptop Lenovo	8500000.00	3	25500000.00	1218	Oni Mayasari	Jl. Jayawijaya No. 7\nParepare, Sulawesi Tengah 40695	+62 (0551) 853 0363	2025-11-19	25500000.00	Product Sale
452	2025-10-26	5	Laptop Lenovo	8500000.00	6	51000000.00	838	Gandi Nasyiah	Jl. Sukabumi No. 59\nSamarinda, JT 81092	+62 (873) 869-4493	2025-10-26	51000000.00	Store Sale
457	2025-12-20	5	Laptop Lenovo	8500000.00	10	85000000.00	1020	Dodo Januar	Jl. Ir. H. Djuanda No. 3\nJambi, Kepulauan Bangka Belitung 01230	+62 (00) 266 9602	2025-12-20	85000000.00	Online Transaction
459	2026-03-04	5	Laptop Lenovo	8500000.00	2	17000000.00	1628	Ciaobella Suryono	Gang Rumah Sakit No. 7\nSingkawang, MA 07466	+62 (85) 355 7252	2026-03-04	17000000.00	Product Sale
462	2026-06-18	5	Laptop Lenovo	8500000.00	7	59500000.00	1721	Umi Uyainah	Jl. Raya Ujungberung No. 798\nSubulussalam, SS 32179	+62 (0865) 171 8945	2026-06-18	59500000.00	Store Sale
463	2025-07-13	5	Laptop Lenovo	8500000.00	2	17000000.00	581	Tiara Puspasari	Gg. Moch. Ramdan No. 89\nJambi, AC 29738	(0575) 280 6130	2025-07-13	17000000.00	Store Sale
465	2026-03-24	5	Laptop Lenovo	8500000.00	10	85000000.00	507	Martaka Wastuti	Gg. Yos Sudarso No. 5\nLubuklinggau, DKI Jakarta 10861	+62 (454) 326 4187	2026-03-24	85000000.00	Online Transaction
477	2026-05-31	5	Laptop Lenovo	8500000.00	8	68000000.00	152	Usyi Kusmawati	Jl. Sukajadi No. 281\nSungai Penuh, SB 98899	(0304) 189-0698	2026-05-31	68000000.00	Online Transaction
480	2025-07-09	5	Laptop Lenovo	8500000.00	3	25500000.00	552	Parman Mandala	Jalan M.T Haryono No. 090\nSibolga, Kalimantan Tengah 62485	(0178) 164-0760	2025-07-09	25500000.00	Online Transaction
482	2025-12-17	5	Laptop Lenovo	8500000.00	8	68000000.00	136	R.M. Dimas Nainggolan, S.IP	Jalan Rumah Sakit No. 22\nPalu, Kalimantan Utara 71821	+62-52-067-4496	2025-12-17	68000000.00	Store Sale
485	2026-03-24	5	Laptop Lenovo	8500000.00	5	42500000.00	210	Suci Hidayat	Jl. Medokan Ayu No. 686\nMalang, Kalimantan Barat 63120	+62-749-520-5690	2026-03-24	42500000.00	Online Transaction
492	2025-11-06	5	Laptop Lenovo	8500000.00	4	34000000.00	1616	Hj. Rahayu Suartini	Jalan Medokan Ayu No. 7\nJambi, SS 54038	+62 (27) 246-5718	2025-11-06	34000000.00	Store Sale
495	2026-02-03	5	Laptop Lenovo	8500000.00	6	51000000.00	1751	Lili Waskita	Gang Monginsidi No. 728\nSemarang, SG 65034	(0364) 291 3204	2026-02-03	51000000.00	Store Sale
496	2026-02-05	5	Laptop Lenovo	8500000.00	1	8500000.00	1130	Ir. Estiono Hutapea	Gg. Cikapayang No. 69\nTual, Maluku Utara 88049	+62 (043) 423-9528	2026-02-05	8500000.00	Store Sale
499	2025-11-29	5	Laptop Lenovo	8500000.00	5	42500000.00	76	Silvia Hutasoit	NULL	+62-058-785-2227	2025-11-29	42500000.00	Store Sale
507	2025-10-17	5	Laptop Lenovo	8500000.00	3	25500000.00	1458	Estiono Hasanah	Gg. Cihampelas No. 5\nKendari, BT 55977	+62 (41) 027-8083	2025-10-17	25500000.00	Online Transaction
508	2025-11-12	5	Laptop Lenovo	8500000.00	2	17000000.00	1170	Daliono Damanik, S.E.	NULL	+62 (27) 797 3571	2025-11-12	17000000.00	Online Transaction
514	2025-09-19	5	Laptop Lenovo	8500000.00	9	76500000.00	676	Vicky Sudiati	Jl. Jayawijaya No. 8\nBekasi, Bali 12630	(023) 152-1312	2025-09-19	76500000.00	Online Transaction
515	2026-02-24	5	Laptop Lenovo	8500000.00	4	34000000.00	1692	Drs. Wira Habibi	Jl. Moch. Toha No. 4\nPadangpanjang, JI 19594	+62 (86) 717 0702	2026-02-24	34000000.00	Online Transaction
537	2026-02-13	5	Laptop Lenovo	8500000.00	1	8500000.00	524	Harsanto Samosir	Gg. PHH. Mustofa No. 86\nTanjungpinang, Nusa Tenggara Timur 22557	(020) 231 5513	2026-02-13	8500000.00	Customer Purchase
541	2025-08-30	5	Laptop Lenovo	8500000.00	2	17000000.00	778	Maya Wahyudin	Jl. Sadang Serang No. 0\nMojokerto, Nusa Tenggara Barat 44827	+62-32-021-1732	2025-08-30	17000000.00	Store Sale
557	2025-11-19	5	Laptop Lenovo	8500000.00	10	85000000.00	1863	Citra Waskita	Gg. Joyoboyo No. 79\nSibolga, DKI Jakarta 85816	(0285) 149 6121	2025-11-19	85000000.00	Store Sale
560	2026-05-24	5	Laptop Lenovo	8500000.00	8	68000000.00	140	Saiful Hidayat	Gang Dipatiukur No. 185\nSurakarta, AC 96418	+62-87-430-1477	2026-05-24	68000000.00	Product Sale
561	2026-01-20	5	Laptop Lenovo	8500000.00	9	76500000.00	1704	Harsana Maryadi	Jalan Setiabudhi No. 600\nPagaralam, Bali 65899	+62 (22) 631-8647	2026-01-20	76500000.00	Store Sale
564	2025-07-21	5	Laptop Lenovo	8500000.00	6	51000000.00	273	Laksana Winarsih, S.E.	Jalan Ir. H. Djuanda No. 92\nKota Administrasi Jakarta Selatan, Jambi 94123	+62 (036) 249-1247	2025-07-21	51000000.00	Online Transaction
567	2025-08-01	5	Laptop Lenovo	8500000.00	2	17000000.00	1776	Bagya Marpaung	Jalan Peta No. 4\nPalangkaraya, JK 79402	+62 (71) 789 9863	2025-08-01	17000000.00	Online Transaction
575	2026-02-11	5	Laptop Lenovo	8500000.00	8	68000000.00	150	Mustika Waskita	Jl. KH Amin Jasuta No. 18\nSubulussalam, KT 57742	(004) 947 8311	2026-02-11	68000000.00	Online Transaction
580	2026-06-25	5	Laptop Lenovo	8500000.00	2	17000000.00	70	Anom Rahimah	Jl. PHH. Mustofa No. 031\nKota Administrasi Jakarta Barat, Kalimantan Barat 91918	(0746) 092-8397	2026-06-25	17000000.00	Online Transaction
596	2026-04-10	5	Laptop Lenovo	8500000.00	6	51000000.00	1651	Olga Laksita	Jalan Kapten Muslihat No. 27\nTanjungpinang, Banten 36498	+62 (090) 289-1266	2026-04-10	51000000.00	Store Sale
600	2026-01-02	5	Laptop Lenovo	8500000.00	5	42500000.00	243	Lalita Hutagalung, S.I.Kom	Jalan M.H Thamrin No. 62\nBanjarbaru, BT 46890	+62 (326) 015 7811	2026-01-02	42500000.00	Customer Purchase
602	2025-09-28	5	Laptop Lenovo	8500000.00	9	76500000.00	1561	Siti Wahyuni	Jalan Rawamangun No. 887\nSamarinda, Sumatera Utara 47664	(041) 780-4876	2025-09-28	76500000.00	Store Sale
603	2025-11-01	5	Laptop Lenovo	8500000.00	9	76500000.00	76	Silvia Hutasoit	NULL	+62-058-785-2227	2025-11-01	76500000.00	Customer Purchase
605	2026-01-02	5	Laptop Lenovo	8500000.00	4	34000000.00	1933	Hasna Prasetyo	Gg. Tubagus Ismail No. 43\nMalang, NB 45880	+62 (0908) 421 8434	2026-01-02	34000000.00	Store Sale
612	2025-07-14	5	Laptop Lenovo	8500000.00	3	25500000.00	509	Balamantri Wibisono	NULL	+62-019-972-4019	2025-07-14	25500000.00	Product Sale
614	2026-01-24	5	Laptop Lenovo	8500000.00	5	42500000.00	954	Belinda Salahudin	Gang Yos Sudarso No. 5\nSabang, Aceh 20634	+62 (048) 299 9185	2026-01-24	42500000.00	Store Sale
617	2025-09-19	5	Laptop Lenovo	8500000.00	10	85000000.00	228	Gasti Suwarno	Gg. Pasirkoja No. 4\nBekasi, MU 22416	0860238662	2025-09-19	85000000.00	Online Transaction
631	2025-10-18	5	Laptop Lenovo	8500000.00	4	34000000.00	1141	Hj. Amalia Pangestu, S.Kom	NULL	+62 (376) 336 8097	2025-10-18	34000000.00	Online Transaction
641	2026-03-21	5	Laptop Lenovo	8500000.00	10	85000000.00	137	Zulfa Habibi	Gg. Setiabudhi No. 85\nBatam, Sulawesi Tengah 06592	+62 (496) 557 7819	2026-03-21	85000000.00	Store Sale
645	2025-09-12	5	Laptop Lenovo	8500000.00	6	51000000.00	1686	R. Puti Sinaga	Jalan Kapten Muslihat No. 20\nKediri, DI Yogyakarta 47073	0862691348	2025-09-12	51000000.00	Customer Purchase
653	2025-09-29	5	Laptop Lenovo	8500000.00	1	8500000.00	565	Ellis Nashiruddin	Gg. Tebet Barat Dalam No. 13\nPadangpanjang, GO 82772	+62 (817) 642-9517	2025-09-29	8500000.00	Customer Purchase
661	2026-06-12	5	Laptop Lenovo	8500000.00	7	59500000.00	1055	Kamidin Prabowo	Jalan Cihampelas No. 42\nPadang Sidempuan, Maluku Utara 41483	+62 (001) 753 0137	2026-06-12	59500000.00	Store Sale
668	2025-08-14	5	Laptop Lenovo	8500000.00	1	8500000.00	1190	Samiah Siregar	Gg. Moch. Ramdan No. 1\nBalikpapan, JA 25291	0880029248	2025-08-14	8500000.00	Customer Purchase
692	2025-12-21	5	Laptop Lenovo	8500000.00	8	68000000.00	633	Talia Firgantoro	Jl. Raya Setiabudhi No. 276\nMeulaboh, Jawa Timur 80706	+62-34-327-3546	2025-12-21	68000000.00	Customer Purchase
696	2025-12-10	5	Laptop Lenovo	8500000.00	2	17000000.00	679	R.M. Timbul Situmorang	NULL	(088) 455 0899	2025-12-10	17000000.00	Customer Purchase
698	2025-11-20	5	Laptop Lenovo	8500000.00	3	25500000.00	1508	Tirtayasa Usamah, M.M.	Jalan KH Amin Jasuta No. 6\nPayakumbuh, SS 60137	081 374 8206	2025-11-20	25500000.00	Customer Purchase
706	2025-12-05	5	Laptop Lenovo	8500000.00	8	68000000.00	1100	Gasti Dongoran	Gg. Setiabudhi No. 48\nTegal, LA 18235	089 720 9468	2025-12-05	68000000.00	Online Transaction
707	2026-02-09	5	Laptop Lenovo	8500000.00	2	17000000.00	53	Purwanto Utama	Jalan Jakarta No. 23\nPadangpanjang, BT 02526	+62 (0714) 686-3784	2026-02-09	17000000.00	Store Sale
725	2025-11-18	5	Laptop Lenovo	8500000.00	3	25500000.00	1369	Okto Saragih	Jalan Sukabumi No. 85\nBinjai, JA 61246	(047) 823 6480	2025-11-18	25500000.00	Store Sale
726	2026-05-27	5	Laptop Lenovo	8500000.00	1	8500000.00	1505	Sabrina Natsir	Gg. Dipenogoro No. 77\nBanjar, LA 79422	+62 (08) 518-8480	2026-05-27	8500000.00	Product Sale
736	2026-02-14	5	Laptop Lenovo	8500000.00	6	51000000.00	43	Nalar Laksita, S.Pt	Gg. Merdeka No. 28\nBukittinggi, DKI Jakarta 10292	+62-018-259-5101	2026-02-14	51000000.00	Customer Purchase
741	2026-03-27	5	Laptop Lenovo	8500000.00	9	76500000.00	1294	Jail Winarno, M.Ak	Gang Cihampelas No. 390\nBanjar, DKI Jakarta 26677	(098) 546-2711	2026-03-27	76500000.00	Product Sale
743	2025-09-15	5	Laptop Lenovo	8500000.00	6	51000000.00	1507	Martaka Wastuti	Gg. Yos Sudarso No. 5\nLubuklinggau, DKI Jakarta 10861	+62 (454) 326 4187	2025-09-15	51000000.00	Store Sale
748	2025-08-12	5	Laptop Lenovo	8500000.00	7	59500000.00	413	Ayu Habibi	NULL	+62-563-623-0838	2025-08-12	59500000.00	Customer Purchase
758	2026-06-16	5	Laptop Lenovo	8500000.00	7	59500000.00	1447	R. Candra Yulianti	Gg. Gedebage Selatan No. 6\nTual, SR 34323	(016) 832-2944	2026-06-16	59500000.00	Customer Purchase
761	2026-06-18	5	Laptop Lenovo	8500000.00	3	25500000.00	1665	Najam Wijayanti, M.M.	Jalan Kapten Muslihat No. 2\nTual, Jambi 01452	+62-214-902-5110	2026-06-18	25500000.00	Store Sale
771	2026-02-01	5	Laptop Lenovo	8500000.00	10	85000000.00	353	Gaduh Haryanto	Gang HOS. Cokroaminoto No. 180\nSalatiga, Gorontalo 62126	+62 (0107) 480-9871	2026-02-01	85000000.00	Customer Purchase
773	2026-06-23	5	Laptop Lenovo	8500000.00	5	42500000.00	1823	Garda Sirait	NULL	+62 (301) 961-6939	2026-06-23	42500000.00	Store Sale
775	2026-04-16	5	Laptop Lenovo	8500000.00	2	17000000.00	957	Ika Narpati, M.Farm	Gang Kiaracondong No. 950\nCirebon, Maluku 63958	+62-99-913-7037	2026-04-16	17000000.00	Customer Purchase
779	2025-10-23	5	Laptop Lenovo	8500000.00	1	8500000.00	533	Dt. Edward Iswahyudi, M.Ak	Jalan Kendalsari No. 303\nTangerang, Kepulauan Bangka Belitung 24684	(080) 891-1967	2025-10-23	8500000.00	Product Sale
785	2026-06-05	5	Laptop Lenovo	8500000.00	8	68000000.00	336	Damu Nashiruddin	Gg. PHH. Mustofa No. 65\nCimahi, Gorontalo 39727	+62 (139) 514-2760	2026-06-05	68000000.00	Online Transaction
789	2025-08-25	5	Laptop Lenovo	8500000.00	4	34000000.00	48	Alika Hutapea	Gg. Gardujati No. 4\nBitung, Maluku Utara 30186	(020) 909-8707	2025-08-25	34000000.00	Store Sale
790	2026-03-16	5	Laptop Lenovo	8500000.00	9	76500000.00	116	Tira Palastri, S.Sos	Jl. Laswi No. 700\nKota Administrasi Jakarta Utara, LA 68504	(039) 778-6028	2026-03-16	76500000.00	Store Sale
791	2026-05-31	5	Laptop Lenovo	8500000.00	5	42500000.00	1543	Jail Napitupulu	Gg. BKR No. 9\nKupang, Sulawesi Selatan 99137	+62 (993) 794-6627	2026-05-31	42500000.00	Customer Purchase
792	2025-12-26	5	Laptop Lenovo	8500000.00	6	51000000.00	1032	Vicky Yolanda	Jalan W.R. Supratman No. 731\nSukabumi, KB 11425	+62-0897-044-7505	2025-12-26	51000000.00	Online Transaction
808	2025-08-12	5	Laptop Lenovo	8500000.00	2	17000000.00	523	Usman Andriani	NULL	+62-0921-463-3461	2025-08-12	17000000.00	Store Sale
826	2026-04-02	5	Laptop Lenovo	8500000.00	3	25500000.00	147	Vera Sitorus	Gang Jakarta No. 58\nMetro, MA 06382	+62 (480) 403 3536	2026-04-02	25500000.00	Customer Purchase
827	2025-10-27	5	Laptop Lenovo	8500000.00	10	85000000.00	715	Ira Ardianto, S.E.I	Gg. Sukabumi No. 6\nSemarang, NB 21892	(088) 929 5758	2025-10-27	85000000.00	Online Transaction
838	2026-03-07	5	Laptop Lenovo	8500000.00	3	25500000.00	1419	Tgk. Novi Saefullah, M.Kom.	Jl. Gegerkalong Hilir No. 953\nPalangkaraya, SR 91647	(040) 432-7170	2026-03-07	25500000.00	Customer Purchase
855	2026-01-17	5	Laptop Lenovo	8500000.00	6	51000000.00	1099	Sutan Lukita Usamah, S.T.	NULL	085 518 6215	2026-01-17	51000000.00	Online Transaction
858	2025-11-12	5	Laptop Lenovo	8500000.00	4	34000000.00	72	Ami Lazuardi	Jl. Pasteur No. 8\nSerang, SS 84619	+62-536-922-2211	2025-11-12	34000000.00	Product Sale
861	2026-05-03	5	Laptop Lenovo	8500000.00	9	76500000.00	1659	Hartana Haryanti	Gg. Setiabudhi No. 665\nSalatiga, SU 28592	+62 (082) 502 4414	2026-05-03	76500000.00	Online Transaction
863	2026-04-23	5	Laptop Lenovo	8500000.00	1	8500000.00	1029	Gaman Anggraini, S.Pt	Gang Joyoboyo No. 1\nKota Administrasi Jakarta Timur, Maluku Utara 58485	+62 (51) 176-7793	2026-04-23	8500000.00	Product Sale
868	2026-07-02	5	Laptop Lenovo	8500000.00	5	42500000.00	1140	Saiful Hidayat	Gang Dipatiukur No. 185\nSurakarta, AC 96418	+62-87-430-1477	2026-07-02	42500000.00	Online Transaction
871	2026-03-02	5	Laptop Lenovo	8500000.00	8	68000000.00	1757	Azalea Sirait	Gang Sukabumi No. 4\nTangerang Selatan, Kepulauan Riau 21697	+62-219-961-6720	2026-03-02	68000000.00	Online Transaction
877	2026-01-10	5	Laptop Lenovo	8500000.00	1	8500000.00	1462	Mursinin Firmansyah, S.Pt	Gang Dipatiukur No. 42\nBanjarmasin, Lampung 54494	0894788637	2026-01-10	8500000.00	Customer Purchase
882	2026-02-24	5	Laptop Lenovo	8500000.00	4	34000000.00	41	Dewi Pangestu	Gang Pacuan Kuda No. 58\nTual, RI 81051	+62 (0484) 286 7416	2026-02-24	34000000.00	Product Sale
889	2025-12-16	5	Laptop Lenovo	8500000.00	3	25500000.00	1086	Ir. Baktiadi Siregar, S.Sos	Gg. Cihampelas No. 6\nCilegon, AC 32752	+62 (014) 100 1890	2025-12-16	25500000.00	Online Transaction
890	2026-06-01	5	Laptop Lenovo	8500000.00	3	25500000.00	46	R. Usman Saragih	Jalan Peta No. 92\nLangsa, SU 58853	0880600802	2026-06-01	25500000.00	Customer Purchase
891	2025-11-11	5	Laptop Lenovo	8500000.00	8	68000000.00	1116	Tira Palastri, S.Sos	Jl. Laswi No. 700\nKota Administrasi Jakarta Utara, LA 68504	(039) 778-6028	2025-11-11	68000000.00	Product Sale
894	2026-06-18	5	Laptop Lenovo	8500000.00	7	59500000.00	1434	Karimah Prastuti	Jl. KH Amin Jasuta No. 47\nCilegon, KS 97374	(0104) 489-0566	2026-06-18	59500000.00	Product Sale
900	2025-07-11	5	Laptop Lenovo	8500000.00	2	17000000.00	1087	Dalima Yuliarti	Gg. R.E Martadinata No. 5\nTegal, Sulawesi Tenggara 61896	+62 (0619) 615-4492	2025-07-11	17000000.00	Online Transaction
902	2025-09-28	5	Laptop Lenovo	8500000.00	4	34000000.00	310	Dr. Marsudi Halimah, S.I.Kom	Jl. Gardujati No. 52\nMalang, Riau 31527	+62 (0732) 564-2337	2025-09-28	34000000.00	Customer Purchase
914	2026-05-04	5	Laptop Lenovo	8500000.00	7	59500000.00	549	Emil Andriani	Gang Tebet Barat Dalam No. 3\nKota Administrasi Jakarta Pusat, Jambi 73543	+62 (0713) 673 4973	2026-05-04	59500000.00	Customer Purchase
915	2026-02-18	5	Laptop Lenovo	8500000.00	7	59500000.00	462	Mursinin Firmansyah, S.Pt	Gang Dipatiukur No. 42\nBanjarmasin, Lampung 54494	0894788637	2026-02-18	59500000.00	Product Sale
916	2025-08-21	5	Laptop Lenovo	8500000.00	3	25500000.00	1483	Dr. Elvina Rahmawati, S.T.	Gang Monginsidi No. 08\nPematangsiantar, KI 14122	+62 (0099) 244 0496	2025-08-21	25500000.00	Customer Purchase
917	2026-07-02	5	Laptop Lenovo	8500000.00	6	51000000.00	139	Eli Widodo	Jalan Antapani Lama No. 2\nTernate, RI 04526	+62-036-713-3899	2026-07-02	51000000.00	Online Transaction
926	2025-10-09	5	Laptop Lenovo	8500000.00	5	42500000.00	1463	Hasna Firgantoro	Gang Rajawali Barat No. 258\nPangkalpinang, Jawa Timur 02296	+62 (18) 213-1551	2025-10-09	42500000.00	Online Transaction
929	2026-01-31	5	Laptop Lenovo	8500000.00	10	85000000.00	312	Pia Wibowo	Jalan Ahmad Yani No. 21\nBandar Lampung, Sulawesi Tenggara 96226	+62 (195) 799-0405	2026-01-31	85000000.00	Online Transaction
930	2026-02-03	5	Laptop Lenovo	8500000.00	2	17000000.00	795	Tgk. Cayadi Manullang	Jalan Yos Sudarso No. 86\nPontianak, Jawa Timur 16465	(0863) 485 6782	2026-02-03	17000000.00	Customer Purchase
941	2026-02-28	5	Laptop Lenovo	8500000.00	8	68000000.00	720	Drs. Kayla Pratama, S.Psi	Gang Tubagus Ismail No. 879\nKendari, Kalimantan Barat 46470	087 528 4828	2026-02-28	68000000.00	Store Sale
949	2025-12-30	5	Laptop Lenovo	8500000.00	5	42500000.00	1257	Jelita Melani	Gang Pacuan Kuda No. 535\nTernate, Nusa Tenggara Barat 94843	+62 (0861) 480 3094	2025-12-30	42500000.00	Store Sale
957	2026-07-08	5	Laptop Lenovo	8500000.00	7	59500000.00	918	Tgk. Jail Nuraini, S.I.Kom	Jl. Rajawali Timur No. 753\nCirebon, DI Yogyakarta 98079	+62 (32) 408 7639	2026-07-08	59500000.00	Store Sale
963	2025-12-12	5	Laptop Lenovo	8500000.00	10	85000000.00	1259	Rahayu Uyainah	Jalan Dr. Djunjunan No. 7\nMataram, DKI Jakarta 65309	+62-076-218-8703	2025-12-12	85000000.00	Customer Purchase
972	2025-11-05	5	Laptop Lenovo	8500000.00	5	42500000.00	1985	Ciaobella Zulaika, S.Pd	Gg. Yos Sudarso No. 377\nMetro, LA 67031	+62 (88) 444 6958	2025-11-05	42500000.00	Customer Purchase
984	2025-09-22	5	Laptop Lenovo	8500000.00	9	76500000.00	7	R. Eman Mayasari, S.Sos	Jalan Pacuan Kuda No. 055\nMojokerto, Kalimantan Barat 98368	(051) 173-9932	2025-09-22	76500000.00	Online Transaction
992	2025-07-27	5	Laptop Lenovo	8500000.00	9	76500000.00	1801	Paiman Nababan	Jl. Merdeka No. 93\nKota Administrasi Jakarta Utara, SG 20392	+62-029-657-6789	2025-07-27	76500000.00	Online Transaction
999	2025-12-27	5	Laptop Lenovo	8500000.00	2	17000000.00	173	Sutan Prabu Prayoga	Jl. K.H. Wahid Hasyim No. 56\nMalang, Lampung 01824	(028) 962-5474	2025-12-27	17000000.00	Online Transaction
1000	2025-10-05	5	Laptop Lenovo	8500000.00	9	76500000.00	705	Jail Nasyiah, S.IP	Gg. Monginsidi No. 46\nCirebon, YO 22071	+62 (0010) 863-9985	2025-10-05	76500000.00	Store Sale
1007	2025-07-26	5	Laptop Lenovo	8500000.00	9	76500000.00	1669	Devi Mangunsong	NULL	+62 (023) 934 3836	2025-07-26	76500000.00	Customer Purchase
1018	2025-12-24	5	Laptop Lenovo	8500000.00	6	51000000.00	1818	R. Cemani Budiyanto	Jl. Stasiun Wonokromo No. 8\nBekasi, Jambi 91787	+62-034-721-8150	2025-12-24	51000000.00	Customer Purchase
1022	2026-04-12	5	Laptop Lenovo	8500000.00	10	85000000.00	196	Icha Zulkarnain, M.TI.	Gg. Tubagus Ismail No. 2\nKendari, DKI Jakarta 56682	+62 (0551) 151-6622	2026-04-12	85000000.00	Product Sale
1028	2025-10-19	5	Laptop Lenovo	8500000.00	10	85000000.00	998	Dr. Rusman Tarihoran	Gg. Cihampelas No. 287\nAmbon, Maluku 02718	+62-99-115-0523	2025-10-19	85000000.00	Customer Purchase
1041	2025-11-12	5	Laptop Lenovo	8500000.00	4	34000000.00	1631	Bakidin Aryani	Jl. W.R. Supratman No. 5\nManado, ST 17598	+62 (96) 591-8196	2025-11-12	34000000.00	Online Transaction
1043	2025-08-19	5	Laptop Lenovo	8500000.00	8	68000000.00	331	Eva Hidayanto	Jl. Sukajadi No. 59\nSukabumi, Sulawesi Tenggara 41357	+62 (049) 816 7123	2025-08-19	68000000.00	Online Transaction
1049	2025-07-26	5	Laptop Lenovo	8500000.00	10	85000000.00	612	H. Mursinin Mansur	Gg. Ir. H. Djuanda No. 7\nLubuklinggau, BB 91673	+62-013-579-0630	2025-07-26	85000000.00	Customer Purchase
1053	2026-06-05	5	Laptop Lenovo	8500000.00	10	85000000.00	1276	Gatot Thamrin	Jl. Jend. A. Yani No. 532\nSurabaya, Jawa Tengah 59080	+62 (77) 476 0804	2026-06-05	85000000.00	Customer Purchase
1055	2025-10-31	5	Laptop Lenovo	8500000.00	1	8500000.00	387	Hilda Wibowo	Jl. M.H Thamrin No. 30\nBatam, Papua 16285	+62-62-307-3718	2025-10-31	8500000.00	Customer Purchase
1056	2025-08-12	5	Laptop Lenovo	8500000.00	7	59500000.00	1326	R. Artanto Usamah	Jalan Soekarno Hatta No. 71\nMakassar, JA 43668	+62 (0884) 073 5627	2025-08-12	59500000.00	Online Transaction
1059	2026-02-15	5	Laptop Lenovo	8500000.00	8	68000000.00	911	Heryanto Nasyidah	Jalan Ahmad Dahlan No. 8\nSerang, NB 17362	+62 (010) 481-5982	2026-02-15	68000000.00	Customer Purchase
1067	2026-02-18	5	Laptop Lenovo	8500000.00	9	76500000.00	1197	KH. Kenari Gunawan, S.E.	Jalan M.H Thamrin No. 504\nTangerang Selatan, PA 51146	+62 (107) 685 7780	2026-02-18	76500000.00	Product Sale
1073	2026-02-15	5	Laptop Lenovo	8500000.00	1	8500000.00	1071	R. Michelle Lailasari, S.E.	Gang Gardujati No. 10\nPalembang, Lampung 44149	+62 (207) 583 6836	2026-02-15	8500000.00	Customer Purchase
1080	2026-04-10	5	Laptop Lenovo	8500000.00	5	42500000.00	415	Yani Dabukke, S.E.I	Gg. Indragiri No. 585\nLubuklinggau, Sulawesi Barat 53707	+62 (013) 696-6150	2026-04-10	42500000.00	Customer Purchase
1087	2025-12-16	5	Laptop Lenovo	8500000.00	7	59500000.00	1436	Gabriella Uyainah, S.Pd	Gang Sukajadi No. 2\nPangkalpinang, Kepulauan Riau 70652	+62-0244-419-9810	2025-12-16	59500000.00	Customer Purchase
1090	2026-02-17	5	Laptop Lenovo	8500000.00	1	8500000.00	1251	Bagiya Megantara	Jl. Cihampelas No. 53\nSawahlunto, Kalimantan Selatan 37528	+62 (42) 514 3974	2026-02-17	8500000.00	Customer Purchase
1093	2025-12-27	5	Laptop Lenovo	8500000.00	10	85000000.00	966	Bahuraksa Purwanti	Jl. Waringin No. 388\nTanjungbalai, KR 32851	(0329) 650 4769	2025-12-27	85000000.00	Store Sale
1097	2025-08-13	5	Laptop Lenovo	8500000.00	10	85000000.00	1647	Dr. Chelsea Zulkarnain, S.Farm	Gang Rawamangun No. 60\nBogor, KU 32684	(0524) 800 7207	2025-08-13	85000000.00	Product Sale
1098	2026-01-23	5	Laptop Lenovo	8500000.00	6	51000000.00	1829	Baktiono Mandala	Gang Jayawijaya No. 638\nTomohon, Banten 17168	+62 (69) 755-9912	2026-01-23	51000000.00	Store Sale
1114	2026-03-31	5	Laptop Lenovo	8500000.00	4	34000000.00	524	Harsanto Samosir	Gg. PHH. Mustofa No. 86\nTanjungpinang, Nusa Tenggara Timur 22557	(020) 231 5513	2026-03-31	34000000.00	Store Sale
1129	2026-01-01	5	Laptop Lenovo	8500000.00	1	8500000.00	225	Wani Januar	Gg. Cikutra Barat No. 4\nDepok, RI 45425	+62-362-951-9667	2026-01-01	8500000.00	Customer Purchase
1134	2026-01-18	5	Laptop Lenovo	8500000.00	6	51000000.00	1488	Gilda Hariyah	Jalan KH Amin Jasuta No. 0\nLubuklinggau, SN 59867	+62 (0450) 260 4319	2026-01-18	51000000.00	Customer Purchase
1144	2025-08-15	5	Laptop Lenovo	8500000.00	3	25500000.00	981	Cut Zahra Sinaga	Gang Waringin No. 27\nProbolinggo, Sulawesi Utara 02426	+62 (614) 519-1537	2025-08-15	25500000.00	Product Sale
1162	2026-02-17	5	Laptop Lenovo	8500000.00	8	68000000.00	46	R. Usman Saragih	Jalan Peta No. 92\nLangsa, SU 58853	0880600802	2026-02-17	68000000.00	Store Sale
1165	2026-03-04	5	Laptop Lenovo	8500000.00	6	51000000.00	436	Gabriella Uyainah, S.Pd	Gang Sukajadi No. 2\nPangkalpinang, Kepulauan Riau 70652	+62-0244-419-9810	2026-03-04	51000000.00	Customer Purchase
1172	2025-12-26	5	Laptop Lenovo	8500000.00	5	42500000.00	1363	Mutia Sudiati, M.M.	Gg. Setiabudhi No. 270\nTanjungbalai, LA 80708	+62-065-754-6167	2025-12-26	42500000.00	Online Transaction
1182	2025-12-02	5	Laptop Lenovo	8500000.00	10	85000000.00	957	Ika Narpati, M.Farm	Gang Kiaracondong No. 950\nCirebon, Maluku 63958	+62-99-913-7037	2025-12-02	85000000.00	Customer Purchase
1197	2025-08-05	5	Laptop Lenovo	8500000.00	9	76500000.00	925	R. Queen Prakasa	Jl. Moch. Ramdan No. 12\nBanjarbaru, BE 64951	+62-533-954-5542	2025-08-05	76500000.00	Online Transaction
1202	2026-05-17	5	Laptop Lenovo	8500000.00	1	8500000.00	1975	dr. Lili Prastuti	Gang Jend. Sudirman No. 2\nKota Administrasi Jakarta Timur, PA 62515	+62-381-836-3788	2026-05-17	8500000.00	Online Transaction
1203	2026-06-29	5	Laptop Lenovo	8500000.00	7	59500000.00	635	Martaka Wastuti	Jalan Waringin No. 881\nPadangpanjang, AC 16646	+62 (476) 191 6515	2026-06-29	59500000.00	Online Transaction
1205	2026-07-06	5	Laptop Lenovo	8500000.00	6	51000000.00	706	Bella Prasetya	Gg. Gardujati No. 1\nSungai Penuh, Sulawesi Selatan 58734	+62-0419-351-1998	2026-07-06	51000000.00	Store Sale
1218	2026-02-26	5	Laptop Lenovo	8500000.00	1	8500000.00	1953	Tirtayasa Suartini	Jalan KH Amin Jasuta No. 447\nCimahi, SN 00438	+62-481-680-0591	2026-02-26	8500000.00	Product Sale
1224	2026-04-21	5	Laptop Lenovo	8500000.00	8	68000000.00	6	Aditya Utami	Jalan Siliwangi No. 1\nBau-Bau, SB 53322	+62 (0281) 802-0729	2026-04-21	68000000.00	Product Sale
1231	2026-04-10	5	Laptop Lenovo	8500000.00	2	17000000.00	1074	Raina Pertiwi, M.M.	Gang Tubagus Ismail No. 86\nBima, SS 80257	+62-060-932-8291	2026-04-10	17000000.00	Product Sale
1234	2026-05-15	5	Laptop Lenovo	8500000.00	3	25500000.00	166	Jarwa Padmasari	Gang Rajawali Barat No. 2\nPekalongan, Nusa Tenggara Barat 76315	0856982890	2026-05-15	25500000.00	Online Transaction
1244	2025-11-09	5	Laptop Lenovo	8500000.00	5	42500000.00	1617	Tgk. Lintang Puspasari	Jl. Cikutra Barat No. 087\nSawahlunto, MU 84715	+62 (92) 666 3619	2025-11-09	42500000.00	Store Sale
1250	2025-09-09	5	Laptop Lenovo	8500000.00	7	59500000.00	473	Cinta Usamah	NULL	+62-047-826-0814	2025-09-09	59500000.00	Store Sale
1251	2026-05-03	5	Laptop Lenovo	8500000.00	9	76500000.00	1695	Yessi Farida	Jalan Moch. Toha No. 296\nKendari, Kalimantan Timur 66002	+62-69-800-9123	2026-05-03	76500000.00	Product Sale
1253	2025-07-15	5	Laptop Lenovo	8500000.00	9	76500000.00	841	Cakrajiya Mustofa, S.IP	Jalan M.T Haryono No. 929\nBanjarbaru, Papua 51366	(006) 630-9700	2025-07-15	76500000.00	Store Sale
1261	2025-08-30	5	Laptop Lenovo	8500000.00	8	68000000.00	996	Humaira Marpaung, S.Kom	Gg. Kendalsari No. 054\nDenpasar, SB 66170	+62-0195-910-9530	2025-08-30	68000000.00	Product Sale
1262	2025-08-30	5	Laptop Lenovo	8500000.00	9	76500000.00	1430	Cengkal Farida	Jl. Abdul Muis No. 066\nBukittinggi, PA 51106	+62 (652) 209 4581	2025-08-30	76500000.00	Store Sale
1267	2025-11-29	5	Laptop Lenovo	8500000.00	10	85000000.00	686	R. Puti Sinaga	Jalan Kapten Muslihat No. 20\nKediri, DI Yogyakarta 47073	0862691348	2025-11-29	85000000.00	Product Sale
1288	2026-07-08	5	Laptop Lenovo	8500000.00	3	25500000.00	15	Bakti Susanti	Jl. Pasir Koja No. 0\nBukittinggi, JB 32994	084 036 6967	2026-07-08	25500000.00	Store Sale
1291	2026-05-03	5	Laptop Lenovo	8500000.00	3	25500000.00	1847	Julia Nashiruddin	Jl. Setiabudhi No. 5\nPangkalpinang, DKI Jakarta 65207	(0335) 583 6284	2026-05-03	25500000.00	Customer Purchase
1293	2025-09-04	5	Laptop Lenovo	8500000.00	1	8500000.00	1236	R. Gilda Damanik	Gg. Moch. Ramdan No. 2\nParepare, Bali 07713	+62 (312) 888-6657	2025-09-04	8500000.00	Store Sale
1303	2025-09-29	5	Laptop Lenovo	8500000.00	6	51000000.00	1798	Dt. Muni Santoso	Gang Ronggowarsito No. 2\nSingkawang, BT 12135	+62-0393-232-2114	2025-09-29	51000000.00	Online Transaction
1312	2025-08-16	5	Laptop Lenovo	8500000.00	5	42500000.00	1418	Jayadi Uyainah	Jalan Tebet Barat Dalam No. 13\nAmbon, Sulawesi Tengah 48303	+62 (069) 434-7466	2025-08-16	42500000.00	Product Sale
1325	2025-08-15	5	Laptop Lenovo	8500000.00	1	8500000.00	116	Tira Palastri, S.Sos	Jl. Laswi No. 700\nKota Administrasi Jakarta Utara, LA 68504	(039) 778-6028	2025-08-15	8500000.00	Store Sale
1331	2026-03-26	5	Laptop Lenovo	8500000.00	2	17000000.00	1696	Nadine Nasyidah	Jalan Kendalsari No. 533\nTasikmalaya, SU 88576	(0553) 483-7365	2026-03-26	17000000.00	Product Sale
1346	2025-08-11	5	Laptop Lenovo	8500000.00	2	17000000.00	692	Drs. Wira Habibi	Jl. Moch. Toha No. 4\nPadangpanjang, JI 19594	+62 (86) 717 0702	2025-08-11	17000000.00	Online Transaction
1350	2025-11-22	5	Laptop Lenovo	8500000.00	5	42500000.00	1713	R. Xanana Ramadan, S.Psi	Jl. Rajiman No. 7\nPematangsiantar, Bali 29365	+62 (188) 502-4190	2025-11-22	42500000.00	Store Sale
1352	2026-05-09	5	Laptop Lenovo	8500000.00	5	42500000.00	716	R. Bajragin Aryani, S.Kom	Jl. Cempaka No. 990\nBalikpapan, RI 05506	+62 (280) 029-8373	2026-05-09	42500000.00	Store Sale
1361	2026-02-18	5	Laptop Lenovo	8500000.00	4	34000000.00	1357	Ir. Ganjaran Manullang	Gang Laswi No. 65\nBau-Bau, Kalimantan Timur 19118	(055) 499 2418	2026-02-18	34000000.00	Customer Purchase
1372	2025-11-17	5	Laptop Lenovo	8500000.00	2	17000000.00	1021	Muni Melani	Gg. Ciumbuleuit No. 2\nBatu, Nusa Tenggara Timur 55343	0856152478	2025-11-17	17000000.00	Online Transaction
1381	2026-06-13	5	Laptop Lenovo	8500000.00	10	85000000.00	345	Martaka Puspasari	Jl. Ahmad Dahlan No. 505\nBatu, Bengkulu 51286	+62 (771) 758-0803	2026-06-13	85000000.00	Product Sale
1385	2025-12-05	5	Laptop Lenovo	8500000.00	1	8500000.00	303	Siska Agustina	Jalan Wonoayu No. 8\nBanda Aceh, DI Yogyakarta 24487	+62 (091) 302-3615	2025-12-05	8500000.00	Online Transaction
1387	2025-12-19	5	Laptop Lenovo	8500000.00	9	76500000.00	1845	Gamanto Mayasari	Gg. Rajawali Timur No. 526\nMedan, MU 65008	(0223) 923-0931	2025-12-19	76500000.00	Product Sale
1396	2025-10-09	5	Laptop Lenovo	8500000.00	1	8500000.00	425	R. Unjani Siregar	Gg. Setiabudhi No. 631\nPurwokerto, Papua Barat 25422	0854449235	2025-10-09	8500000.00	Online Transaction
1405	2026-06-02	5	Laptop Lenovo	8500000.00	7	59500000.00	1145	Tgk. Soleh Rajata, S.Pt	Gg. Suryakencana No. 8\nSamarinda, KR 41955	+62 (908) 014 9608	2026-06-02	59500000.00	Product Sale
1408	2025-08-12	5	Laptop Lenovo	8500000.00	3	25500000.00	355	Cornelia Prasetyo	Gg. Raya Ujungberung No. 840\nPekalongan, Sulawesi Utara 87687	+62 (104) 425 2406	2025-08-12	25500000.00	Online Transaction
1416	2025-08-18	5	Laptop Lenovo	8500000.00	3	25500000.00	1213	Elisa Mahendra	Jl. Cihampelas No. 79\nSabang, Sulawesi Selatan 34062	+62 (0350) 473-8488	2025-08-18	25500000.00	Product Sale
1417	2025-11-16	5	Laptop Lenovo	8500000.00	5	42500000.00	1534	Kunthara Suryatmi	Gg. Moch. Ramdan No. 991\nTernate, KS 21359	(0226) 071-6047	2025-11-16	42500000.00	Store Sale
1421	2026-04-29	5	Laptop Lenovo	8500000.00	5	42500000.00	266	Paris Novitasari	Gg. Laswi No. 558\nPariaman, Sulawesi Barat 80817	+62-0717-104-1769	2026-04-29	42500000.00	Product Sale
1422	2025-11-29	5	Laptop Lenovo	8500000.00	7	59500000.00	260	Nyoman Nurdiyanti	Jl. Kiaracondong No. 52\nSurakarta, PB 19304	(084) 657 3223	2025-11-29	59500000.00	Store Sale
1434	2025-08-27	5	Laptop Lenovo	8500000.00	9	76500000.00	599	Ida Najmudin	Gang Cikutra Timur No. 9\nSamarinda, Riau 05978	+62-0096-929-0409	2025-08-27	76500000.00	Online Transaction
1441	2026-07-02	5	Laptop Lenovo	8500000.00	5	42500000.00	1108	Hamima Rahmawati, S.Farm	Gang Cihampelas No. 934\nPasuruan, Nusa Tenggara Barat 63156	(0310) 278-1288	2026-07-02	42500000.00	Product Sale
1454	2025-12-19	5	Laptop Lenovo	8500000.00	3	25500000.00	422	R. Ira Prasetyo	Gg. HOS. Cokroaminoto No. 8\nTanjungpinang, Kalimantan Selatan 47829	+62 (0871) 567-8255	2025-12-19	25500000.00	Product Sale
1455	2025-08-01	5	Laptop Lenovo	8500000.00	2	17000000.00	1502	Tgk. Gaman Simbolon	NULL	+62 (04) 328-6218	2025-08-01	17000000.00	Customer Purchase
1460	2026-06-25	5	Laptop Lenovo	8500000.00	7	59500000.00	179	Karimah Prastuti	Gang Merdeka No. 858\nPalopo, BT 34400	+62-007-945-1697	2026-06-25	59500000.00	Product Sale
1463	2026-05-04	5	Laptop Lenovo	8500000.00	1	8500000.00	411	Daniswara Waluyo	Gg. H.J Maemunah No. 92\nSurabaya, Kepulauan Bangka Belitung 70409	+62-0755-562-1037	2026-05-04	8500000.00	Product Sale
1478	2025-12-08	5	Laptop Lenovo	8500000.00	10	85000000.00	1697	Dr. Agnes Habibi	Jalan Ahmad Yani No. 401\nBandung, KS 31865	+62 (072) 793-2281	2025-12-08	85000000.00	Customer Purchase
1482	2025-09-02	5	Laptop Lenovo	8500000.00	4	34000000.00	1588	Mulyanto Pradipta	Gg. Siliwangi No. 4\nPekanbaru, SB 28478	+62 (0124) 904 5725	2025-09-02	34000000.00	Store Sale
1483	2026-01-02	5	Laptop Lenovo	8500000.00	8	68000000.00	1194	Irnanto Yuniar, M.Farm	Gg. Sentot Alibasa No. 53\nBanjar, Maluku Utara 08990	+62-35-405-6835	2026-01-02	68000000.00	Customer Purchase
1492	2026-05-05	5	Laptop Lenovo	8500000.00	8	68000000.00	1546	Fitria Maheswara	Jalan Otto Iskandardinata No. 3\nKota Administrasi Jakarta Selatan, LA 91864	+62 (062) 330-9690	2026-05-05	68000000.00	Customer Purchase
1500	2026-03-27	5	Laptop Lenovo	8500000.00	6	51000000.00	119	Gilda Rajata, S.T.	NULL	+62 (560) 506-6805	2026-03-27	51000000.00	Customer Purchase
1504	2025-09-25	5	Laptop Lenovo	8500000.00	2	17000000.00	463	Hasna Firgantoro	Gang Rajawali Barat No. 258\nPangkalpinang, Jawa Timur 02296	+62 (18) 213-1551	2025-09-25	17000000.00	Online Transaction
1506	2025-10-23	5	Laptop Lenovo	8500000.00	7	59500000.00	667	Hendri Prayoga, M.M.	Gang Pasirkoja No. 311\nPayakumbuh, Jawa Tengah 74654	+62 (093) 444-0972	2025-10-23	59500000.00	Store Sale
1509	2026-05-07	5	Laptop Lenovo	8500000.00	2	17000000.00	1562	Purwanto Utama	Gang Tebet Barat Dalam No. 953\nTasikmalaya, Sumatera Utara 09970	+62 (0110) 858-2500	2026-05-07	17000000.00	Store Sale
1515	2026-03-31	5	Laptop Lenovo	8500000.00	7	59500000.00	798	Dt. Muni Santoso	Gang Ronggowarsito No. 2\nSingkawang, BT 12135	+62-0393-232-2114	2026-03-31	59500000.00	Online Transaction
1517	2026-05-24	5	Laptop Lenovo	8500000.00	1	8500000.00	513	Galuh Wahyuni	Gang Erlangga No. 47\nKupang, Lampung 87798	+62 (21) 969-8455	2026-05-24	8500000.00	Store Sale
1519	2025-08-20	5	Laptop Lenovo	8500000.00	8	68000000.00	936	Septi Gunawan	Gg. Rajiman No. 606\nDumai, Aceh 08442	+62-0525-521-7489	2025-08-20	68000000.00	Online Transaction
1521	2025-08-04	5	Laptop Lenovo	8500000.00	3	25500000.00	102	Dimas Laksmiwati	NULL	+62 (54) 049-3694	2025-08-04	25500000.00	Product Sale
1523	2025-12-11	5	Laptop Lenovo	8500000.00	10	85000000.00	1972	Yuni Januar	Jalan Setiabudhi No. 4\nPangkalpinang, KI 86811	+62 (310) 768-6129	2025-12-11	85000000.00	Online Transaction
1529	2026-04-14	5	Laptop Lenovo	8500000.00	4	34000000.00	611	Nadia Waluyo	Gg. Suniaraja No. 6\nTasikmalaya, Maluku 94574	+62 (0448) 245-5585	2026-04-14	34000000.00	Customer Purchase
1530	2025-12-14	5	Laptop Lenovo	8500000.00	10	85000000.00	1663	Hafshah Sitompul, S.E.	Gg. Kebonjati No. 935\nPangkalpinang, Kalimantan Timur 06073	+62 (021) 433 1812	2025-12-14	85000000.00	Product Sale
1544	2026-02-18	5	Laptop Lenovo	8500000.00	4	34000000.00	1997	Hana Megantara	Jl. Astana Anyar No. 492\nSemarang, BT 09828	+62 (0024) 486 4176	2026-02-18	34000000.00	Store Sale
1545	2026-05-12	5	Laptop Lenovo	8500000.00	6	51000000.00	1992	Cut Gawati Nasyiah	Gang Surapati No. 575\nMetro, SR 44874	+62-058-138-1762	2026-05-12	51000000.00	Store Sale
1547	2025-08-05	5	Laptop Lenovo	8500000.00	9	76500000.00	1533	Dt. Edward Iswahyudi, M.Ak	Jalan Kendalsari No. 303\nTangerang, Kepulauan Bangka Belitung 24684	(080) 891-1967	2025-08-05	76500000.00	Store Sale
1551	2026-04-20	5	Laptop Lenovo	8500000.00	10	85000000.00	1695	Yessi Farida	Jalan Moch. Toha No. 296\nKendari, Kalimantan Timur 66002	+62-69-800-9123	2026-04-20	85000000.00	Store Sale
1552	2026-05-05	5	Laptop Lenovo	8500000.00	7	59500000.00	1029	Gaman Anggraini, S.Pt	Gang Joyoboyo No. 1\nKota Administrasi Jakarta Timur, Maluku Utara 58485	+62 (51) 176-7793	2026-05-05	59500000.00	Customer Purchase
1553	2025-10-29	5	Laptop Lenovo	8500000.00	9	76500000.00	829	Baktiono Mandala	Gang Jayawijaya No. 638\nTomohon, Banten 17168	+62 (69) 755-9912	2025-10-29	76500000.00	Customer Purchase
1555	2025-08-06	5	Laptop Lenovo	8500000.00	10	85000000.00	794	Ibun Megantara	Gg. Raya Setiabudhi No. 3\nBandar Lampung, Jawa Barat 57014	+62-448-254-4601	2025-08-06	85000000.00	Store Sale
1563	2026-04-27	5	Laptop Lenovo	8500000.00	2	17000000.00	273	Laksana Winarsih, S.E.	Jalan Ir. H. Djuanda No. 92\nKota Administrasi Jakarta Selatan, Jambi 94123	+62 (036) 249-1247	2026-04-27	17000000.00	Online Transaction
1573	2026-04-24	5	Laptop Lenovo	8500000.00	9	76500000.00	1030	Genta Prasasta	Gang Tubagus Ismail No. 1\nTasikmalaya, NT 03025	+62-30-468-2355	2026-04-24	76500000.00	Store Sale
1582	2025-07-28	5	Laptop Lenovo	8500000.00	4	34000000.00	348	Ir. Ani Situmorang	Jl. Pasteur No. 6\nBitung, KR 16238	+62 (055) 838-7316	2025-07-28	34000000.00	Online Transaction
1583	2025-07-29	5	Laptop Lenovo	8500000.00	7	59500000.00	1470	Ir. Yunita Ramadan, S.E.	Gang Tubagus Ismail No. 572\nBima, Jawa Barat 15954	+62 (13) 744 3572	2025-07-29	59500000.00	Store Sale
1588	2025-10-07	5	Laptop Lenovo	8500000.00	2	17000000.00	275	Wardaya Wacana	Jalan Raya Setiabudhi No. 120\nBitung, Kalimantan Tengah 09524	+62 (015) 757-3018	2025-10-07	17000000.00	Customer Purchase
1589	2026-06-08	5	Laptop Lenovo	8500000.00	1	8500000.00	1513	Galuh Wahyuni	Gang Erlangga No. 47\nKupang, Lampung 87798	+62 (21) 969-8455	2026-06-08	8500000.00	Customer Purchase
1590	2025-07-11	5	Laptop Lenovo	8500000.00	3	25500000.00	326	R. Artanto Usamah	Jalan Soekarno Hatta No. 71\nMakassar, JA 43668	+62 (0884) 073 5627	2025-07-11	25500000.00	Online Transaction
1591	2026-01-30	5	Laptop Lenovo	8500000.00	6	51000000.00	602	Drs. Ulya Yolanda, S.Pt	Jl. KH Amin Jasuta No. 32\nSemarang, SS 58735	(067) 086-5751	2026-01-30	51000000.00	Customer Purchase
1592	2025-08-29	5	Laptop Lenovo	8500000.00	5	42500000.00	1925	R. Queen Prakasa	Jl. Moch. Ramdan No. 12\nBanjarbaru, BE 64951	+62-533-954-5542	2025-08-29	42500000.00	Store Sale
1593	2026-04-01	5	Laptop Lenovo	8500000.00	9	76500000.00	1010	Farah Budiman	Gg. Suniaraja No. 03\nPasuruan, Jawa Tengah 49852	+62 (0011) 838-8680	2026-04-01	76500000.00	Customer Purchase
1597	2026-04-14	5	Laptop Lenovo	8500000.00	2	17000000.00	842	Nadia Putra, M.TI.	Jl. Rajiman No. 44\nBanjarbaru, SG 40650	0840649824	2026-04-14	17000000.00	Customer Purchase
1601	2025-09-02	5	Laptop Lenovo	8500000.00	10	85000000.00	771	Irnanto Wijaya	Gg. Rajiman No. 925\nPadang Sidempuan, DI Yogyakarta 66931	+62-0543-988-1942	2025-09-02	85000000.00	Online Transaction
1602	2025-08-16	5	Laptop Lenovo	8500000.00	10	85000000.00	1030	Genta Prasasta	Gang Tubagus Ismail No. 1\nTasikmalaya, NT 03025	+62-30-468-2355	2025-08-16	85000000.00	Product Sale
1603	2025-12-07	5	Laptop Lenovo	8500000.00	6	51000000.00	139	Eli Widodo	Jalan Antapani Lama No. 2\nTernate, RI 04526	+62-036-713-3899	2025-12-07	51000000.00	Customer Purchase
1604	2026-01-17	5	Laptop Lenovo	8500000.00	2	17000000.00	1125	Puti Rini Hasanah, S.Farm	Gg. Antapani Lama No. 608\nGorontalo, Sulawesi Tengah 12890	+62 (526) 436-4808	2026-01-17	17000000.00	Customer Purchase
1605	2026-03-17	5	Laptop Lenovo	8500000.00	7	59500000.00	1878	Tami Sitorus	Gg. W.R. Supratman No. 27\nBengkulu, BB 78986	+62 (0720) 773 9010	2026-03-17	59500000.00	Store Sale
1607	2026-02-27	5	Laptop Lenovo	8500000.00	4	34000000.00	1073	Cut Winda Hastuti, S.IP	Jl. Cikutra Barat No. 37\nKota Administrasi Jakarta Barat, Sumatera Selatan 72778	+62 (0554) 246 2119	2026-02-27	34000000.00	Store Sale
1615	2026-04-20	5	Laptop Lenovo	8500000.00	2	17000000.00	1468	Dt. Karman Suartini	Jalan Dipenogoro No. 8\nMeulaboh, Maluku Utara 29252	+62-412-341-0886	2026-04-20	17000000.00	Online Transaction
1632	2026-04-21	5	Laptop Lenovo	8500000.00	1	8500000.00	651	Olga Laksita	Jalan Kapten Muslihat No. 27\nTanjungpinang, Banten 36498	+62 (090) 289-1266	2026-04-21	8500000.00	Store Sale
1633	2026-05-15	5	Laptop Lenovo	8500000.00	2	17000000.00	1537	Dr. Jatmiko Nasyiah, S.IP	Jalan Sukajadi No. 48\nTidore Kepulauan, BA 65656	(0908) 006 2693	2026-05-15	17000000.00	Online Transaction
1638	2025-12-09	5	Laptop Lenovo	8500000.00	5	42500000.00	630	Cindy Sirait	Jalan Kapten Muslihat No. 98\nSerang, SS 58698	+62-385-423-3536	2025-12-09	42500000.00	Customer Purchase
1643	2026-02-09	5	Laptop Lenovo	8500000.00	3	25500000.00	1689	Taufik Mustofa	Jalan Ciumbuleuit No. 9\nBanjarbaru, SS 93677	(056) 097 8693	2026-02-09	25500000.00	Product Sale
1647	2026-04-08	5	Laptop Lenovo	8500000.00	1	8500000.00	1624	Oni Safitri, S.Pd	NULL	0877268353	2026-04-08	8500000.00	Product Sale
1656	2025-12-12	5	Laptop Lenovo	8500000.00	1	8500000.00	1578	Dt. Dimaz Sihombing	Gang Lembong No. 1\nBontang, Kalimantan Tengah 26548	+62-584-025-3770	2025-12-12	8500000.00	Store Sale
1658	2025-11-25	5	Laptop Lenovo	8500000.00	10	85000000.00	543	Jail Napitupulu	Gg. BKR No. 9\nKupang, Sulawesi Selatan 99137	+62 (993) 794-6627	2025-11-25	85000000.00	Store Sale
1664	2026-03-30	5	Laptop Lenovo	8500000.00	9	76500000.00	1760	Eva Pratama	Jalan Pasirkoja No. 528\nTomohon, MA 80010	+62 (086) 635 1324	2026-03-30	76500000.00	Online Transaction
1670	2025-11-19	5	Laptop Lenovo	8500000.00	3	25500000.00	389	Ir. Halim Laksmiwati	Gg. Kendalsari No. 48\nKotamobagu, MA 56464	+62-004-675-8017	2025-11-19	25500000.00	Store Sale
1671	2025-08-25	5	Laptop Lenovo	8500000.00	3	25500000.00	733	Jessica Susanti	Gg. W.R. Supratman No. 003\nCirebon, KS 72191	(094) 948-1486	2025-08-25	25500000.00	Customer Purchase
1676	2026-05-20	5	Laptop Lenovo	8500000.00	10	85000000.00	565	Ellis Nashiruddin	Gg. Tebet Barat Dalam No. 13\nPadangpanjang, GO 82772	+62 (817) 642-9517	2026-05-20	85000000.00	Online Transaction
1678	2026-01-03	5	Laptop Lenovo	8500000.00	1	8500000.00	520	Asmianto Siregar	Jl. Rajawali Barat No. 112\nSorong, KI 12580	+62 (62) 985 6531	2026-01-03	8500000.00	Store Sale
1684	2026-02-24	5	Laptop Lenovo	8500000.00	9	76500000.00	1593	Xanana Oktaviani, S.Pt	Gg. Rajiman No. 721\nPalu, Maluku 23365	(0734) 881-6832	2026-02-24	76500000.00	Customer Purchase
1686	2025-12-21	5	Laptop Lenovo	8500000.00	7	59500000.00	166	Jarwa Padmasari	Gang Rajawali Barat No. 2\nPekalongan, Nusa Tenggara Barat 76315	0856982890	2025-12-21	59500000.00	Customer Purchase
1691	2026-02-15	5	Laptop Lenovo	8500000.00	4	34000000.00	62	T. Prayogo Budiman	Gang Kebonjati No. 59\nKota Administrasi Jakarta Selatan, Sumatera Barat 59350	+62-0484-548-5874	2026-02-15	34000000.00	Product Sale
1693	2026-03-06	5	Laptop Lenovo	8500000.00	5	42500000.00	401	Lurhur Mayasari	Gang Rajiman No. 734\nBukittinggi, Sumatera Utara 43478	0827864043	2026-03-06	42500000.00	Product Sale
1696	2026-05-27	5	Laptop Lenovo	8500000.00	6	51000000.00	1455	Calista Mayasari	Jl. Kebonjati No. 1\nManado, Kalimantan Utara 31958	+62-51-266-6926	2026-05-27	51000000.00	Product Sale
1707	2025-07-30	5	Laptop Lenovo	8500000.00	1	8500000.00	594	Nadia Kurniawan	Jl. Lembong No. 703\nSorong, MU 10859	+62 (065) 256 5198	2025-07-30	8500000.00	Online Transaction
1714	2025-09-22	5	Laptop Lenovo	8500000.00	1	8500000.00	1868	Dr. Kanda Oktaviani, M.Farm	Gg. Kendalsari No. 48\nBatu, KI 10339	+62 (355) 658 8769	2025-09-22	8500000.00	Online Transaction
1730	2026-01-02	5	Laptop Lenovo	8500000.00	6	51000000.00	1266	Paris Novitasari	Gg. Laswi No. 558\nPariaman, Sulawesi Barat 80817	+62-0717-104-1769	2026-01-02	51000000.00	Product Sale
1732	2026-06-29	5	Laptop Lenovo	8500000.00	5	42500000.00	1757	Azalea Sirait	Gang Sukabumi No. 4\nTangerang Selatan, Kepulauan Riau 21697	+62-219-961-6720	2026-06-29	42500000.00	Product Sale
1746	2025-07-16	5	Laptop Lenovo	8500000.00	7	59500000.00	1889	Dr. Zulfa Lestari, M.TI.	Gang Suniaraja No. 884\nDumai, BA 79148	+62 (576) 086 4336	2025-07-16	59500000.00	Customer Purchase
1754	2026-05-11	5	Laptop Lenovo	8500000.00	8	68000000.00	881	KH. Raden Halim	Gang Raya Setiabudhi No. 3\nSabang, LA 01592	086 232 3321	2026-05-11	68000000.00	Customer Purchase
1769	2026-03-17	5	Laptop Lenovo	8500000.00	10	85000000.00	323	Tgk. Dodo Siregar, M.Farm	Gang Ahmad Yani No. 58\nTangerang Selatan, PB 93677	+62 (38) 866 1289	2026-03-17	85000000.00	Store Sale
1781	2026-04-17	5	Laptop Lenovo	8500000.00	10	85000000.00	152	Usyi Kusmawati	Jl. Sukajadi No. 281\nSungai Penuh, SB 98899	(0304) 189-0698	2026-04-17	85000000.00	Product Sale
1783	2026-03-03	5	Laptop Lenovo	8500000.00	5	42500000.00	1156	Cici Zulaika	Jl. Rumah Sakit No. 9\nSerang, Banten 71514	086 263 7251	2026-03-03	42500000.00	Online Transaction
1787	2025-09-25	5	Laptop Lenovo	8500000.00	7	59500000.00	906	Nyoman Winarno	Gang Ahmad Yani No. 380\nParepare, Aceh 39565	(0432) 905 1050	2025-09-25	59500000.00	Customer Purchase
1788	2025-08-01	5	Laptop Lenovo	8500000.00	1	8500000.00	869	Wardaya Yolanda, M.Ak	Gang Raya Ujungberung No. 37\nSingkawang, Maluku 83110	+62 (19) 192 6406	2025-08-01	8500000.00	Store Sale
1793	2025-09-22	5	Laptop Lenovo	8500000.00	7	59500000.00	1114	Kania Waskita	Gang Pacuan Kuda No. 4\nBogor, MU 57208	+62 (72) 759 7406	2025-09-22	59500000.00	Store Sale
1794	2025-09-29	5	Laptop Lenovo	8500000.00	2	17000000.00	587	Lili Mustofa	Jl. Kutai No. 050\nLubuklinggau, Jawa Tengah 95282	+62 (0150) 191-5597	2025-09-29	17000000.00	Product Sale
1799	2026-02-27	5	Laptop Lenovo	8500000.00	4	34000000.00	1992	Cut Gawati Nasyiah	Gang Surapati No. 575\nMetro, SR 44874	+62-058-138-1762	2026-02-27	34000000.00	Online Transaction
1801	2026-05-15	5	Laptop Lenovo	8500000.00	5	42500000.00	213	Elisa Mahendra	Jl. Cihampelas No. 79\nSabang, Sulawesi Selatan 34062	+62 (0350) 473-8488	2026-05-15	42500000.00	Online Transaction
1803	2025-09-10	5	Laptop Lenovo	8500000.00	2	17000000.00	98	Zamira Prasetyo, S.Kom	Jl. Raya Setiabudhi No. 236\nParepare, Sulawesi Tenggara 67541	+62 (32) 475 0481	2025-09-10	17000000.00	Online Transaction
1815	2026-04-30	5	Laptop Lenovo	8500000.00	9	76500000.00	1126	Padmi Utama	Jalan Rawamangun No. 20\nCilegon, SU 21050	+62 (0619) 231-6097	2026-04-30	76500000.00	Online Transaction
1816	2026-06-28	5	Laptop Lenovo	8500000.00	6	51000000.00	78	Ir. Maimunah Sihombing	Gg. S. Parman No. 00\nSubulussalam, Bengkulu 70376	+62 (0908) 928 6314	2026-06-28	51000000.00	Store Sale
1823	2026-01-13	5	Laptop Lenovo	8500000.00	6	51000000.00	436	Gabriella Uyainah, S.Pd	Gang Sukajadi No. 2\nPangkalpinang, Kepulauan Riau 70652	+62-0244-419-9810	2026-01-13	51000000.00	Online Transaction
1826	2025-11-25	5	Laptop Lenovo	8500000.00	6	51000000.00	1418	Jayadi Uyainah	Jalan Tebet Barat Dalam No. 13\nAmbon, Sulawesi Tengah 48303	+62 (069) 434-7466	2025-11-25	51000000.00	Product Sale
1828	2025-08-12	5	Laptop Lenovo	8500000.00	7	59500000.00	624	Oni Safitri, S.Pd	NULL	0877268353	2025-08-12	59500000.00	Online Transaction
1830	2025-09-11	5	Laptop Lenovo	8500000.00	10	85000000.00	1296	Prayitna Rahayu, S.Sos	Jalan Indragiri No. 26\nTarakan, Jawa Tengah 36129	+62-155-299-8916	2025-09-11	85000000.00	Product Sale
1846	2025-10-22	5	Laptop Lenovo	8500000.00	8	68000000.00	1062	T. Prayogo Budiman	Gang Kebonjati No. 59\nKota Administrasi Jakarta Selatan, Sumatera Barat 59350	+62-0484-548-5874	2025-10-22	68000000.00	Store Sale
1847	2025-07-12	5	Laptop Lenovo	8500000.00	4	34000000.00	1916	Tgk. Alika Sitompul, S.Sos	NULL	+62-919-451-1085	2025-07-12	34000000.00	Customer Purchase
1857	2025-07-12	5	Laptop Lenovo	8500000.00	1	8500000.00	761	Rini Pratama	Jl. Ciumbuleuit No. 74\nTangerang Selatan, KI 48363	0852038385	2025-07-12	8500000.00	Store Sale
1863	2026-04-18	5	Laptop Lenovo	8500000.00	10	85000000.00	644	Pardi Prastuti	Gang Moch. Ramdan No. 52\nProbolinggo, PA 96133	+62 (971) 581 8057	2026-04-18	85000000.00	Online Transaction
1865	2025-10-19	5	Laptop Lenovo	8500000.00	9	76500000.00	108	Hamima Rahmawati, S.Farm	Gang Cihampelas No. 934\nPasuruan, Nusa Tenggara Barat 63156	(0310) 278-1288	2025-10-19	76500000.00	Product Sale
1870	2025-09-18	5	Laptop Lenovo	8500000.00	9	76500000.00	185	Embuh Prasetyo	Jalan Yos Sudarso No. 53\nKota Administrasi Jakarta Pusat, SS 01072	+62 (83) 495 1954	2025-09-18	76500000.00	Customer Purchase
1875	2026-04-22	5	Laptop Lenovo	8500000.00	5	42500000.00	1506	Drs. Ella Mustofa	Gang Kapten Muslihat No. 59\nSibolga, SU 75598	+62-069-644-9088	2026-04-22	42500000.00	Store Sale
1879	2026-06-30	5	Laptop Lenovo	8500000.00	7	59500000.00	301	Nardi Saragih, S.Gz	Gang Dipatiukur No. 50\nMagelang, KS 08269	+62-0212-659-0774	2026-06-30	59500000.00	Online Transaction
1882	2026-01-01	5	Laptop Lenovo	8500000.00	6	51000000.00	170	Daliono Damanik, S.E.	NULL	+62 (27) 797 3571	2026-01-01	51000000.00	Customer Purchase
1894	2026-01-31	5	Laptop Lenovo	8500000.00	1	8500000.00	818	R. Cemani Budiyanto	Jl. Stasiun Wonokromo No. 8\nBekasi, Jambi 91787	+62-034-721-8150	2026-01-31	8500000.00	Online Transaction
1898	2025-12-04	5	Laptop Lenovo	8500000.00	7	59500000.00	195	Leo Mandala	Jalan Sentot Alibasa No. 59\nBukittinggi, JK 06747	(033) 106 6448	2025-12-04	59500000.00	Online Transaction
1907	2025-10-04	5	Laptop Lenovo	8500000.00	2	17000000.00	446	Drs. Farah Farida, S.Kom	Jalan Dipenogoro No. 8\nBontang, Kalimantan Selatan 37924	+62 (032) 892 3382	2025-10-04	17000000.00	Store Sale
1908	2025-07-18	5	Laptop Lenovo	8500000.00	6	51000000.00	1124	Silvia Kuswoyo	Jl. Cikapayang No. 54\nDumai, SB 45320	+62 (927) 737-8985	2025-07-18	51000000.00	Customer Purchase
1911	2026-06-16	5	Laptop Lenovo	8500000.00	8	68000000.00	1385	Hj. Karen Wacana, M.TI.	Gang Suniaraja No. 24\nTanjungbalai, BT 02488	+62-061-741-7877	2026-06-16	68000000.00	Product Sale
1928	2025-07-26	5	Laptop Lenovo	8500000.00	4	34000000.00	600	Tgk. Najam Handayani, S.Gz	Gang Erlangga No. 8\nPekalongan, KI 56230	0890057378	2025-07-26	34000000.00	Online Transaction
1929	2026-06-06	5	Laptop Lenovo	8500000.00	10	85000000.00	1216	dr. Jati Manullang, S.T.	Jalan Ahmad Dahlan No. 499\nBandung, Nusa Tenggara Barat 49862	(0908) 266-4599	2026-06-06	85000000.00	Customer Purchase
1931	2025-08-31	5	Laptop Lenovo	8500000.00	10	85000000.00	1856	Mila Saputra	Jalan Dipenogoro No. 9\nSamarinda, SB 89816	+62 (0126) 711-2638	2025-08-31	85000000.00	Online Transaction
1932	2026-04-20	5	Laptop Lenovo	8500000.00	4	34000000.00	546	Fitria Maheswara	Jalan Otto Iskandardinata No. 3\nKota Administrasi Jakarta Selatan, LA 91864	+62 (062) 330-9690	2026-04-20	34000000.00	Store Sale
1943	2025-10-08	5	Laptop Lenovo	8500000.00	10	85000000.00	1697	Dr. Agnes Habibi	Jalan Ahmad Yani No. 401\nBandung, KS 31865	+62 (072) 793-2281	2025-10-08	85000000.00	Customer Purchase
1944	2026-06-24	5	Laptop Lenovo	8500000.00	7	59500000.00	884	Maria Tarihoran	Gang Rawamangun No. 8\nBinjai, Kalimantan Selatan 78514	+62 (047) 216 2335	2026-06-24	59500000.00	Customer Purchase
1950	2026-02-24	5	Laptop Lenovo	8500000.00	4	34000000.00	863	Citra Waskita	Gg. Joyoboyo No. 79\nSibolga, DKI Jakarta 85816	(0285) 149 6121	2026-02-24	34000000.00	Online Transaction
1953	2026-03-27	5	Laptop Lenovo	8500000.00	1	8500000.00	1355	Cornelia Prasetyo	Gg. Raya Ujungberung No. 840\nPekalongan, Sulawesi Utara 87687	+62 (104) 425 2406	2026-03-27	8500000.00	Store Sale
1959	2026-05-02	5	Laptop Lenovo	8500000.00	8	68000000.00	1935	Tgk. Maida Pranowo	Jalan Abdul Muis No. 4\nPariaman, Jawa Timur 85760	+62 (093) 356 1295	2026-05-02	68000000.00	Store Sale
1963	2026-05-24	5	Laptop Lenovo	8500000.00	9	76500000.00	1573	Dr. Luhung Latupono	Jl. Kapten Muslihat No. 0\nBau-Bau, Kepulauan Riau 56635	+62-0286-647-6866	2026-05-24	76500000.00	Store Sale
1969	2026-03-30	5	Laptop Lenovo	8500000.00	3	25500000.00	1700	Dr. Violet Wijayanti	Gang W.R. Supratman No. 99\nSurakarta, Bengkulu 67666	+62-071-923-0802	2026-03-30	25500000.00	Product Sale
1977	2026-04-23	5	Laptop Lenovo	8500000.00	1	8500000.00	761	Rini Pratama	Jl. Ciumbuleuit No. 74\nTangerang Selatan, KI 48363	0852038385	2026-04-23	8500000.00	Product Sale
1981	2025-09-29	5	Laptop Lenovo	8500000.00	7	59500000.00	505	Sabrina Natsir	Gg. Dipenogoro No. 77\nBanjar, LA 79422	+62 (08) 518-8480	2025-09-29	59500000.00	Customer Purchase
1984	2025-12-21	5	Laptop Lenovo	8500000.00	5	42500000.00	1139	Eli Widodo	Jalan Antapani Lama No. 2\nTernate, RI 04526	+62-036-713-3899	2025-12-21	42500000.00	Product Sale
1996	2025-11-28	5	Laptop Lenovo	8500000.00	9	76500000.00	1096	Citra Mardhiyah	Gg. Jayawijaya No. 46\nKediri, JB 64840	(0312) 397 0262	2025-11-28	76500000.00	Customer Purchase
2004	2026-01-24	5	Laptop Lenovo	8500000.00	1	8500000.00	70	Anom Rahimah	Jl. PHH. Mustofa No. 031\nKota Administrasi Jakarta Barat, Kalimantan Barat 91918	(0746) 092-8397	2026-01-24	8500000.00	Online Transaction
2005	2025-11-03	5	Laptop Lenovo	8500000.00	7	59500000.00	1912	Dr. Ajiono Purnawati, S.I.Kom	Gg. Surapati No. 9\nKota Administrasi Jakarta Barat, Kalimantan Tengah 46365	089 715 9081	2025-11-03	59500000.00	Store Sale
2009	2026-04-24	5	Laptop Lenovo	8500000.00	9	76500000.00	659	Hartana Haryanti	Gg. Setiabudhi No. 665\nSalatiga, SU 28592	+62 (082) 502 4414	2026-04-24	76500000.00	Product Sale
2021	2026-02-01	5	Laptop Lenovo	8500000.00	7	59500000.00	1216	dr. Jati Manullang, S.T.	Jalan Ahmad Dahlan No. 499\nBandung, Nusa Tenggara Barat 49862	(0908) 266-4599	2026-02-01	59500000.00	Product Sale
2023	2026-02-15	5	Laptop Lenovo	8500000.00	7	59500000.00	1971	Vega Wahyuni	Gang Cikapayang No. 508\nPariaman, Aceh 10607	+62 (0822) 232-8885	2026-02-15	59500000.00	Customer Purchase
2031	2026-05-23	5	Laptop Lenovo	8500000.00	9	76500000.00	1831	Yani Palastri	Jl. Gegerkalong Hilir No. 660\nMetro, YO 05965	+62-31-847-9150	2026-05-23	76500000.00	Store Sale
2034	2025-11-14	5	Laptop Lenovo	8500000.00	6	51000000.00	1920	Tgk. Yoga Safitri	Jalan Ahmad Dahlan No. 9\nTebingtinggi, SS 68350	(0130) 693 3172	2025-11-14	51000000.00	Store Sale
2036	2026-03-29	5	Laptop Lenovo	8500000.00	1	8500000.00	609	R. Usman Adriansyah, M.Ak	Jalan Sentot Alibasa No. 2\nBalikpapan, Sumatera Barat 73435	+62 (0628) 875 9244	2026-03-29	8500000.00	Customer Purchase
2040	2025-10-13	5	Laptop Lenovo	8500000.00	1	8500000.00	1456	Rangga Purnawati	Gg. Medokan Ayu No. 55\nBima, Sumatera Selatan 72111	+62-73-185-0690	2025-10-13	8500000.00	Store Sale
2052	2025-11-21	5	Laptop Lenovo	8500000.00	10	85000000.00	1707	Mursinin Saptono	Gg. K.H. Wahid Hasyim No. 66\nMagelang, SU 36806	+62-650-587-8589	2025-11-21	85000000.00	Store Sale
2053	2025-07-26	5	Laptop Lenovo	8500000.00	5	42500000.00	1191	dr. Ira Suryatmi, S.T.	Gang Kapten Muslihat No. 7\nDepok, JI 83681	+62 (44) 854-0654	2025-07-26	42500000.00	Store Sale
2054	2025-08-11	5	Laptop Lenovo	8500000.00	5	42500000.00	512	Ikhsan Hutapea	Jalan Kiaracondong No. 531\nSorong, SR 65758	(054) 129-6561	2025-08-11	42500000.00	Customer Purchase
2056	2026-04-23	5	Laptop Lenovo	8500000.00	10	85000000.00	71	R. Michelle Lailasari, S.E.	Gang Gardujati No. 10\nPalembang, Lampung 44149	+62 (207) 583 6836	2026-04-23	85000000.00	Online Transaction
2058	2026-01-25	5	Laptop Lenovo	8500000.00	1	8500000.00	1926	Shania Simanjuntak	NULL	084 236 0553	2026-01-25	8500000.00	Product Sale
2062	2026-06-09	5	Laptop Lenovo	8500000.00	10	85000000.00	1083	R. Irnanto Hidayanto, S.E.	Gg. PHH. Mustofa No. 2\nKota Administrasi Jakarta Utara, LA 61040	(0497) 631 4208	2026-06-09	85000000.00	Customer Purchase
2063	2026-06-04	5	Laptop Lenovo	8500000.00	10	85000000.00	1118	Tantri Padmasari	Jl. Kendalsari No. 91\nBima, BB 13183	+62 (045) 713 4904	2026-06-04	85000000.00	Store Sale
2072	2025-10-09	5	Laptop Lenovo	8500000.00	1	8500000.00	1837	R. Siti Susanti	Gg. H.J Maemunah No. 5\nMalang, BB 55878	+62 (042) 819-5176	2025-10-09	8500000.00	Customer Purchase
2076	2025-09-01	5	Laptop Lenovo	8500000.00	4	34000000.00	925	R. Queen Prakasa	Jl. Moch. Ramdan No. 12\nBanjarbaru, BE 64951	+62-533-954-5542	2025-09-01	34000000.00	Customer Purchase
2078	2025-08-09	5	Laptop Lenovo	8500000.00	3	25500000.00	1449	Dt. Darmanto Waskita, S.Kom	Jalan Jend. Sudirman No. 371\nYogyakarta, Maluku Utara 97730	+62 (033) 703-0725	2025-08-09	25500000.00	Product Sale
2079	2026-03-16	5	Laptop Lenovo	8500000.00	3	25500000.00	687	Nurul Astuti	Jl. Ciumbuleuit No. 4\nSibolga, YO 81474	+62 (031) 102-0793	2026-03-16	25500000.00	Online Transaction
2083	2026-05-04	5	Laptop Lenovo	8500000.00	9	76500000.00	1358	Kacung Permadi	Gg. Sukajadi No. 803\nBitung, BT 86171	+62-0866-664-1555	2026-05-04	76500000.00	Product Sale
2084	2025-08-16	5	Laptop Lenovo	8500000.00	10	85000000.00	1575	Puti Nadine Simbolon	Jalan Raya Ujungberung No. 81\nSemarang, KS 21979	+62 (0912) 110-0939	2025-08-16	85000000.00	Product Sale
2095	2025-07-11	5	Laptop Lenovo	8500000.00	8	68000000.00	1542	Jaya Mustofa	Gg. Lembong No. 9\nSolok, Sulawesi Barat 21955	+62 (0755) 535 7792	2025-07-11	68000000.00	Online Transaction
2099	2025-12-19	5	Laptop Lenovo	8500000.00	5	42500000.00	407	Fitria Hartati, M.Kom.	Gang W.R. Supratman No. 99\nSurakarta, MU 71283	(0528) 612 6415	2025-12-19	42500000.00	Product Sale
2106	2025-12-29	5	Laptop Lenovo	8500000.00	5	42500000.00	1012	Bakti Susanti	Gg. Lembong No. 1\nPayakumbuh, Sulawesi Utara 63352	(098) 372 3898	2025-12-29	42500000.00	Online Transaction
2108	2025-08-23	5	Laptop Lenovo	8500000.00	6	51000000.00	1859	Salsabila Hidayanto	Gg. Waringin No. 57\nMetro, Sulawesi Utara 74468	+62 (0937) 388-7404	2025-08-23	51000000.00	Store Sale
2115	2026-04-16	5	Laptop Lenovo	8500000.00	8	68000000.00	371	Patricia Permadi	Jl. Cihampelas No. 952\nSungai Penuh, SS 96385	+62 (037) 446 5820	2026-04-16	68000000.00	Online Transaction
2124	2026-04-18	5	Laptop Lenovo	8500000.00	7	59500000.00	1342	Hasna Pratiwi	Jalan Sukabumi No. 455\nSawahlunto, BA 90079	+62 (051) 958 7399	2026-04-18	59500000.00	Product Sale
2128	2025-11-23	5	Laptop Lenovo	8500000.00	4	34000000.00	306	Gabriella Halimah	Jl. BKR No. 2\nPekanbaru, BE 96954	+62-0987-938-5209	2025-11-23	34000000.00	Store Sale
2130	2026-02-23	5	Laptop Lenovo	8500000.00	3	25500000.00	308	Elisa Mahendra	Jl. Cikutra Timur No. 6\nPalangkaraya, Sumatera Utara 18556	+62 (50) 220-5779	2026-02-23	25500000.00	Online Transaction
2133	2025-08-17	5	Laptop Lenovo	8500000.00	3	25500000.00	534	Kunthara Suryatmi	Gg. Moch. Ramdan No. 991\nTernate, KS 21359	(0226) 071-6047	2025-08-17	25500000.00	Online Transaction
2139	2026-02-21	5	Laptop Lenovo	8500000.00	6	51000000.00	1969	Nova Mansur, S.Ked	Gg. K.H. Wahid Hasyim No. 8\nTernate, SB 92580	+62-23-762-8483	2026-02-21	51000000.00	Store Sale
2140	2026-01-01	5	Laptop Lenovo	8500000.00	3	25500000.00	1128	Septi Maryati	NULL	+62-078-853-5787	2026-01-01	25500000.00	Online Transaction
2149	2026-01-28	5	Laptop Lenovo	8500000.00	3	25500000.00	1583	dr. Arta Dongoran	Jalan Cempaka No. 880\nCirebon, SS 63865	089 197 3884	2026-01-28	25500000.00	Online Transaction
2155	2025-07-29	5	Laptop Lenovo	8500000.00	6	51000000.00	806	Ifa Yulianti	Gang Pacuan Kuda No. 653\nPadangpanjang, MU 88462	+62-037-104-8039	2025-07-29	51000000.00	Customer Purchase
2157	2025-07-17	5	Laptop Lenovo	8500000.00	10	85000000.00	1095	Laila Firgantoro, S.T.	Jalan S. Parman No. 10\nDenpasar, SN 51301	+62 (909) 390-9838	2025-07-17	85000000.00	Customer Purchase
2181	2026-01-19	5	Laptop Lenovo	8500000.00	2	17000000.00	1577	Zamira Mulyani, M.Ak	Jl. Cempaka No. 0\nProbolinggo, Sulawesi Tenggara 06036	(0355) 124-8986	2026-01-19	17000000.00	Online Transaction
2184	2026-05-18	5	Laptop Lenovo	8500000.00	7	59500000.00	1573	Dr. Luhung Latupono	Jl. Kapten Muslihat No. 0\nBau-Bau, Kepulauan Riau 56635	+62-0286-647-6866	2026-05-18	59500000.00	Online Transaction
2189	2026-04-04	5	Laptop Lenovo	8500000.00	4	34000000.00	763	Patricia Tampubolon	Gg. Medokan Ayu No. 34\nPangkalpinang, SN 29231	(006) 783 7630	2026-04-04	34000000.00	Online Transaction
2190	2025-11-17	5	Laptop Lenovo	8500000.00	5	42500000.00	1707	Mursinin Saptono	Gg. K.H. Wahid Hasyim No. 66\nMagelang, SU 36806	+62-650-587-8589	2025-11-17	42500000.00	Customer Purchase
2196	2026-04-05	5	Laptop Lenovo	8500000.00	10	85000000.00	596	Drs. Paramita Sitompul, S.Sos	Gg. R.E Martadinata No. 3\nMetro, Nusa Tenggara Barat 78945	(0944) 378 5319	2026-04-05	85000000.00	Product Sale
2197	2026-06-13	5	Laptop Lenovo	8500000.00	8	68000000.00	345	Martaka Puspasari	Jl. Ahmad Dahlan No. 505\nBatu, Bengkulu 51286	+62 (771) 758-0803	2026-06-13	68000000.00	Product Sale
2204	2025-08-14	5	Laptop Lenovo	8500000.00	8	68000000.00	1484	Kala Megantara	Jl. Erlangga No. 64\nBandung, Jawa Timur 08328	+62-0714-908-2988	2025-08-14	68000000.00	Online Transaction
2212	2026-05-01	5	Laptop Lenovo	8500000.00	8	68000000.00	409	Dr. Ganjaran Salahudin, M.Ak	Gg. Indragiri No. 454\nPekalongan, Sulawesi Tenggara 43387	+62 (063) 729-8828	2026-05-01	68000000.00	Online Transaction
2215	2025-08-02	5	Laptop Lenovo	8500000.00	6	51000000.00	235	Ozy Usada	Gg. Suryakencana No. 798\nMeulaboh, PB 25729	083 711 8516	2025-08-02	51000000.00	Store Sale
2216	2026-06-01	5	Laptop Lenovo	8500000.00	9	76500000.00	1154	Makuta Sihotang	Gang Jend. Sudirman No. 912\nMeulaboh, YO 43532	0895216617	2026-06-01	76500000.00	Online Transaction
2220	2026-05-12	5	Laptop Lenovo	8500000.00	7	59500000.00	1500	Prayogo Zulaika, S.Farm	Jalan Cikutra Barat No. 9\nTangerang Selatan, KR 08665	+62 (96) 140 6934	2026-05-12	59500000.00	Customer Purchase
2222	2025-12-20	5	Laptop Lenovo	8500000.00	1	8500000.00	1152	Usyi Kusmawati	Jl. Sukajadi No. 281\nSungai Penuh, SB 98899	(0304) 189-0698	2025-12-20	8500000.00	Store Sale
2224	2026-07-07	5	Laptop Lenovo	8500000.00	4	34000000.00	274	Dalima Natsir	Gg. Waringin No. 164\nMalang, Kepulauan Bangka Belitung 62903	+62 (0130) 575 9023	2026-07-07	34000000.00	Customer Purchase
2225	2025-08-01	5	Laptop Lenovo	8500000.00	7	59500000.00	937	T. Kadir Simbolon	Gang Jend. Sudirman No. 548\nPontianak, Sulawesi Tengah 40307	+62-0425-086-2806	2025-08-01	59500000.00	Product Sale
2236	2026-01-24	5	Laptop Lenovo	8500000.00	9	76500000.00	420	Karna Prasetya, S.I.Kom	Jalan Gardujati No. 0\nBanjarbaru, Nusa Tenggara Barat 97908	+62-029-380-4691	2026-01-24	76500000.00	Customer Purchase
2241	2026-05-17	5	Laptop Lenovo	8500000.00	7	59500000.00	148	Artanto Sitorus	Gang Jend. Sudirman No. 61\nSorong, Sulawesi Tenggara 12613	+62 (81) 405-2758	2026-05-17	59500000.00	Product Sale
2244	2025-10-30	5	Laptop Lenovo	8500000.00	7	59500000.00	1907	Bagiya Usamah	Gang Cihampelas No. 702\nPrabumulih, SS 13562	(0363) 183 3326	2025-10-30	59500000.00	Online Transaction
2245	2026-02-04	5	Laptop Lenovo	8500000.00	2	17000000.00	451	Hani Haryanto	Gg. Soekarno Hatta No. 719\nPadang, Jambi 59770	+62 (033) 910 2125	2026-02-04	17000000.00	Online Transaction
2264	2025-08-26	5	Laptop Lenovo	8500000.00	9	76500000.00	854	Nugraha Halim	Gg. Asia Afrika No. 036\nYogyakarta, KT 86442	+62-93-835-0563	2025-08-26	76500000.00	Product Sale
2267	2026-06-17	5	Laptop Lenovo	8500000.00	1	8500000.00	1403	Raharja Salahudin, S.H.	Gg. Setiabudhi No. 40\nPalu, KS 22373	+62 (31) 800 9112	2026-06-17	8500000.00	Product Sale
2270	2025-09-12	5	Laptop Lenovo	8500000.00	7	59500000.00	1248	Atma Zulkarnain	Jl. Cempaka No. 1\nPalembang, BT 53457	+62-78-614-2379	2025-09-12	59500000.00	Online Transaction
2272	2025-10-09	5	Laptop Lenovo	8500000.00	8	68000000.00	22	Kalim Mustofa	Jalan Pasir Koja No. 289\nTanjungbalai, BB 08956	0836118278	2025-10-09	68000000.00	Store Sale
2284	2025-09-16	5	Laptop Lenovo	8500000.00	7	59500000.00	1336	Damu Nashiruddin	Gg. PHH. Mustofa No. 65\nCimahi, Gorontalo 39727	+62 (139) 514-2760	2025-09-16	59500000.00	Online Transaction
2300	2025-11-05	5	Laptop Lenovo	8500000.00	9	76500000.00	1877	Oliva Nurdiyanti	Jalan Sadang Serang No. 45\nPekanbaru, SR 41761	089 421 0122	2025-11-05	76500000.00	Customer Purchase
2302	2026-06-29	5	Laptop Lenovo	8500000.00	3	25500000.00	405	Akarsana Irawan	Jalan Suryakencana No. 9\nTasikmalaya, AC 78612	(056) 814 1459	2026-06-29	25500000.00	Product Sale
2304	2026-04-11	5	Laptop Lenovo	8500000.00	2	17000000.00	135	Usyi Wastuti	Jalan Sentot Alibasa No. 660\nKediri, Gorontalo 17508	+62 (69) 226 4119	2026-04-11	17000000.00	Store Sale
2308	2026-05-03	5	Laptop Lenovo	8500000.00	2	17000000.00	1491	Liman Kusmawati	Jalan Dr. Djunjunan No. 0\nYogyakarta, KI 43005	+62 (0220) 025-1301	2026-05-03	17000000.00	Product Sale
2311	2026-01-07	5	Laptop Lenovo	8500000.00	10	85000000.00	43	Nalar Laksita, S.Pt	Gg. Merdeka No. 28\nBukittinggi, DKI Jakarta 10292	+62-018-259-5101	2026-01-07	85000000.00	Customer Purchase
2318	2025-07-09	5	Laptop Lenovo	8500000.00	9	76500000.00	944	Sari Salahudin	Gg. Yos Sudarso No. 1\nBanjarbaru, DKI Jakarta 20022	(0684) 849-6780	2025-07-09	76500000.00	Product Sale
2334	2026-04-20	5	Laptop Lenovo	8500000.00	1	8500000.00	1566	Ulya Suwarno	Gang Gegerkalong Hilir No. 093\nPalu, Kepulauan Bangka Belitung 71219	+62 (086) 927-3358	2026-04-20	8500000.00	Store Sale
2350	2025-10-10	5	Laptop Lenovo	8500000.00	1	8500000.00	1894	Karja Megantara	Gang Sukajadi No. 4\nProbolinggo, JK 44194	(004) 922 6330	2025-10-10	8500000.00	Product Sale
2357	2026-03-29	5	Laptop Lenovo	8500000.00	5	42500000.00	315	Juli Halimah	Gang Moch. Toha No. 5\nSingkawang, PB 52856	+62-003-540-8436	2026-03-29	42500000.00	Online Transaction
2360	2026-05-06	5	Laptop Lenovo	8500000.00	10	85000000.00	1232	R. Yosef Prasetya	Gang Jamika No. 9\nBlitar, Sulawesi Barat 38273	+62 (039) 811-3376	2026-05-06	85000000.00	Customer Purchase
2362	2025-11-12	5	Laptop Lenovo	8500000.00	10	85000000.00	1208	Drs. Waluyo Laksmiwati	Jl. Peta No. 450\nBandar Lampung, Jawa Tengah 53376	(082) 512-3249	2025-11-12	85000000.00	Online Transaction
2370	2025-07-08	5	Laptop Lenovo	8500000.00	1	8500000.00	1447	R. Candra Yulianti	Gg. Gedebage Selatan No. 6\nTual, SR 34323	(016) 832-2944	2025-07-08	8500000.00	Product Sale
2373	2026-04-16	5	Laptop Lenovo	8500000.00	8	68000000.00	967	Nabila Hutasoit	Jl. BKR No. 99\nParepare, SU 23709	+62 (0338) 830 7790	2026-04-16	68000000.00	Product Sale
2376	2025-09-08	5	Laptop Lenovo	8500000.00	5	42500000.00	434	Karimah Prastuti	Jl. KH Amin Jasuta No. 47\nCilegon, KS 97374	(0104) 489-0566	2025-09-08	42500000.00	Online Transaction
2380	2026-05-29	5	Laptop Lenovo	8500000.00	3	25500000.00	598	Dt. Cakrawangsa Megantara	Jl. Jamika No. 1\nBontang, AC 25298	0828349035	2026-05-29	25500000.00	Online Transaction
2394	2025-08-25	5	Laptop Lenovo	8500000.00	5	42500000.00	266	Paris Novitasari	Gg. Laswi No. 558\nPariaman, Sulawesi Barat 80817	+62-0717-104-1769	2025-08-25	42500000.00	Product Sale
2406	2025-12-08	5	Laptop Lenovo	8500000.00	8	68000000.00	1334	Cakrawangsa Najmudin	Jalan Dipenogoro No. 781\nSamarinda, Papua Barat 76972	+62 (045) 854-0634	2025-12-08	68000000.00	Store Sale
2412	2025-08-06	5	Laptop Lenovo	8500000.00	9	76500000.00	813	Kartika Sihotang	Jalan Pelajar Pejuang No. 9\nBandar Lampung, Jawa Tengah 83928	+62 (42) 960-3907	2025-08-06	76500000.00	Product Sale
2419	2026-01-27	5	Laptop Lenovo	8500000.00	7	59500000.00	1842	Nadia Putra, M.TI.	Jl. Rajiman No. 44\nBanjarbaru, SG 40650	0840649824	2026-01-27	59500000.00	Customer Purchase
2424	2026-06-12	5	Laptop Lenovo	8500000.00	7	59500000.00	953	Tirtayasa Suartini	Jalan KH Amin Jasuta No. 447\nCimahi, SN 00438	+62-481-680-0591	2026-06-12	59500000.00	Product Sale
2427	2025-08-22	5	Laptop Lenovo	8500000.00	7	59500000.00	1062	T. Prayogo Budiman	Gang Kebonjati No. 59\nKota Administrasi Jakarta Selatan, Sumatera Barat 59350	+62-0484-548-5874	2025-08-22	59500000.00	Customer Purchase
2428	2025-10-30	5	Laptop Lenovo	8500000.00	6	51000000.00	1927	Uchita Usada	Gang K.H. Wahid Hasyim No. 7\nTasikmalaya, Kalimantan Tengah 38075	+62-003-168-3382	2025-10-30	51000000.00	Customer Purchase
2431	2026-06-08	5	Laptop Lenovo	8500000.00	4	34000000.00	1163	Raihan Rahmawati, S.Pd	Gg. Pacuan Kuda No. 84\nLubuklinggau, SR 71097	+62 (009) 374 9466	2026-06-08	34000000.00	Product Sale
2437	2026-03-31	5	Laptop Lenovo	8500000.00	6	51000000.00	377	Umaya Prasetya, S.Pd	Jalan Kiaracondong No. 70\nPalopo, JI 89908	+62 (089) 210-8855	2026-03-31	51000000.00	Product Sale
2438	2026-03-29	5	Laptop Lenovo	8500000.00	3	25500000.00	1915	Himawan Nababan	Jalan Ahmad Yani No. 035\nPadang Sidempuan, Banten 01618	0802872791	2026-03-29	25500000.00	Customer Purchase
2440	2026-01-31	5	Laptop Lenovo	8500000.00	7	59500000.00	1831	Yani Palastri	Jl. Gegerkalong Hilir No. 660\nMetro, YO 05965	+62-31-847-9150	2026-01-31	59500000.00	Customer Purchase
2443	2025-08-07	5	Laptop Lenovo	8500000.00	9	76500000.00	340	Viktor Gunawan	Gang Suniaraja No. 28\nSurakarta, MA 15599	+62 (497) 904-9411	2025-08-07	76500000.00	Customer Purchase
2451	2025-12-27	5	Laptop Lenovo	8500000.00	6	51000000.00	223	Ratih Lailasari, S.E.	Gg. Jakarta No. 395\nPariaman, Jawa Barat 19328	(008) 460-1584	2025-12-27	51000000.00	Online Transaction
2454	2025-07-08	5	Laptop Lenovo	8500000.00	5	42500000.00	45	Cut Wulan Uyainah, S.Psi	Jalan Moch. Ramdan No. 4\nProbolinggo, LA 61591	082 614 2520	2025-07-08	42500000.00	Online Transaction
2464	2026-02-14	5	Laptop Lenovo	8500000.00	3	25500000.00	1208	Drs. Waluyo Laksmiwati	Jl. Peta No. 450\nBandar Lampung, Jawa Tengah 53376	(082) 512-3249	2026-02-14	25500000.00	Customer Purchase
2466	2026-06-21	5	Laptop Lenovo	8500000.00	1	8500000.00	1003	Uchita Anggriawan	Gg. Ahmad Yani No. 25\nPalangkaraya, BB 98251	086 982 2313	2026-06-21	8500000.00	Product Sale
2469	2026-02-12	5	Laptop Lenovo	8500000.00	4	34000000.00	342	Hasna Pratiwi	Jalan Sukabumi No. 455\nSawahlunto, BA 90079	+62 (051) 958 7399	2026-02-12	34000000.00	Store Sale
2471	2025-08-23	5	Laptop Lenovo	8500000.00	1	8500000.00	1706	Bella Prasetya	Gg. Gardujati No. 1\nSungai Penuh, Sulawesi Selatan 58734	+62-0419-351-1998	2025-08-23	8500000.00	Store Sale
2474	2025-07-30	5	Laptop Lenovo	8500000.00	5	42500000.00	189	Wakiman Dabukke	Jalan Sukabumi No. 528\nDumai, NB 81364	084 428 2839	2025-07-30	42500000.00	Product Sale
2477	2025-10-21	5	Laptop Lenovo	8500000.00	9	76500000.00	1199	Nadia Permadi, S.E.	Gang Sadang Serang No. 188\nLhokseumawe, Jawa Barat 92758	+62 (97) 750-1340	2025-10-21	76500000.00	Customer Purchase
2481	2026-06-03	5	Laptop Lenovo	8500000.00	1	8500000.00	1327	Lanjar Siregar	Jalan Bangka Raya No. 334\nKupang, Aceh 25470	(0459) 439 1874	2026-06-03	8500000.00	Online Transaction
2485	2025-10-21	5	Laptop Lenovo	8500000.00	5	42500000.00	1197	KH. Kenari Gunawan, S.E.	Jalan M.H Thamrin No. 504\nTangerang Selatan, PA 51146	+62 (107) 685 7780	2025-10-21	42500000.00	Customer Purchase
2490	2026-02-15	5	Laptop Lenovo	8500000.00	8	68000000.00	1426	Okto Hassanah, S.Gz	Gang Cikutra Timur No. 57\nKota Administrasi Jakarta Pusat, Kepulauan Riau 87611	+62 (0771) 184 9135	2026-02-15	68000000.00	Product Sale
2499	2026-01-15	5	Laptop Lenovo	8500000.00	9	76500000.00	861	Umay Usada, S.IP	Jalan M.H Thamrin No. 92\nPurwokerto, Kalimantan Timur 84397	+62 (05) 161-7721	2026-01-15	76500000.00	Store Sale
2503	2026-05-06	5	Laptop Lenovo	8500000.00	7	59500000.00	231	Puti Yessi Padmasari, S.E.I	Jl. Pacuan Kuda No. 693\nLhokseumawe, Sumatera Barat 14490	+62-072-663-0316	2026-05-06	59500000.00	Customer Purchase
2510	2025-08-20	5	Laptop Lenovo	8500000.00	7	59500000.00	1585	R. Ega Mardhiyah	Gang Stasiun Wonokromo No. 159\nPadang, YO 91193	+62-881-074-5515	2025-08-20	59500000.00	Product Sale
2517	2025-10-22	5	Laptop Lenovo	8500000.00	10	85000000.00	1509	Balamantri Wibisono	NULL	+62-019-972-4019	2025-10-22	85000000.00	Online Transaction
2533	2025-09-10	5	Laptop Lenovo	8500000.00	7	59500000.00	1205	T. Raden Iswahyudi, S.IP	Jl. Peta No. 144\nKediri, Lampung 17148	+62 (023) 824 5453	2025-09-10	59500000.00	Store Sale
2535	2026-06-29	5	Laptop Lenovo	8500000.00	7	59500000.00	856	Mila Saputra	Jalan Dipenogoro No. 9\nSamarinda, SB 89816	+62 (0126) 711-2638	2026-06-29	59500000.00	Customer Purchase
2538	2026-02-23	5	Laptop Lenovo	8500000.00	9	76500000.00	662	Sabri Marpaung	Jalan Raya Ujungberung No. 473\nPekalongan, NT 79127	0841014572	2026-02-23	76500000.00	Product Sale
2543	2025-08-04	5	Laptop Lenovo	8500000.00	8	68000000.00	238	Novi Ramadan	Jalan Medokan Ayu No. 33\nSabang, JT 73774	+62-0902-246-0556	2025-08-04	68000000.00	Customer Purchase
2550	2026-03-25	5	Laptop Lenovo	8500000.00	8	68000000.00	1084	R. Prasetya Setiawan, S.Pd	Jalan Dipatiukur No. 182\nPadangpanjang, KB 97612	+62 (0315) 238 8141	2026-03-25	68000000.00	Online Transaction
2569	2025-09-12	5	Laptop Lenovo	8500000.00	10	85000000.00	1898	Aslijan Rahmawati, S.IP	NULL	+62 (523) 472-6552	2025-09-12	85000000.00	Store Sale
2575	2025-08-10	5	Laptop Lenovo	8500000.00	9	76500000.00	1276	Gatot Thamrin	Jl. Jend. A. Yani No. 532\nSurabaya, Jawa Tengah 59080	+62 (77) 476 0804	2025-08-10	76500000.00	Online Transaction
2583	2026-06-11	5	Laptop Lenovo	8500000.00	4	34000000.00	966	Bahuraksa Purwanti	Jl. Waringin No. 388\nTanjungbalai, KR 32851	(0329) 650 4769	2026-06-11	34000000.00	Product Sale
2584	2026-05-25	5	Laptop Lenovo	8500000.00	7	59500000.00	678	Surya Halim	Jalan Rajawali Timur No. 094\nBinjai, BA 05451	(0335) 314 3841	2026-05-25	59500000.00	Store Sale
2588	2026-05-01	5	Laptop Lenovo	8500000.00	2	17000000.00	1307	Kairav Putra	Jl. Ahmad Yani No. 531\nPagaralam, Sulawesi Tengah 27904	(040) 172 5121	2026-05-01	17000000.00	Store Sale
2590	2026-03-19	5	Laptop Lenovo	8500000.00	8	68000000.00	363	Mutia Sudiati, M.M.	Gg. Setiabudhi No. 270\nTanjungbalai, LA 80708	+62-065-754-6167	2026-03-19	68000000.00	Store Sale
2594	2025-12-14	5	Laptop Lenovo	8500000.00	2	17000000.00	1687	Nurul Astuti	Jl. Ciumbuleuit No. 4\nSibolga, YO 81474	+62 (031) 102-0793	2025-12-14	17000000.00	Store Sale
2600	2026-03-16	5	Laptop Lenovo	8500000.00	3	25500000.00	80	Rachel Wahyuni	Jalan Medokan Ayu No. 152\nKota Administrasi Jakarta Selatan, BE 05053	+62-87-085-9912	2026-03-16	25500000.00	Store Sale
2602	2025-07-20	5	Laptop Lenovo	8500000.00	7	59500000.00	913	R.M. Asirwanda Natsir	Jalan Kendalsari No. 29\nParepare, BA 19840	0848371218	2025-07-20	59500000.00	Product Sale
2604	2025-11-08	5	Laptop Lenovo	8500000.00	9	76500000.00	1977	Tgk. Martana Permata, S.Pt	Jl. Asia Afrika No. 6\nTarakan, Aceh 88741	+62 (42) 317-8653	2025-11-08	76500000.00	Store Sale
2609	2026-01-18	5	Laptop Lenovo	8500000.00	2	17000000.00	166	Jarwa Padmasari	Gang Rajawali Barat No. 2\nPekalongan, Nusa Tenggara Barat 76315	0856982890	2026-01-18	17000000.00	Online Transaction
2613	2025-08-21	5	Laptop Lenovo	8500000.00	7	59500000.00	556	Puti Irawan	Gg. Indragiri No. 682\nSolok, JT 15932	+62 (0706) 115 0519	2025-08-21	59500000.00	Customer Purchase
2623	2025-07-16	5	Laptop Lenovo	8500000.00	1	8500000.00	899	Gawati Sinaga	Jl. Setiabudhi No. 869\nDumai, Kalimantan Timur 40701	+62 (573) 072 0616	2025-07-16	8500000.00	Product Sale
2633	2025-08-20	5	Laptop Lenovo	8500000.00	6	51000000.00	1488	Gilda Hariyah	Jalan KH Amin Jasuta No. 0\nLubuklinggau, SN 59867	+62 (0450) 260 4319	2025-08-20	51000000.00	Customer Purchase
2647	2025-07-18	5	Laptop Lenovo	8500000.00	1	8500000.00	348	Ir. Ani Situmorang	Jl. Pasteur No. 6\nBitung, KR 16238	+62 (055) 838-7316	2025-07-18	8500000.00	Product Sale
2651	2026-05-03	5	Laptop Lenovo	8500000.00	7	59500000.00	936	Septi Gunawan	Gg. Rajiman No. 606\nDumai, Aceh 08442	+62-0525-521-7489	2026-05-03	59500000.00	Customer Purchase
2652	2025-07-25	5	Laptop Lenovo	8500000.00	9	76500000.00	438	Harjo Halim	Gang Cikapayang No. 443\nSungai Penuh, ST 44751	(0935) 816-0776	2025-07-25	76500000.00	Store Sale
2656	2026-04-24	5	Laptop Lenovo	8500000.00	7	59500000.00	1966	Bahuraksa Purwanti	Jl. Waringin No. 388\nTanjungbalai, KR 32851	(0329) 650 4769	2026-04-24	59500000.00	Store Sale
2659	2026-02-18	5	Laptop Lenovo	8500000.00	1	8500000.00	1221	Aris Wahyudin	Jalan Antapani Lama No. 12\nSolok, Lampung 63627	+62-599-280-7609	2026-02-18	8500000.00	Customer Purchase
2661	2025-10-02	5	Laptop Lenovo	8500000.00	5	42500000.00	1606	Gara Kuswoyo, S.IP	Jl. W.R. Supratman No. 0\nBlitar, KS 48801	(004) 543 9687	2025-10-02	42500000.00	Online Transaction
2671	2025-09-28	5	Laptop Lenovo	8500000.00	6	51000000.00	180	Rendy Saptono	Jl. Pasirkoja No. 4\nTernate, Papua Barat 68603	(041) 025-2209	2025-09-28	51000000.00	Online Transaction
2672	2026-03-22	5	Laptop Lenovo	8500000.00	6	51000000.00	1475	Labuh Pratama	Jalan Kendalsari No. 4\nMojokerto, SU 76733	+62 (0925) 056-2681	2026-03-22	51000000.00	Customer Purchase
2676	2026-01-23	5	Laptop Lenovo	8500000.00	7	59500000.00	785	Diana Manullang	Gang Indragiri No. 34\nTual, SU 96968	+62 (021) 583 4907	2026-01-23	59500000.00	Customer Purchase
2677	2025-12-16	5	Laptop Lenovo	8500000.00	6	51000000.00	292	Puji Prasetyo	Jl. Jend. A. Yani No. 15\nSamarinda, Kalimantan Selatan 59018	+62 (027) 797-4303	2025-12-16	51000000.00	Online Transaction
2684	2026-01-25	5	Laptop Lenovo	8500000.00	8	68000000.00	1124	Silvia Kuswoyo	Jl. Cikapayang No. 54\nDumai, SB 45320	+62 (927) 737-8985	2026-01-25	68000000.00	Customer Purchase
2687	2026-03-14	5	Laptop Lenovo	8500000.00	4	34000000.00	745	drg. Kamila Andriani	Gg. Bangka Raya No. 67\nJayapura, AC 73291	+62 (037) 375 3849	2026-03-14	34000000.00	Customer Purchase
2694	2026-06-08	5	Laptop Lenovo	8500000.00	1	8500000.00	1311	Ellis Hardiansyah	Jalan Waringin No. 708\nKota Administrasi Jakarta Selatan, Bali 30280	(0592) 967-0249	2026-06-08	8500000.00	Store Sale
2695	2025-12-28	5	Laptop Lenovo	8500000.00	10	85000000.00	429	Tgk. Chandra Astuti, M.Kom.	Jalan Asia Afrika No. 657\nPadang Sidempuan, Nusa Tenggara Timur 47596	0835510263	2025-12-28	85000000.00	Online Transaction
2696	2025-10-28	5	Laptop Lenovo	8500000.00	1	8500000.00	1746	Ulva Pudjiastuti	Jl. Rajiman No. 5\nSerang, Kalimantan Selatan 52257	+62-460-651-1508	2025-10-28	8500000.00	Online Transaction
2697	2025-11-29	5	Laptop Lenovo	8500000.00	6	51000000.00	1842	Nadia Putra, M.TI.	Jl. Rajiman No. 44\nBanjarbaru, SG 40650	0840649824	2025-11-29	51000000.00	Online Transaction
2699	2026-05-16	5	Laptop Lenovo	8500000.00	4	34000000.00	1111	Chelsea Gunawan, S.IP	Gang Stasiun Wonokromo No. 74\nMataram, Jambi 83360	+62 (0962) 386 4921	2026-05-16	34000000.00	Store Sale
2702	2026-01-16	5	Laptop Lenovo	8500000.00	4	34000000.00	1713	R. Xanana Ramadan, S.Psi	Jl. Rajiman No. 7\nPematangsiantar, Bali 29365	+62 (188) 502-4190	2026-01-16	34000000.00	Online Transaction
2706	2025-11-19	5	Laptop Lenovo	8500000.00	4	34000000.00	1092	Wira Ramadan	Gg. Suniaraja No. 366\nSalatiga, JI 35541	0849585783	2025-11-19	34000000.00	Product Sale
2713	2025-10-03	5	Laptop Lenovo	8500000.00	9	76500000.00	961	Puti Queen Mardhiyah, S.Sos	Jalan Astana Anyar No. 78\nSungai Penuh, JT 68148	+62 (035) 312 9041	2025-10-03	76500000.00	Product Sale
2716	2026-01-15	5	Laptop Lenovo	8500000.00	5	42500000.00	945	Salwa Waskita, M.Ak	Jl. Sadang Serang No. 788\nTanjungbalai, JI 98155	089 973 0056	2026-01-15	42500000.00	Customer Purchase
2720	2025-12-10	5	Laptop Lenovo	8500000.00	7	59500000.00	213	Elisa Mahendra	Jl. Cihampelas No. 79\nSabang, Sulawesi Selatan 34062	+62 (0350) 473-8488	2025-12-10	59500000.00	Customer Purchase
2738	2026-01-29	5	Laptop Lenovo	8500000.00	5	42500000.00	161	Mahfud Tamba, M.TI.	Jl. Sadang Serang No. 2\nPrabumulih, MU 77421	0825493694	2026-01-29	42500000.00	Online Transaction
2739	2025-12-06	5	Laptop Lenovo	8500000.00	10	85000000.00	1540	Aurora Farida	Gang BKR No. 7\nDenpasar, Riau 44196	+62 (832) 119-8854	2025-12-06	85000000.00	Store Sale
2740	2026-03-22	5	Laptop Lenovo	8500000.00	6	51000000.00	201	Dewi Pangestu	NULL	+62 (37) 762-9840	2026-03-22	51000000.00	Customer Purchase
2741	2025-07-20	5	Laptop Lenovo	8500000.00	9	76500000.00	1657	Hani Najmudin	Jalan Peta No. 738\nDumai, Jawa Timur 82877	+62 (030) 392 6370	2025-07-20	76500000.00	Store Sale
2743	2025-08-06	5	Laptop Lenovo	8500000.00	9	76500000.00	125	Puti Rini Hasanah, S.Farm	Gg. Antapani Lama No. 608\nGorontalo, Sulawesi Tengah 12890	+62 (526) 436-4808	2025-08-06	76500000.00	Product Sale
2747	2026-01-29	5	Laptop Lenovo	8500000.00	7	59500000.00	875	Maida Wibisono	Jalan Monginsidi No. 95\nSibolga, Maluku Utara 54277	080 339 5141	2026-01-29	59500000.00	Online Transaction
2748	2025-07-22	5	Laptop Lenovo	8500000.00	2	17000000.00	1633	Talia Firgantoro	Jl. Raya Setiabudhi No. 276\nMeulaboh, Jawa Timur 80706	+62-34-327-3546	2025-07-22	17000000.00	Product Sale
2753	2026-03-24	5	Laptop Lenovo	8500000.00	10	85000000.00	1808	Raihan Wibisono	Gang Rawamangun No. 4\nAmbon, KT 71315	(0207) 927-7333	2026-03-24	85000000.00	Product Sale
2759	2026-03-28	5	Laptop Lenovo	8500000.00	5	42500000.00	1129	Eli Widodo	Jl. Cihampelas No. 78\nKota Administrasi Jakarta Pusat, NB 44594	+62 (06) 988 4453	2026-03-28	42500000.00	Customer Purchase
2763	2026-02-17	5	Laptop Lenovo	8500000.00	5	42500000.00	1611	Nadia Waluyo	Gg. Suniaraja No. 6\nTasikmalaya, Maluku 94574	+62 (0448) 245-5585	2026-02-17	42500000.00	Store Sale
2764	2026-06-25	5	Laptop Lenovo	8500000.00	9	76500000.00	1611	Nadia Waluyo	Gg. Suniaraja No. 6\nTasikmalaya, Maluku 94574	+62 (0448) 245-5585	2026-06-25	76500000.00	Online Transaction
2767	2025-09-21	5	Laptop Lenovo	8500000.00	10	85000000.00	165	R. Usman Saragih	Jl. Jakarta No. 1\nTomohon, Banten 05292	+62-067-917-9531	2025-09-21	85000000.00	Product Sale
2768	2025-09-25	5	Laptop Lenovo	8500000.00	10	85000000.00	575	Puti Nadine Simbolon	Jalan Raya Ujungberung No. 81\nSemarang, KS 21979	+62 (0912) 110-0939	2025-09-25	85000000.00	Customer Purchase
2780	2026-06-14	5	Laptop Lenovo	8500000.00	5	42500000.00	1041	Dewi Pangestu	Gang Pacuan Kuda No. 58\nTual, RI 81051	+62 (0484) 286 7416	2026-06-14	42500000.00	Online Transaction
2790	2025-10-18	5	Laptop Lenovo	8500000.00	2	17000000.00	498	Dewi Prasetya	Jalan Ciumbuleuit No. 1\nTasikmalaya, Riau 62803	+62-024-348-1813	2025-10-18	17000000.00	Product Sale
2795	2026-03-28	5	Laptop Lenovo	8500000.00	8	68000000.00	1383	Tri Mayasari	Jl. Peta No. 2\nPadang Sidempuan, Nusa Tenggara Timur 38880	+62-332-520-4496	2026-03-28	68000000.00	Customer Purchase
2797	2026-04-07	5	Laptop Lenovo	8500000.00	9	76500000.00	552	Parman Mandala	Jalan M.T Haryono No. 090\nSibolga, Kalimantan Tengah 62485	(0178) 164-0760	2026-04-07	76500000.00	Store Sale
2798	2026-01-27	5	Laptop Lenovo	8500000.00	3	25500000.00	217	Sakura Dongoran	Gang Pasirkoja No. 534\nBima, Papua 10748	(052) 179 9983	2026-01-27	25500000.00	Product Sale
2802	2025-08-29	5	Laptop Lenovo	8500000.00	2	17000000.00	1381	Soleh Padmasari	Gang Pelajar Pejuang No. 00\nDenpasar, BT 17587	+62-411-275-6733	2025-08-29	17000000.00	Store Sale
2803	2026-03-15	5	Laptop Lenovo	8500000.00	8	68000000.00	1678	Surya Halim	Jalan Rajawali Timur No. 094\nBinjai, BA 05451	(0335) 314 3841	2026-03-15	68000000.00	Product Sale
2808	2025-08-02	5	Laptop Lenovo	8500000.00	6	51000000.00	1176	Darmanto Yuniar	Jalan H.J Maemunah No. 731\nBandar Lampung, DKI Jakarta 72126	+62-902-744-7919	2025-08-02	51000000.00	Product Sale
2815	2026-06-16	5	Laptop Lenovo	8500000.00	9	76500000.00	1535	Kala Pradana	Gang Moch. Toha No. 4\nSingkawang, DI Yogyakarta 73345	+62 (28) 019 2323	2026-06-16	76500000.00	Product Sale
2823	2025-12-09	5	Laptop Lenovo	8500000.00	2	17000000.00	1943	Titi Winarno, S.I.Kom	Gg. Cempaka No. 2\nSawahlunto, Maluku 04483	(099) 961 3767	2025-12-09	17000000.00	Customer Purchase
2827	2025-10-29	5	Laptop Lenovo	8500000.00	1	8500000.00	1556	Puti Irawan	Gg. Indragiri No. 682\nSolok, JT 15932	+62 (0706) 115 0519	2025-10-29	8500000.00	Store Sale
2834	2026-02-22	5	Laptop Lenovo	8500000.00	6	51000000.00	1494	Dian Tarihoran, M.Kom.	Gang Raya Ujungberung No. 7\nPasuruan, Jawa Barat 13429	(0942) 267-2828	2026-02-22	51000000.00	Online Transaction
2835	2025-09-06	5	Laptop Lenovo	8500000.00	3	25500000.00	625	Jessica Siregar	Jalan Sukabumi No. 087\nSamarinda, Sulawesi Tengah 53375	+62 (0819) 708-1259	2025-09-06	25500000.00	Online Transaction
2840	2025-09-05	5	Laptop Lenovo	8500000.00	9	76500000.00	292	Puji Prasetyo	Jl. Jend. A. Yani No. 15\nSamarinda, Kalimantan Selatan 59018	+62 (027) 797-4303	2025-09-05	76500000.00	Store Sale
2856	2025-09-21	5	Laptop Lenovo	8500000.00	8	68000000.00	1828	Pranata Permadi	Gg. R.E Martadinata No. 64\nBima, Sulawesi Utara 69982	+62 (0035) 732 6303	2025-09-21	68000000.00	Online Transaction
2864	2025-09-21	5	Laptop Lenovo	8500000.00	2	17000000.00	1806	Ifa Yulianti	Gang Pacuan Kuda No. 653\nPadangpanjang, MU 88462	+62-037-104-8039	2025-09-21	17000000.00	Customer Purchase
2878	2026-01-01	5	Laptop Lenovo	8500000.00	5	42500000.00	854	Nugraha Halim	Gg. Asia Afrika No. 036\nYogyakarta, KT 86442	+62-93-835-0563	2026-01-01	42500000.00	Customer Purchase
2880	2026-01-03	5	Laptop Lenovo	8500000.00	4	34000000.00	117	Cakrawangsa Wibisono	Jalan Dipenogoro No. 10\nSerang, AC 73757	(063) 602-3544	2026-01-03	34000000.00	Product Sale
2885	2026-04-16	5	Laptop Lenovo	8500000.00	5	42500000.00	1557	Jessica Anggraini	Gang Pasteur No. 8\nTanjungpinang, BB 40597	+62 (347) 381-1706	2026-04-16	42500000.00	Product Sale
2886	2026-01-05	5	Laptop Lenovo	8500000.00	9	76500000.00	455	Calista Mayasari	Jl. Kebonjati No. 1\nManado, Kalimantan Utara 31958	+62-51-266-6926	2026-01-05	76500000.00	Online Transaction
2895	2026-01-03	5	Laptop Lenovo	8500000.00	10	85000000.00	1640	KH. Mulya Haryanti	Gg. Rajawali Barat No. 48\nSubulussalam, PB 20722	+62-951-558-4374	2026-01-03	85000000.00	Customer Purchase
2896	2025-08-11	5	Laptop Lenovo	8500000.00	8	68000000.00	570	Dt. Soleh Ardianto, S.Kom	Jalan Gedebage Selatan No. 968\nMalang, Nusa Tenggara Timur 08953	(0950) 626 6844	2025-08-11	68000000.00	Online Transaction
2897	2026-02-27	5	Laptop Lenovo	8500000.00	1	8500000.00	1537	Dr. Jatmiko Nasyiah, S.IP	Jalan Sukajadi No. 48\nTidore Kepulauan, BA 65656	(0908) 006 2693	2026-02-27	8500000.00	Customer Purchase
2902	2025-12-24	5	Laptop Lenovo	8500000.00	8	68000000.00	1976	KH. Banawi Mandasari	Jalan Astana Anyar No. 228\nPariaman, MU 94687	+62-973-400-4830	2025-12-24	68000000.00	Product Sale
2909	2025-09-14	5	Laptop Lenovo	8500000.00	6	51000000.00	1485	Zalindra Riyanti	Jl. Ahmad Yani No. 56\nKota Administrasi Jakarta Utara, Sulawesi Tengah 22180	(011) 601-3969	2025-09-14	51000000.00	Store Sale
2916	2026-03-31	5	Laptop Lenovo	8500000.00	8	68000000.00	1617	Tgk. Lintang Puspasari	Jl. Cikutra Barat No. 087\nSawahlunto, MU 84715	+62 (92) 666 3619	2026-03-31	68000000.00	Product Sale
2917	2025-09-27	5	Laptop Lenovo	8500000.00	10	85000000.00	1874	Rudi Hassanah, S.Sos	Gg. Rajawali Barat No. 38\nSerang, SU 48557	+62 (84) 074-7899	2025-09-27	85000000.00	Store Sale
2933	2026-07-01	5	Laptop Lenovo	8500000.00	2	17000000.00	12	Bakti Susanti	Gg. Lembong No. 1\nPayakumbuh, Sulawesi Utara 63352	(098) 372 3898	2026-07-01	17000000.00	Customer Purchase
2936	2025-08-12	5	Laptop Lenovo	8500000.00	4	34000000.00	1135	Usyi Wastuti	Jalan Sentot Alibasa No. 660\nKediri, Gorontalo 17508	+62 (69) 226 4119	2025-08-12	34000000.00	Online Transaction
2940	2026-01-02	5	Laptop Lenovo	8500000.00	4	34000000.00	110	Paris Novitasari	Gang Suryakencana No. 938\nTarakan, Kalimantan Utara 94751	(0013) 110 1343	2026-01-02	34000000.00	Store Sale
2944	2025-10-09	5	Laptop Lenovo	8500000.00	1	8500000.00	727	T. Saiful Iswahyudi, S.I.Kom	Jl. Stasiun Wonokromo No. 4\nKota Administrasi Jakarta Selatan, RI 71323	(040) 103-6833	2025-10-09	8500000.00	Product Sale
2958	2026-06-12	5	Laptop Lenovo	8500000.00	7	59500000.00	1175	Ajeng Suryono	Gg. Antapani Lama No. 6\nPalembang, SR 24350	+62-826-819-7580	2026-06-12	59500000.00	Product Sale
2966	2026-03-08	5	Laptop Lenovo	8500000.00	8	68000000.00	499	Putu Nurdiyanti	Gang Rumah Sakit No. 524\nPayakumbuh, Bengkulu 80020	+62 (0034) 683-2325	2026-03-08	68000000.00	Online Transaction
2980	2025-12-01	5	Laptop Lenovo	8500000.00	5	42500000.00	1410	KH. Marsudi Permata	Jalan Indragiri No. 69\nSabang, SN 32171	(0805) 816 7342	2025-12-01	42500000.00	Customer Purchase
2983	2025-09-04	5	Laptop Lenovo	8500000.00	6	51000000.00	575	Puti Nadine Simbolon	Jalan Raya Ujungberung No. 81\nSemarang, KS 21979	+62 (0912) 110-0939	2025-09-04	51000000.00	Customer Purchase
3001	2026-01-28	5	Laptop Lenovo	8500000.00	8	68000000.00	1814	Putri Laksmiwati, S.Kom	Gang Gardujati No. 36\nCirebon, JT 06498	+62 (48) 602 7912	2026-01-28	68000000.00	Online Transaction
3003	2025-08-20	5	Laptop Lenovo	8500000.00	3	25500000.00	7	R. Eman Mayasari, S.Sos	Jalan Pacuan Kuda No. 055\nMojokerto, Kalimantan Barat 98368	(051) 173-9932	2025-08-20	25500000.00	Store Sale
3007	2026-02-21	5	Laptop Lenovo	8500000.00	1	8500000.00	166	Jarwa Padmasari	Gang Rajawali Barat No. 2\nPekalongan, Nusa Tenggara Barat 76315	0856982890	2026-02-21	8500000.00	Store Sale
3012	2026-05-20	5	Laptop Lenovo	8500000.00	8	68000000.00	1216	dr. Jati Manullang, S.T.	Jalan Ahmad Dahlan No. 499\nBandung, Nusa Tenggara Barat 49862	(0908) 266-4599	2026-05-20	68000000.00	Customer Purchase
3024	2026-07-07	5	Laptop Lenovo	8500000.00	5	42500000.00	273	Laksana Winarsih, S.E.	Jalan Ir. H. Djuanda No. 92\nKota Administrasi Jakarta Selatan, Jambi 94123	+62 (036) 249-1247	2026-07-07	42500000.00	Store Sale
3025	2026-03-22	5	Laptop Lenovo	8500000.00	8	68000000.00	941	Unjani Siregar	Jalan Cihampelas No. 5\nPangkalpinang, Banten 85978	+62 (006) 226-2509	2026-03-22	68000000.00	Customer Purchase
3026	2025-11-29	5	Laptop Lenovo	8500000.00	8	68000000.00	1870	Zaenab Utama	Jalan K.H. Wahid Hasyim No. 837\nBekasi, Jambi 56157	+62-053-167-4075	2025-11-29	68000000.00	Store Sale
3033	2025-11-22	5	Laptop Lenovo	8500000.00	2	17000000.00	1444	Dewi Setiawan	Gang Kiaracondong No. 42\nTomohon, NB 04216	+62 (792) 489-4711	2025-11-22	17000000.00	Store Sale
3038	2025-07-22	5	Laptop Lenovo	8500000.00	7	59500000.00	1031	dr. Lintang Prasasta, S.Kom	Jl. Indragiri No. 720\nBogor, JB 85935	+62-12-211-5969	2025-07-22	59500000.00	Customer Purchase
3039	2026-07-01	5	Laptop Lenovo	8500000.00	7	59500000.00	221	Aris Wahyudin	Jalan Antapani Lama No. 12\nSolok, Lampung 63627	+62-599-280-7609	2026-07-01	59500000.00	Store Sale
3048	2026-01-31	5	Laptop Lenovo	8500000.00	3	25500000.00	1253	dr. Amalia Pudjiastuti	Gg. Gegerkalong Hilir No. 6\nParepare, JT 41262	+62 (072) 669 4825	2026-01-31	25500000.00	Customer Purchase
3049	2025-10-21	5	Laptop Lenovo	8500000.00	2	17000000.00	198	Azalea Sihombing	Jalan Cempaka No. 771\nMadiun, Bengkulu 54637	+62-020-998-3110	2025-10-21	17000000.00	Customer Purchase
3050	2026-01-02	5	Laptop Lenovo	8500000.00	8	68000000.00	493	Dacin Oktaviani	Jl. Cikutra Timur No. 5\nSukabumi, Nusa Tenggara Barat 09302	+62 (63) 187 8599	2026-01-02	68000000.00	Online Transaction
3052	2026-03-14	5	Laptop Lenovo	8500000.00	1	8500000.00	1549	Emil Andriani	Gang Tebet Barat Dalam No. 3\nKota Administrasi Jakarta Pusat, Jambi 73543	+62 (0713) 673 4973	2026-03-14	8500000.00	Online Transaction
3065	2025-09-06	5	Laptop Lenovo	8500000.00	4	34000000.00	1204	Atma Zulkarnain	Jl. Yos Sudarso No. 249\nSurakarta, JK 57483	+62-0999-724-1256	2025-09-06	34000000.00	Online Transaction
3073	2025-09-26	5	Laptop Lenovo	8500000.00	8	68000000.00	1522	drg. Irma Suartini, S.Pd	Jl. Ciumbuleuit No. 654\nPekanbaru, SR 62054	+62 (77) 424-7654	2025-09-26	68000000.00	Product Sale
3077	2026-05-07	5	Laptop Lenovo	8500000.00	4	34000000.00	1957	Ika Narpati, M.Farm	Gang Kiaracondong No. 950\nCirebon, Maluku 63958	+62-99-913-7037	2026-05-07	34000000.00	Online Transaction
3085	2026-02-15	5	Laptop Lenovo	8500000.00	6	51000000.00	1221	Aris Wahyudin	Jalan Antapani Lama No. 12\nSolok, Lampung 63627	+62-599-280-7609	2026-02-15	51000000.00	Online Transaction
3087	2025-09-30	5	Laptop Lenovo	8500000.00	7	59500000.00	228	Gasti Suwarno	Gg. Pasirkoja No. 4\nBekasi, MU 22416	0860238662	2025-09-30	59500000.00	Product Sale
3094	2025-08-24	5	Laptop Lenovo	8500000.00	8	68000000.00	1891	Cut Paulin Nababan, S.Kom	Jalan Gegerkalong Hilir No. 3\nManado, Nusa Tenggara Barat 70641	+62 (77) 322-6461	2025-08-24	68000000.00	Online Transaction
3099	2025-07-15	5	Laptop Lenovo	8500000.00	1	8500000.00	1018	Salsabila Wijaya	Gang M.H Thamrin No. 770\nTomohon, PA 67398	+62 (749) 365 1228	2025-07-15	8500000.00	Online Transaction
3108	2025-10-24	5	Laptop Lenovo	8500000.00	3	25500000.00	354	R. Violet Widodo	Jalan Kebonjati No. 6\nPariaman, Sumatera Barat 85235	+62-0777-899-3264	2025-10-24	25500000.00	Online Transaction
3113	2026-02-28	5	Laptop Lenovo	8500000.00	10	85000000.00	1203	drg. Kanda Gunawan, M.M.	Gg. Ciwastra No. 35\nPadangpanjang, Kepulauan Bangka Belitung 31936	+62 (0304) 503-2431	2026-02-28	85000000.00	Customer Purchase
3115	2026-04-12	5	Laptop Lenovo	8500000.00	2	17000000.00	1169	Purwadi Waskita	Jalan Kiaracondong No. 1\nParepare, Riau 24340	(016) 886 1328	2026-04-12	17000000.00	Online Transaction
3116	2026-01-07	5	Laptop Lenovo	8500000.00	6	51000000.00	1807	KH. Maryanto Suryono, M.Pd	Gang Astana Anyar No. 47\nDepok, BE 68634	(0216) 168-9688	2026-01-07	51000000.00	Store Sale
3118	2025-08-13	5	Laptop Lenovo	8500000.00	2	17000000.00	1783	Genta Dabukke	Gang Suryakencana No. 9\nKendari, Nusa Tenggara Timur 25568	+62-905-036-6513	2025-08-13	17000000.00	Product Sale
3120	2026-05-08	5	Laptop Lenovo	8500000.00	10	85000000.00	1624	Oni Safitri, S.Pd	NULL	0877268353	2026-05-08	85000000.00	Online Transaction
3125	2026-05-19	5	Laptop Lenovo	8500000.00	6	51000000.00	956	T. Tasdik Ardianto, S.E.I	Gang Dipatiukur No. 7\nPagaralam, Kalimantan Tengah 28629	+62-093-116-6724	2026-05-19	51000000.00	Online Transaction
3127	2026-01-23	5	Laptop Lenovo	8500000.00	6	51000000.00	563	Drs. Endah Fujiati, S.E.I	Jl. K.H. Wahid Hasyim No. 13\nTidore Kepulauan, Maluku 97929	+62 (04) 075 7410	2026-01-23	51000000.00	Product Sale
3130	2025-08-13	5	Laptop Lenovo	8500000.00	8	68000000.00	1323	Tgk. Dodo Siregar, M.Farm	Gang Ahmad Yani No. 58\nTangerang Selatan, PB 93677	+62 (38) 866 1289	2025-08-13	68000000.00	Customer Purchase
3140	2026-01-02	5	Laptop Lenovo	8500000.00	6	51000000.00	148	Artanto Sitorus	Gang Jend. Sudirman No. 61\nSorong, Sulawesi Tenggara 12613	+62 (81) 405-2758	2026-01-02	51000000.00	Online Transaction
3156	2026-03-14	5	Laptop Lenovo	8500000.00	3	25500000.00	1744	Farhunnisa Saputra	Jl. Cikutra Barat No. 660\nPalu, Nusa Tenggara Barat 57292	+62 (580) 398-9431	2026-03-14	25500000.00	Online Transaction
3158	2025-12-13	5	Laptop Lenovo	8500000.00	2	17000000.00	1362	Irma Wacana, M.TI.	Jalan Rajawali Timur No. 2\nPekanbaru, Sumatera Barat 13159	(019) 801 1979	2025-12-13	17000000.00	Product Sale
3161	2026-01-28	5	Laptop Lenovo	8500000.00	9	76500000.00	1881	KH. Raden Halim	Gang Raya Setiabudhi No. 3\nSabang, LA 01592	086 232 3321	2026-01-28	76500000.00	Store Sale
3163	2026-02-28	5	Laptop Lenovo	8500000.00	5	42500000.00	1045	Cut Wulan Uyainah, S.Psi	Jalan Moch. Ramdan No. 4\nProbolinggo, LA 61591	082 614 2520	2026-02-28	42500000.00	Product Sale
3171	2025-11-08	5	Laptop Lenovo	8500000.00	10	85000000.00	1329	Vivi Sihombing	Jl. Kapten Muslihat No. 8\nSingkawang, Sumatera Utara 37383	+62 (0869) 190 0279	2025-11-08	85000000.00	Customer Purchase
3178	2025-10-31	5	Laptop Lenovo	8500000.00	8	68000000.00	1431	Rahman Siregar	Jalan Siliwangi No. 949\nPalembang, Kepulauan Riau 65289	+62-024-732-3656	2025-10-31	68000000.00	Store Sale
3179	2026-01-13	5	Laptop Lenovo	8500000.00	9	76500000.00	1398	drg. Saka Wijaya	Jalan Monginsidi No. 482\nSibolga, JT 73723	(0094) 616-0510	2026-01-13	76500000.00	Product Sale
3181	2025-11-25	5	Laptop Lenovo	8500000.00	1	8500000.00	733	Jessica Susanti	Gg. W.R. Supratman No. 003\nCirebon, KS 72191	(094) 948-1486	2025-11-25	8500000.00	Store Sale
3184	2025-12-12	5	Laptop Lenovo	8500000.00	4	34000000.00	254	Ami Maheswara, M.Pd	Gg. KH Amin Jasuta No. 163\nCimahi, KI 96855	(076) 899 5526	2025-12-12	34000000.00	Store Sale
3187	2026-06-27	5	Laptop Lenovo	8500000.00	1	8500000.00	1319	Zelda Sinaga	Jl. Kutai No. 2\nBanjarbaru, SB 71187	0884302852	2026-06-27	8500000.00	Store Sale
3188	2026-02-02	5	Laptop Lenovo	8500000.00	8	68000000.00	1264	Prabowo Winarno	Jalan Tebet Barat Dalam No. 093\nTangerang, JA 86102	+62 (673) 296-7391	2026-02-02	68000000.00	Product Sale
3201	2026-06-05	5	Laptop Lenovo	8500000.00	10	85000000.00	463	Hasna Firgantoro	Gang Rajawali Barat No. 258\nPangkalpinang, Jawa Timur 02296	+62 (18) 213-1551	2026-06-05	85000000.00	Customer Purchase
3205	2026-06-01	5	Laptop Lenovo	8500000.00	8	68000000.00	1108	Hamima Rahmawati, S.Farm	Gang Cihampelas No. 934\nPasuruan, Nusa Tenggara Barat 63156	(0310) 278-1288	2026-06-01	68000000.00	Store Sale
3206	2026-06-27	5	Laptop Lenovo	8500000.00	6	51000000.00	1133	Yulia Maryadi	Gang HOS. Cokroaminoto No. 4\nKota Administrasi Jakarta Utara, Maluku Utara 22818	+62-39-057-0324	2026-06-27	51000000.00	Product Sale
3213	2025-10-21	5	Laptop Lenovo	8500000.00	1	8500000.00	1235	Ozy Usada	Gg. Suryakencana No. 798\nMeulaboh, PB 25729	083 711 8516	2025-10-21	8500000.00	Online Transaction
3216	2025-11-24	5	Laptop Lenovo	8500000.00	2	17000000.00	1486	Marsito Jailani	Gg. Rajawali Timur No. 4\nPangkalpinang, Maluku Utara 48185	(069) 716-8518	2025-11-24	17000000.00	Store Sale
3222	2025-11-19	5	Laptop Lenovo	8500000.00	4	34000000.00	1550	dr. Utama Haryanti, S.Pd	Gang Gedebage Selatan No. 45\nPadang Sidempuan, Gorontalo 96056	+62 (59) 588-2449	2025-11-19	34000000.00	Product Sale
3225	2026-04-19	5	Laptop Lenovo	8500000.00	10	85000000.00	1924	Drs. Adinata Hutasoit	Jalan Peta No. 96\nMojokerto, Kalimantan Tengah 89525	+62 (38) 154 3646	2026-04-19	85000000.00	Store Sale
3234	2025-12-10	5	Laptop Lenovo	8500000.00	3	25500000.00	1735	Tgk. Yuliana Handayani, S.Kom	Gang Astana Anyar No. 5\nCirebon, Bengkulu 96261	+62 (356) 533 7340	2025-12-10	25500000.00	Store Sale
3236	2025-08-23	5	Laptop Lenovo	8500000.00	2	17000000.00	451	Hani Haryanto	Gg. Soekarno Hatta No. 719\nPadang, Jambi 59770	+62 (033) 910 2125	2025-08-23	17000000.00	Product Sale
3240	2025-12-04	5	Laptop Lenovo	8500000.00	7	59500000.00	1520	Asmianto Siregar	Jl. Rajawali Barat No. 112\nSorong, KI 12580	+62 (62) 985 6531	2025-12-04	59500000.00	Store Sale
3243	2026-03-21	5	Laptop Lenovo	8500000.00	1	8500000.00	238	Novi Ramadan	Jalan Medokan Ayu No. 33\nSabang, JT 73774	+62-0902-246-0556	2026-03-21	8500000.00	Product Sale
3245	2026-05-11	5	Laptop Lenovo	8500000.00	7	59500000.00	1143	Tgk. Mahdi Natsir, S.Gz	Jalan H.J Maemunah No. 67\nBatu, SU 34279	(055) 341-7303	2026-05-11	59500000.00	Online Transaction
3252	2026-04-30	5	Laptop Lenovo	8500000.00	9	76500000.00	1046	R. Usman Saragih	Jalan Peta No. 92\nLangsa, SU 58853	0880600802	2026-04-30	76500000.00	Online Transaction
3253	2026-01-10	5	Laptop Lenovo	8500000.00	8	68000000.00	1743	Jasmin Pradana	Jalan S. Parman No. 38\nKupang, JI 40890	(0553) 138-9361	2026-01-10	68000000.00	Product Sale
3257	2026-06-06	5	Laptop Lenovo	8500000.00	5	42500000.00	1371	Patricia Permadi	Jl. Cihampelas No. 952\nSungai Penuh, SS 96385	+62 (037) 446 5820	2026-06-06	42500000.00	Store Sale
3272	2026-01-10	5	Laptop Lenovo	8500000.00	9	76500000.00	1315	Juli Halimah	Gang Moch. Toha No. 5\nSingkawang, PB 52856	+62-003-540-8436	2026-01-10	76500000.00	Online Transaction
3276	2026-03-26	5	Laptop Lenovo	8500000.00	1	8500000.00	1126	Padmi Utama	Jalan Rawamangun No. 20\nCilegon, SU 21050	+62 (0619) 231-6097	2026-03-26	8500000.00	Store Sale
3279	2026-01-11	5	Laptop Lenovo	8500000.00	7	59500000.00	557	Jessica Anggraini	Gang Pasteur No. 8\nTanjungpinang, BB 40597	+62 (347) 381-1706	2026-01-11	59500000.00	Product Sale
3281	2025-09-05	5	Laptop Lenovo	8500000.00	5	42500000.00	1444	Dewi Setiawan	Gang Kiaracondong No. 42\nTomohon, NB 04216	+62 (792) 489-4711	2025-09-05	42500000.00	Customer Purchase
3290	2026-02-16	5	Laptop Lenovo	8500000.00	6	51000000.00	1772	Saiful Mustofa	Jl. Kendalsari No. 935\nLubuklinggau, Sulawesi Selatan 68947	+62 (0979) 407 1255	2026-02-16	51000000.00	Store Sale
3302	2026-03-16	5	Laptop Lenovo	8500000.00	1	8500000.00	317	Cakrabirawa Pudjiastuti, S.Ked	Jalan Antapani Lama No. 4\nPalangkaraya, JB 80039	(090) 785 6645	2026-03-16	8500000.00	Product Sale
3307	2026-06-30	5	Laptop Lenovo	8500000.00	10	85000000.00	1833	Yoga Ardianto	Gg. Gardujati No. 6\nPurwokerto, Kalimantan Tengah 79090	(0648) 400-5488	2026-06-30	85000000.00	Store Sale
3310	2025-12-03	5	Laptop Lenovo	8500000.00	6	51000000.00	1965	Tgk. Najam Handayani, S.Gz	Jl. Antapani Lama No. 85\nLubuklinggau, Jawa Tengah 11737	0842750838	2025-12-03	51000000.00	Store Sale
3312	2026-06-27	5	Laptop Lenovo	8500000.00	6	51000000.00	379	Paulin Prasetya	Jalan HOS. Cokroaminoto No. 7\nSalatiga, Kepulauan Riau 23966	+62-543-427-1903	2026-06-27	51000000.00	Product Sale
3315	2026-02-14	5	Laptop Lenovo	8500000.00	4	34000000.00	1909	Embuh Pradipta	Gg. Tebet Barat Dalam No. 731\nTangerang Selatan, RI 08764	+62 (897) 590 5010	2026-02-14	34000000.00	Product Sale
3317	2026-04-27	5	Laptop Lenovo	8500000.00	4	34000000.00	865	Prayoga Hakim	Jl. Erlangga No. 90\nKota Administrasi Jakarta Barat, KU 51664	+62 (71) 110-5978	2026-04-27	34000000.00	Online Transaction
3328	2026-01-09	5	Laptop Lenovo	8500000.00	5	42500000.00	1414	Cemani Hasanah	Jalan BKR No. 558\nPagaralam, LA 41858	(015) 641-1722	2026-01-09	42500000.00	Online Transaction
3348	2026-05-14	5	Laptop Lenovo	8500000.00	10	85000000.00	215	Asirwada Rahimah	Gang Pasteur No. 630\nKota Administrasi Jakarta Selatan, Jawa Tengah 33176	+62 (47) 176-8436	2026-05-14	85000000.00	Online Transaction
3354	2026-06-25	5	Laptop Lenovo	8500000.00	5	42500000.00	994	R.A. Maida Gunarto	Gang Rawamangun No. 17\nSubulussalam, SB 29906	+62 (80) 266-9284	2026-06-25	42500000.00	Online Transaction
3355	2026-04-03	5	Laptop Lenovo	8500000.00	10	85000000.00	704	Harsana Maryadi	Jalan Setiabudhi No. 600\nPagaralam, Bali 65899	+62 (22) 631-8647	2026-04-03	85000000.00	Product Sale
3369	2026-01-28	5	Laptop Lenovo	8500000.00	2	17000000.00	1546	Fitria Maheswara	Jalan Otto Iskandardinata No. 3\nKota Administrasi Jakarta Selatan, LA 91864	+62 (062) 330-9690	2026-01-28	17000000.00	Store Sale
3370	2025-11-20	5	Laptop Lenovo	8500000.00	10	85000000.00	1385	Hj. Karen Wacana, M.TI.	Gang Suniaraja No. 24\nTanjungbalai, BT 02488	+62-061-741-7877	2025-11-20	85000000.00	Product Sale
3373	2025-08-12	5	Laptop Lenovo	8500000.00	6	51000000.00	1979	Himawan Salahudin, M.Farm	Jalan Cikutra Barat No. 4\nDepok, Sulawesi Utara 40227	+62 (934) 534 2921	2025-08-12	51000000.00	Online Transaction
3374	2025-08-14	5	Laptop Lenovo	8500000.00	6	51000000.00	1128	Septi Maryati	NULL	+62-078-853-5787	2025-08-14	51000000.00	Customer Purchase
3378	2025-11-17	5	Laptop Lenovo	8500000.00	4	34000000.00	1824	Laras Waskita	Jalan Raya Ujungberung No. 018\nBandar Lampung, Sumatera Utara 44646	0800763558	2025-11-17	34000000.00	Product Sale
3380	2026-04-07	5	Laptop Lenovo	8500000.00	1	8500000.00	700	Dr. Violet Wijayanti	Gang W.R. Supratman No. 99\nSurakarta, Bengkulu 67666	+62-071-923-0802	2026-04-07	8500000.00	Store Sale
3382	2025-08-16	5	Laptop Lenovo	8500000.00	10	85000000.00	1720	Drs. Kayla Pratama, S.Psi	Gang Tubagus Ismail No. 879\nKendari, Kalimantan Barat 46470	087 528 4828	2025-08-16	85000000.00	Product Sale
3383	2026-02-18	5	Laptop Lenovo	8500000.00	9	76500000.00	1009	Ana Prasetya	Jl. Astana Anyar No. 936\nDenpasar, KR 34561	+62 (0506) 321-2435	2026-02-18	76500000.00	Online Transaction
3387	2025-10-31	5	Laptop Lenovo	8500000.00	7	59500000.00	679	R.M. Timbul Situmorang	NULL	(088) 455 0899	2025-10-31	59500000.00	Product Sale
3391	2026-01-20	5	Laptop Lenovo	8500000.00	6	51000000.00	1326	R. Artanto Usamah	Jalan Soekarno Hatta No. 71\nMakassar, JA 43668	+62 (0884) 073 5627	2026-01-20	51000000.00	Online Transaction
3393	2025-10-18	5	Laptop Lenovo	8500000.00	3	25500000.00	1813	Kartika Sihotang	Jalan Pelajar Pejuang No. 9\nBandar Lampung, Jawa Tengah 83928	+62 (42) 960-3907	2025-10-18	25500000.00	Customer Purchase
3397	2026-05-18	5	Laptop Lenovo	8500000.00	2	17000000.00	1827	Garan Saragih	Gg. Rajawali Timur No. 8\nKota Administrasi Jakarta Pusat, Nusa Tenggara Barat 01826	+62 (92) 172-3972	2026-05-18	17000000.00	Online Transaction
3399	2025-11-14	5	Laptop Lenovo	8500000.00	4	34000000.00	422	R. Ira Prasetyo	Gg. HOS. Cokroaminoto No. 8\nTanjungpinang, Kalimantan Selatan 47829	+62 (0871) 567-8255	2025-11-14	34000000.00	Customer Purchase
3404	2025-07-09	5	Laptop Lenovo	8500000.00	2	17000000.00	1809	Wani Puspita	NULL	+62 (028) 811 6408	2025-07-09	17000000.00	Store Sale
3416	2025-12-30	5	Laptop Lenovo	8500000.00	3	25500000.00	93	R.M. Pandu Winarsih, S.H.	Gg. Siliwangi No. 1\nBalikpapan, Jawa Barat 95462	+62 (0079) 940-1539	2025-12-30	25500000.00	Online Transaction
3422	2025-12-21	5	Laptop Lenovo	8500000.00	3	25500000.00	47	Endra Wacana, S.T.	Gg. Suniaraja No. 324\nPematangsiantar, JT 76800	+62-199-894-7802	2025-12-21	25500000.00	Online Transaction
3423	2025-12-01	5	Laptop Lenovo	8500000.00	10	85000000.00	1028	R.M. Ismail Purnawati, M.M.	NULL	+62-56-556-8874	2025-12-01	85000000.00	Online Transaction
3426	2026-01-01	5	Laptop Lenovo	8500000.00	6	51000000.00	987	Argono Farida	Gang Jayawijaya No. 1\nSerang, KU 46498	+62-0564-137-3572	2026-01-01	51000000.00	Product Sale
3432	2025-07-25	5	Laptop Lenovo	8500000.00	8	68000000.00	409	Dr. Ganjaran Salahudin, M.Ak	Gg. Indragiri No. 454\nPekalongan, Sulawesi Tenggara 43387	+62 (063) 729-8828	2025-07-25	68000000.00	Store Sale
3437	2026-05-01	5	Laptop Lenovo	8500000.00	9	76500000.00	902	R. Paulin Susanti	Gang Pasir Koja No. 08\nPekalongan, GO 10726	+62 (704) 917 1255	2026-05-01	76500000.00	Product Sale
3438	2026-02-21	5	Laptop Lenovo	8500000.00	7	59500000.00	963	Drs. Ega Jailani	Gang Rumah Sakit No. 21\nSurakarta, Banten 94966	+62 (61) 719 2666	2026-02-21	59500000.00	Product Sale
3441	2025-12-18	5	Laptop Lenovo	8500000.00	7	59500000.00	747	Warsa Winarsih	Jl. BKR No. 52\nJayapura, PB 25286	(001) 238-8711	2025-12-18	59500000.00	Online Transaction
3443	2026-03-01	5	Laptop Lenovo	8500000.00	8	68000000.00	1554	Indah Riyanti	Jalan Ahmad Yani No. 2\nPekalongan, MA 98530	+62 (394) 244-0730	2026-03-01	68000000.00	Online Transaction
3448	2026-05-28	5	Laptop Lenovo	8500000.00	3	25500000.00	1118	Tantri Padmasari	Jl. Kendalsari No. 91\nBima, BB 13183	+62 (045) 713 4904	2026-05-28	25500000.00	Product Sale
3457	2026-03-30	5	Laptop Lenovo	8500000.00	6	51000000.00	1518	Kenes Wasita	Jalan Abdul Muis No. 733\nSubulussalam, DKI Jakarta 38357	(0917) 577 5286	2026-03-30	51000000.00	Product Sale
3463	2026-07-02	5	Laptop Lenovo	8500000.00	3	25500000.00	992	Cut Gawati Nasyiah	Gang Surapati No. 575\nMetro, SR 44874	+62-058-138-1762	2026-07-02	25500000.00	Product Sale
3469	2026-05-11	5	Laptop Lenovo	8500000.00	7	59500000.00	1738	drg. Siska Uwais, M.M.	Jalan Tubagus Ismail No. 35\nPadang, JB 17664	+62 (0189) 033-1679	2026-05-11	59500000.00	Store Sale
3471	2026-02-02	5	Laptop Lenovo	8500000.00	2	17000000.00	795	Tgk. Cayadi Manullang	Jalan Yos Sudarso No. 86\nPontianak, Jawa Timur 16465	(0863) 485 6782	2026-02-02	17000000.00	Store Sale
3490	2026-06-05	5	Laptop Lenovo	8500000.00	7	59500000.00	1877	Oliva Nurdiyanti	Jalan Sadang Serang No. 45\nPekanbaru, SR 41761	089 421 0122	2026-06-05	59500000.00	Product Sale
3496	2025-10-03	5	Laptop Lenovo	8500000.00	5	42500000.00	641	T. Heryanto Pranowo, S.Pt	Jalan M.T Haryono No. 6\nPadang Sidempuan, BE 13262	+62-0552-178-8213	2025-10-03	42500000.00	Customer Purchase
3499	2026-03-19	5	Laptop Lenovo	8500000.00	2	17000000.00	1821	Maya Gunawan	Gg. Suryakencana No. 0\nTarakan, JI 04603	+62 (949) 222 7827	2026-03-19	17000000.00	Store Sale
3505	2025-10-22	5	Laptop Lenovo	8500000.00	1	8500000.00	619	Rusman Waluyo	Jl. Pacuan Kuda No. 53\nCimahi, Jawa Timur 89463	+62 (0429) 784-1069	2025-10-22	8500000.00	Online Transaction
3506	2025-11-13	5	Laptop Lenovo	8500000.00	10	85000000.00	1666	Intan Haryanto	Gang Suniaraja No. 6\nSabang, Sulawesi Utara 18455	(086) 449-4204	2025-11-13	85000000.00	Store Sale
3508	2026-05-18	5	Laptop Lenovo	8500000.00	8	68000000.00	1288	Alambana Widiastuti	Gg. Sentot Alibasa No. 28\nBalikpapan, GO 50624	+62 (086) 911 4315	2026-05-18	68000000.00	Product Sale
3510	2025-10-04	5	Laptop Lenovo	8500000.00	9	76500000.00	1939	Jinawi Budiman	Jl. Abdul Muis No. 4\nCimahi, JI 66904	+62-72-446-3878	2025-10-04	76500000.00	Product Sale
3511	2025-08-11	5	Laptop Lenovo	8500000.00	9	76500000.00	330	Tgk. Purwa Widiastuti	Jl. Rajiman No. 443\nCilegon, Jambi 99533	(030) 098-0850	2025-08-11	76500000.00	Online Transaction
3512	2025-07-28	5	Laptop Lenovo	8500000.00	5	42500000.00	1177	Drs. Radika Wijayanti, S.E.I	Gg. Kiaracondong No. 1\nCimahi, Papua Barat 35158	(050) 752 4133	2025-07-28	42500000.00	Store Sale
3515	2025-11-10	5	Laptop Lenovo	8500000.00	7	59500000.00	963	Drs. Ega Jailani	Gang Rumah Sakit No. 21\nSurakarta, Banten 94966	+62 (61) 719 2666	2025-11-10	59500000.00	Store Sale
3531	2026-03-06	5	Laptop Lenovo	8500000.00	8	68000000.00	1587	Lili Mustofa	Jl. Kutai No. 050\nLubuklinggau, Jawa Tengah 95282	+62 (0150) 191-5597	2026-03-06	68000000.00	Customer Purchase
3534	2026-01-23	5	Laptop Lenovo	8500000.00	10	85000000.00	244	Bella Nuraini, M.Farm	Gg. Rajawali Barat No. 6\nBanjarbaru, Kalimantan Selatan 39092	+62 (08) 616-5110	2026-01-23	85000000.00	Online Transaction
3535	2026-04-09	5	Laptop Lenovo	8500000.00	2	17000000.00	358	Kacung Permadi	Gg. Sukajadi No. 803\nBitung, BT 86171	+62-0866-664-1555	2026-04-09	17000000.00	Customer Purchase
3538	2026-01-09	5	Laptop Lenovo	8500000.00	4	34000000.00	111	Chelsea Gunawan, S.IP	Gang Stasiun Wonokromo No. 74\nMataram, Jambi 83360	+62 (0962) 386 4921	2026-01-09	34000000.00	Product Sale
3541	2025-08-10	5	Laptop Lenovo	8500000.00	4	34000000.00	76	Silvia Hutasoit	NULL	+62-058-785-2227	2025-08-10	34000000.00	Customer Purchase
3548	2026-05-17	5	Laptop Lenovo	8500000.00	7	59500000.00	1501	Ir. Dimas Utami, S.Sos	Gg. Gedebage Selatan No. 9\nBau-Bau, KT 49143	(072) 645 6599	2026-05-17	59500000.00	Store Sale
3554	2025-10-01	5	Laptop Lenovo	8500000.00	6	51000000.00	655	Puti Yessi Kusmawati	Gang Cihampelas No. 24\nPagaralam, Riau 94722	+62 (0095) 190-4671	2025-10-01	51000000.00	Online Transaction
3564	2025-08-03	5	Laptop Lenovo	8500000.00	1	8500000.00	251	Bagiya Megantara	Jl. Cihampelas No. 53\nSawahlunto, Kalimantan Selatan 37528	+62 (42) 514 3974	2025-08-03	8500000.00	Customer Purchase
3567	2026-04-08	5	Laptop Lenovo	8500000.00	4	34000000.00	1321	Kamila Maulana	Jalan Wonoayu No. 443\nPematangsiantar, Nusa Tenggara Barat 38062	+62-928-474-9857	2026-04-08	34000000.00	Customer Purchase
3571	2026-06-17	5	Laptop Lenovo	8500000.00	5	42500000.00	314	Kenes Wasita	Gg. Cempaka No. 7\nKota Administrasi Jakarta Selatan, Gorontalo 27012	+62 (065) 195-8953	2026-06-17	42500000.00	Online Transaction
3574	2026-06-07	5	Laptop Lenovo	8500000.00	7	59500000.00	713	R. Xanana Ramadan, S.Psi	Jl. Rajiman No. 7\nPematangsiantar, Bali 29365	+62 (188) 502-4190	2026-06-07	59500000.00	Product Sale
3575	2025-12-14	5	Laptop Lenovo	8500000.00	8	68000000.00	372	Amelia Sirait	Jl. S. Parman No. 78\nLangsa, Aceh 05907	(0302) 342 4183	2025-12-14	68000000.00	Store Sale
3579	2025-11-03	5	Laptop Lenovo	8500000.00	4	34000000.00	1945	Salwa Waskita, M.Ak	Jl. Sadang Serang No. 788\nTanjungbalai, JI 98155	089 973 0056	2025-11-03	34000000.00	Online Transaction
3583	2026-06-08	5	Laptop Lenovo	8500000.00	4	34000000.00	601	Atma Prayoga, S.E.I	Gang Surapati No. 98\nKediri, BB 62329	(0101) 630-1828	2026-06-08	34000000.00	Customer Purchase
3591	2025-11-30	5	Laptop Lenovo	8500000.00	7	59500000.00	1853	Nugraha Anggriawan	Gang Gardujati No. 9\nBitung, Maluku Utara 33476	+62 (385) 216 6931	2025-11-30	59500000.00	Online Transaction
3592	2025-12-09	5	Laptop Lenovo	8500000.00	2	17000000.00	1327	Lanjar Siregar	Jalan Bangka Raya No. 334\nKupang, Aceh 25470	(0459) 439 1874	2025-12-09	17000000.00	Customer Purchase
3601	2025-08-20	5	Laptop Lenovo	8500000.00	8	68000000.00	318	Puput Puspita	Gg. Jend. A. Yani No. 72\nMakassar, Nusa Tenggara Timur 83090	+62 (080) 893-7103	2025-08-20	68000000.00	Online Transaction
3606	2026-03-19	5	Laptop Lenovo	8500000.00	8	68000000.00	1673	Cahyadi Dongoran	Jalan Surapati No. 93\nLubuklinggau, Jawa Timur 96880	+62-0237-235-9801	2026-03-19	68000000.00	Online Transaction
3609	2026-06-30	5	Laptop Lenovo	8500000.00	7	59500000.00	226	Elma Januar	Gg. Rajawali Timur No. 6\nPasuruan, Kepulauan Bangka Belitung 82770	+62 (843) 613 8188	2026-06-30	59500000.00	Online Transaction
3612	2026-06-29	5	Laptop Lenovo	8500000.00	8	68000000.00	375	Restu Haryanto, S.E.	Gang R.E Martadinata No. 32\nCilegon, Sumatera Selatan 18950	+62 (084) 114-5716	2026-06-29	68000000.00	Online Transaction
3616	2026-02-26	5	Laptop Lenovo	8500000.00	1	8500000.00	1768	Purwadi Putra	Jl. Sentot Alibasa No. 46\nMagelang, JB 16921	+62 (098) 200 1229	2026-02-26	8500000.00	Online Transaction
3617	2025-10-12	5	Laptop Lenovo	8500000.00	3	25500000.00	1859	Salsabila Hidayanto	Gg. Waringin No. 57\nMetro, Sulawesi Utara 74468	+62 (0937) 388-7404	2025-10-12	25500000.00	Customer Purchase
3618	2026-05-01	5	Laptop Lenovo	8500000.00	6	51000000.00	1843	Puji Wijayanti	Jl. Dipenogoro No. 5\nMagelang, Jawa Tengah 55251	+62-082-933-8227	2026-05-01	51000000.00	Online Transaction
3619	2025-07-16	5	Laptop Lenovo	8500000.00	5	42500000.00	1473	Cinta Usamah	NULL	+62-047-826-0814	2025-07-16	42500000.00	Store Sale
3621	2025-09-01	5	Laptop Lenovo	8500000.00	3	25500000.00	949	Cengkir Mustofa	Jalan Tebet Barat Dalam No. 8\nSolok, KB 53264	+62 (0564) 668 2691	2025-09-01	25500000.00	Online Transaction
3622	2026-06-04	5	Laptop Lenovo	8500000.00	8	68000000.00	593	Xanana Oktaviani, S.Pt	Gg. Rajiman No. 721\nPalu, Maluku 23365	(0734) 881-6832	2026-06-04	68000000.00	Customer Purchase
3625	2026-01-18	5	Laptop Lenovo	8500000.00	8	68000000.00	1241	Jelita Dongoran	Gang Jayawijaya No. 4\nDumai, PB 21565	+62-808-651-4949	2026-01-18	68000000.00	Store Sale
3637	2025-12-22	5	Laptop Lenovo	8500000.00	1	8500000.00	18	Salsabila Wijaya	Gang M.H Thamrin No. 770\nTomohon, PA 67398	+62 (749) 365 1228	2025-12-22	8500000.00	Store Sale
3638	2026-04-10	5	Laptop Lenovo	8500000.00	4	34000000.00	1902	R. Paulin Susanti	Gang Pasir Koja No. 08\nPekalongan, GO 10726	+62 (704) 917 1255	2026-04-10	34000000.00	Store Sale
3642	2025-09-05	5	Laptop Lenovo	8500000.00	7	59500000.00	59	Tgk. Fathonah Nurdiyanti, S.IP	Gang Dipenogoro No. 71\nBitung, Sulawesi Selatan 07399	+62-715-710-0695	2025-09-05	59500000.00	Store Sale
3643	2026-02-09	5	Laptop Lenovo	8500000.00	3	25500000.00	1248	Atma Zulkarnain	Jl. Cempaka No. 1\nPalembang, BT 53457	+62-78-614-2379	2026-02-09	25500000.00	Customer Purchase
3647	2026-04-26	5	Laptop Lenovo	8500000.00	6	51000000.00	775	Safina Lazuardi	Jl. Cihampelas No. 28\nMetro, GO 69647	(0620) 067-2200	2026-04-26	51000000.00	Store Sale
3649	2025-07-08	5	Laptop Lenovo	8500000.00	6	51000000.00	327	Lanjar Siregar	Jalan Bangka Raya No. 334\nKupang, Aceh 25470	(0459) 439 1874	2025-07-08	51000000.00	Online Transaction
3653	2025-12-25	5	Laptop Lenovo	8500000.00	1	8500000.00	1962	Lala Saptono	Jalan Kutisari Selatan No. 6\nTebingtinggi, NT 73780	+62 (048) 694 6635	2025-12-25	8500000.00	Product Sale
3659	2025-09-20	5	Laptop Lenovo	8500000.00	5	42500000.00	180	Rendy Saptono	Jl. Pasirkoja No. 4\nTernate, Papua Barat 68603	(041) 025-2209	2025-09-20	42500000.00	Product Sale
3676	2026-01-31	5	Laptop Lenovo	8500000.00	6	51000000.00	1850	Novi Samosir, S.E.I	Gang Monginsidi No. 1\nBukittinggi, Sulawesi Selatan 25939	+62-088-430-2551	2026-01-31	51000000.00	Online Transaction
3697	2026-01-08	5	Laptop Lenovo	8500000.00	5	42500000.00	1827	Garan Saragih	Gg. Rajawali Timur No. 8\nKota Administrasi Jakarta Pusat, Nusa Tenggara Barat 01826	+62 (92) 172-3972	2026-01-08	42500000.00	Store Sale
3698	2026-04-06	5	Laptop Lenovo	8500000.00	2	17000000.00	1582	Bakidin Aryani	Jl. M.H Thamrin No. 877\nTanjungpinang, JT 06726	+62 (92) 483 6706	2026-04-06	17000000.00	Product Sale
3705	2026-06-21	5	Laptop Lenovo	8500000.00	10	85000000.00	287	Mulya Lestari	Jalan Pasir Koja No. 355\nPadangpanjang, SR 77285	+62-923-877-8964	2026-06-21	85000000.00	Online Transaction
3710	2026-02-20	5	Laptop Lenovo	8500000.00	1	8500000.00	168	Titi Pertiwi, S.IP	Gg. KH Amin Jasuta No. 160\nBontang, RI 79030	+62-908-442-7145	2026-02-20	8500000.00	Customer Purchase
3712	2026-05-08	5	Laptop Lenovo	8500000.00	2	17000000.00	861	Umay Usada, S.IP	Jalan M.H Thamrin No. 92\nPurwokerto, Kalimantan Timur 84397	+62 (05) 161-7721	2026-05-08	17000000.00	Customer Purchase
3722	2026-01-17	5	Laptop Lenovo	8500000.00	2	17000000.00	932	R.M. Luluh Purwanti, S.E.	Jalan Kebonjati No. 95\nSamarinda, ST 11719	(095) 504 5884	2026-01-17	17000000.00	Product Sale
3724	2026-03-01	5	Laptop Lenovo	8500000.00	7	59500000.00	425	R. Unjani Siregar	Gg. Setiabudhi No. 631\nPurwokerto, Papua Barat 25422	0854449235	2026-03-01	59500000.00	Store Sale
3727	2025-08-08	5	Laptop Lenovo	8500000.00	7	59500000.00	1995	Yunita Nashiruddin	Jl. Gegerkalong Hilir No. 133\nBanjarmasin, Jawa Barat 19986	(092) 928 6539	2025-08-08	59500000.00	Store Sale
3731	2026-03-27	5	Laptop Lenovo	8500000.00	8	68000000.00	614	R.A. Ida Marbun	Jl. M.T Haryono No. 7\nSurakarta, Papua Barat 44787	+62 (091) 833-1955	2026-03-27	68000000.00	Online Transaction
3734	2026-01-29	5	Laptop Lenovo	8500000.00	1	8500000.00	1027	Adinata Nainggolan, M.Farm	Gang Veteran No. 60\nSungai Penuh, GO 70407	0818762012	2026-01-29	8500000.00	Product Sale
3740	2026-01-21	5	Laptop Lenovo	8500000.00	6	51000000.00	389	Ir. Halim Laksmiwati	Gg. Kendalsari No. 48\nKotamobagu, MA 56464	+62-004-675-8017	2026-01-21	51000000.00	Product Sale
3747	2025-10-03	5	Laptop Lenovo	8500000.00	10	85000000.00	548	Tgk. Najam Simbolon	Jalan Sukajadi No. 647\nTarakan, AC 72530	(0555) 963 2042	2025-10-03	85000000.00	Product Sale
3751	2025-10-05	5	Laptop Lenovo	8500000.00	10	85000000.00	138	Kawaca Prasetya	Jl. HOS. Cokroaminoto No. 32\nPurwokerto, Maluku Utara 82249	+62 (0378) 309-4315	2025-10-05	85000000.00	Product Sale
3758	2026-07-01	5	Laptop Lenovo	8500000.00	6	51000000.00	620	Natalia Andriani	Gg. Cikutra Barat No. 868\nSawahlunto, KU 78966	+62-0595-541-8433	2026-07-01	51000000.00	Customer Purchase
3782	2025-09-10	5	Laptop Lenovo	8500000.00	3	25500000.00	346	Kiandra Salahudin	Jalan KH Amin Jasuta No. 1\nTernate, NB 71316	+62-72-060-7251	2025-09-10	25500000.00	Customer Purchase
3783	2026-04-27	5	Laptop Lenovo	8500000.00	6	51000000.00	656	Tgk. Jagapati Pranowo	Gang Rawamangun No. 87\nPalu, GO 03885	+62 (0190) 309-3295	2026-04-27	51000000.00	Product Sale
3796	2026-03-10	5	Laptop Lenovo	8500000.00	9	76500000.00	1685	Drs. Mujur Permadi, M.TI.	Gg. Sadang Serang No. 492\nMadiun, Sulawesi Tengah 98806	(0363) 716 0945	2026-03-10	76500000.00	Online Transaction
3799	2025-07-27	5	Laptop Lenovo	8500000.00	5	42500000.00	749	Drs. Lantar Halim, S.E.	Jalan Rungkut Industri No. 053\nDepok, Kalimantan Timur 29620	085 158 7759	2025-07-27	42500000.00	Store Sale
3806	2025-08-05	5	Laptop Lenovo	8500000.00	3	25500000.00	488	Gilda Hariyah	Jalan KH Amin Jasuta No. 0\nLubuklinggau, SN 59867	+62 (0450) 260 4319	2025-08-05	25500000.00	Store Sale
3808	2025-07-12	5	Laptop Lenovo	8500000.00	5	42500000.00	116	Tira Palastri, S.Sos	Jl. Laswi No. 700\nKota Administrasi Jakarta Utara, LA 68504	(039) 778-6028	2025-07-12	42500000.00	Store Sale
3812	2026-01-03	5	Laptop Lenovo	8500000.00	7	59500000.00	566	Ulya Suwarno	Gang Gegerkalong Hilir No. 093\nPalu, Kepulauan Bangka Belitung 71219	+62 (086) 927-3358	2026-01-03	59500000.00	Online Transaction
3835	2026-05-21	5	Laptop Lenovo	8500000.00	1	8500000.00	1601	Atma Prayoga, S.E.I	Gang Surapati No. 98\nKediri, BB 62329	(0101) 630-1828	2026-05-21	8500000.00	Online Transaction
3836	2026-04-25	5	Laptop Lenovo	8500000.00	7	59500000.00	1441	Puji Prasetyo	Jl. Soekarno Hatta No. 443\nPekanbaru, JB 01756	+62-142-409-6983	2026-04-25	59500000.00	Customer Purchase
3841	2025-10-02	5	Laptop Lenovo	8500000.00	3	25500000.00	474	Bahuwirya Yolanda	Gg. Asia Afrika No. 2\nJayapura, Bali 46698	(017) 602 2790	2025-10-02	25500000.00	Product Sale
3871	2025-08-12	5	Laptop Lenovo	8500000.00	1	8500000.00	1845	Gamanto Mayasari	Gg. Rajawali Timur No. 526\nMedan, MU 65008	(0223) 923-0931	2025-08-12	8500000.00	Customer Purchase
3881	2025-11-29	5	Laptop Lenovo	8500000.00	10	85000000.00	1169	Purwadi Waskita	Jalan Kiaracondong No. 1\nParepare, Riau 24340	(016) 886 1328	2025-11-29	85000000.00	Store Sale
3885	2026-06-16	5	Laptop Lenovo	8500000.00	2	17000000.00	1571	Farah Handayani	Gang Dr. Djunjunan No. 2\nPalopo, JA 38706	+62-12-207-3522	2026-06-16	17000000.00	Product Sale
3890	2026-02-14	5	Laptop Lenovo	8500000.00	1	8500000.00	1634	Mala Dabukke	Jalan Abdul Muis No. 09\nPekalongan, Papua Barat 17089	+62-07-269-6440	2026-02-14	8500000.00	Customer Purchase
3894	2025-09-14	5	Laptop Lenovo	8500000.00	4	34000000.00	468	Dt. Karman Suartini	Jalan Dipenogoro No. 8\nMeulaboh, Maluku Utara 29252	+62-412-341-0886	2025-09-14	34000000.00	Store Sale
3899	2025-12-20	5	Laptop Lenovo	8500000.00	7	59500000.00	740	Tgk. Legawa Damanik, M.Ak	Gang Cihampelas No. 835\nKota Administrasi Jakarta Selatan, Lampung 04267	(0575) 803 5858	2025-12-20	59500000.00	Customer Purchase
3902	2026-03-25	5	Laptop Lenovo	8500000.00	7	59500000.00	225	Wani Januar	Gg. Cikutra Barat No. 4\nDepok, RI 45425	+62-362-951-9667	2026-03-25	59500000.00	Customer Purchase
3907	2026-06-27	5	Laptop Lenovo	8500000.00	5	42500000.00	180	Rendy Saptono	Jl. Pasirkoja No. 4\nTernate, Papua Barat 68603	(041) 025-2209	2026-06-27	42500000.00	Customer Purchase
3909	2026-06-26	5	Laptop Lenovo	8500000.00	6	51000000.00	1817	Drs. Alika Zulaika	Jalan Medokan Ayu No. 4\nBima, Bali 81045	+62 (295) 497-1612	2026-06-26	51000000.00	Product Sale
3915	2026-06-11	5	Laptop Lenovo	8500000.00	4	34000000.00	325	Panji Nasyidah, S.Pd	Gang Waringin No. 673\nSerang, KR 33743	+62 (0146) 751 0226	2026-06-11	34000000.00	Online Transaction
3923	2025-07-24	5	Laptop Lenovo	8500000.00	2	17000000.00	1648	Harimurti Wastuti	Jalan Ronggowarsito No. 602\nLangsa, KI 65130	+62 (0428) 482 8198	2025-07-24	17000000.00	Store Sale
3933	2026-01-15	5	Laptop Lenovo	8500000.00	5	42500000.00	1302	Bagya Tarihoran	Gg. Rungkut Industri No. 09\nBanjar, BE 39599	+62 (0399) 619-2520	2026-01-15	42500000.00	Online Transaction
3935	2025-10-13	5	Laptop Lenovo	8500000.00	4	34000000.00	1653	drg. Iriana Damanik, M.Pd	Gg. Erlangga No. 0\nKota Administrasi Jakarta Selatan, Aceh 17383	+62 (069) 258-1232	2025-10-13	34000000.00	Customer Purchase
3941	2026-07-08	5	Laptop Lenovo	8500000.00	8	68000000.00	930	Salman Thamrin	Jalan Kutai No. 091\nBatam, Aceh 16878	0873741727	2026-07-08	68000000.00	Store Sale
3947	2025-10-13	5	Laptop Lenovo	8500000.00	1	8500000.00	931	Cemplunk Mandasari, S.H.	Gg. Antapani Lama No. 02\nLangsa, NT 32139	+62-0333-421-6537	2025-10-13	8500000.00	Store Sale
3963	2026-05-16	5	Laptop Lenovo	8500000.00	7	59500000.00	369	Okto Saragih	Jalan Sukabumi No. 85\nBinjai, JA 61246	(047) 823 6480	2026-05-16	59500000.00	Online Transaction
3968	2025-12-16	5	Laptop Lenovo	8500000.00	3	25500000.00	1035	Hj. Oliva Anggriawan	NULL	+62 (470) 564 7145	2025-12-16	25500000.00	Product Sale
3975	2025-10-07	5	Laptop Lenovo	8500000.00	5	42500000.00	597	Najwa Saefullah, S.Ked	Jalan Veteran No. 5\nPekanbaru, Papua Barat 35738	+62 (027) 775-8192	2025-10-07	42500000.00	Online Transaction
3977	2026-03-15	5	Laptop Lenovo	8500000.00	7	59500000.00	1151	Dt. Harsanto Kusumo	Gg. KH Amin Jasuta No. 24\nPekalongan, Sulawesi Selatan 58688	+62 (069) 132-3241	2026-03-15	59500000.00	Customer Purchase
3982	2025-10-18	5	Laptop Lenovo	8500000.00	10	85000000.00	1149	Rizki Saefullah	Gg. Stasiun Wonokromo No. 9\nCirebon, MA 05661	+62 (10) 608-2658	2025-10-18	85000000.00	Online Transaction
3988	2025-09-17	5	Laptop Lenovo	8500000.00	3	25500000.00	1442	Cemani Marpaung	Gang Tebet Barat Dalam No. 73\nKotamobagu, Papua Barat 42346	+62 (070) 249 4382	2025-09-17	25500000.00	Product Sale
3990	2025-10-30	5	Laptop Lenovo	8500000.00	10	85000000.00	48	Alika Hutapea	Gg. Gardujati No. 4\nBitung, Maluku Utara 30186	(020) 909-8707	2025-10-30	85000000.00	Customer Purchase
3992	2025-10-31	5	Laptop Lenovo	8500000.00	8	68000000.00	58	Drs. Ika Hidayanto, M.TI.	Gg. W.R. Supratman No. 191\nTernate, SU 14718	(0677) 980-6219	2025-10-31	68000000.00	Online Transaction
3994	2026-05-28	5	Laptop Lenovo	8500000.00	8	68000000.00	1214	Padmi Suwarno	Gg. Medokan Ayu No. 7\nBitung, Jambi 64834	+62 (005) 418 4120	2026-05-28	68000000.00	Online Transaction
3997	2025-07-16	5	Laptop Lenovo	8500000.00	9	76500000.00	1532	Fitria Saptono	Jalan Suniaraja No. 0\nTebingtinggi, Jawa Tengah 61025	086 522 5147	2025-07-16	76500000.00	Product Sale
4002	2025-08-08	5	Laptop Lenovo	8500000.00	3	25500000.00	981	Cut Zahra Sinaga	Gang Waringin No. 27\nProbolinggo, Sulawesi Utara 02426	+62 (614) 519-1537	2025-08-08	25500000.00	Online Transaction
4004	2025-10-28	5	Laptop Lenovo	8500000.00	7	59500000.00	441	Puji Prasetyo	Jl. Soekarno Hatta No. 443\nPekanbaru, JB 01756	+62-142-409-6983	2025-10-28	59500000.00	Product Sale
4005	2026-05-20	5	Laptop Lenovo	8500000.00	10	85000000.00	720	Drs. Kayla Pratama, S.Psi	Gang Tubagus Ismail No. 879\nKendari, Kalimantan Barat 46470	087 528 4828	2026-05-20	85000000.00	Online Transaction
4037	2025-07-23	5	Laptop Lenovo	8500000.00	7	59500000.00	1674	Murti Dongoran	Jl. Jayawijaya No. 9\nSungai Penuh, DKI Jakarta 42365	+62 (583) 793-2038	2025-07-23	59500000.00	Customer Purchase
4040	2025-07-19	5	Laptop Lenovo	8500000.00	9	76500000.00	211	Gabriella Ramadan	Gg. Pasteur No. 12\nTegal, Maluku 15325	+62-782-222-6941	2025-07-19	76500000.00	Store Sale
4044	2026-04-15	5	Laptop Lenovo	8500000.00	6	51000000.00	1941	Unjani Siregar	Jalan Cihampelas No. 5\nPangkalpinang, Banten 85978	+62 (006) 226-2509	2026-04-15	51000000.00	Customer Purchase
4046	2026-04-10	5	Laptop Lenovo	8500000.00	5	42500000.00	1914	Johan Mandala	Gg. Siliwangi No. 95\nTarakan, Kalimantan Selatan 03612	+62 (06) 486 3997	2026-04-10	42500000.00	Product Sale
4051	2026-05-14	5	Laptop Lenovo	8500000.00	3	25500000.00	262	Laila Firgantoro, S.T.	Gang Stasiun Wonokromo No. 0\nKendari, KB 02830	(0969) 056 1266	2026-05-14	25500000.00	Store Sale
4058	2025-08-30	5	Laptop Lenovo	8500000.00	10	85000000.00	942	Dt. Cengkal Napitupulu, S.Pd	Jl. Suryakencana No. 54\nMakassar, KI 56314	(037) 007-8697	2025-08-30	85000000.00	Product Sale
4063	2026-03-17	5	Laptop Lenovo	8500000.00	8	68000000.00	1616	Hj. Rahayu Suartini	Jalan Medokan Ayu No. 7\nJambi, SS 54038	+62 (27) 246-5718	2026-03-17	68000000.00	Store Sale
4064	2026-01-11	5	Laptop Lenovo	8500000.00	9	76500000.00	813	Kartika Sihotang	Jalan Pelajar Pejuang No. 9\nBandar Lampung, Jawa Tengah 83928	+62 (42) 960-3907	2026-01-11	76500000.00	Customer Purchase
4065	2025-07-12	5	Laptop Lenovo	8500000.00	3	25500000.00	569	Tantri Wijaya, M.Pd	Gang Laswi No. 6\nMetro, Kalimantan Utara 74513	+62-0812-459-2842	2025-07-12	25500000.00	Online Transaction
4068	2026-02-14	5	Laptop Lenovo	8500000.00	10	85000000.00	1244	Bella Nuraini, M.Farm	Gg. Rajawali Barat No. 6\nBanjarbaru, Kalimantan Selatan 39092	+62 (08) 616-5110	2026-02-14	85000000.00	Customer Purchase
4071	2026-07-06	5	Laptop Lenovo	8500000.00	5	42500000.00	296	Prayitna Rahayu, S.Sos	Jalan Indragiri No. 26\nTarakan, Jawa Tengah 36129	+62-155-299-8916	2026-07-06	42500000.00	Store Sale
4072	2026-02-27	5	Laptop Lenovo	8500000.00	4	34000000.00	430	Cengkal Farida	Jl. Abdul Muis No. 066\nBukittinggi, PA 51106	+62 (652) 209 4581	2026-02-27	34000000.00	Store Sale
4085	2025-11-29	5	Laptop Lenovo	8500000.00	4	34000000.00	248	Atma Zulkarnain	Jl. Cempaka No. 1\nPalembang, BT 53457	+62-78-614-2379	2025-11-29	34000000.00	Product Sale
4101	2025-08-31	5	Laptop Lenovo	8500000.00	6	51000000.00	387	Hilda Wibowo	Jl. M.H Thamrin No. 30\nBatam, Papua 16285	+62-62-307-3718	2025-08-31	51000000.00	Store Sale
4104	2025-08-04	5	Laptop Lenovo	8500000.00	6	51000000.00	118	Tantri Padmasari	Jl. Kendalsari No. 91\nBima, BB 13183	+62 (045) 713 4904	2025-08-04	51000000.00	Store Sale
4108	2025-07-28	5	Laptop Lenovo	8500000.00	2	17000000.00	60	Puspa Oktaviani	Gg. Rajawali Barat No. 4\nBukittinggi, Banten 67152	+62 (873) 421 9508	2025-07-28	17000000.00	Customer Purchase
4129	2026-04-03	5	Laptop Lenovo	8500000.00	1	8500000.00	942	Dt. Cengkal Napitupulu, S.Pd	Jl. Suryakencana No. 54\nMakassar, KI 56314	(037) 007-8697	2026-04-03	8500000.00	Online Transaction
4142	2025-08-12	5	Laptop Lenovo	8500000.00	9	76500000.00	1463	Hasna Firgantoro	Gang Rajawali Barat No. 258\nPangkalpinang, Jawa Timur 02296	+62 (18) 213-1551	2025-08-12	76500000.00	Store Sale
4147	2025-09-04	5	Laptop Lenovo	8500000.00	10	85000000.00	384	Iriana Nashiruddin	Gang Gedebage Selatan No. 10\nKota Administrasi Jakarta Utara, JK 17426	+62 (0153) 655 0257	2025-09-04	85000000.00	Store Sale
4153	2026-06-28	5	Laptop Lenovo	8500000.00	7	59500000.00	1741	Eva Fujiati	Gang M.T Haryono No. 85\nKota Administrasi Jakarta Barat, MU 14524	+62 (99) 120-7359	2026-06-28	59500000.00	Store Sale
4155	2026-05-09	5	Laptop Lenovo	8500000.00	2	17000000.00	1397	R. Oliva Utama	Gang Gardujati No. 99\nBengkulu, Kalimantan Barat 13837	+62-052-476-4214	2026-05-09	17000000.00	Product Sale
4156	2025-08-17	5	Laptop Lenovo	8500000.00	2	17000000.00	825	Jarwadi Sinaga, S.Pd	Jalan Setiabudhi No. 939\nPayakumbuh, Sulawesi Barat 51466	+62-644-609-6367	2025-08-17	17000000.00	Product Sale
4157	2026-04-06	5	Laptop Lenovo	8500000.00	8	68000000.00	670	Luwes Maryati	Jl. Gardujati No. 365\nManado, BE 31573	(063) 549-3447	2026-04-06	68000000.00	Product Sale
4164	2026-04-17	5	Laptop Lenovo	8500000.00	10	85000000.00	52	Mulyanto Pradipta	Jalan Sukabumi No. 311\nSawahlunto, Lampung 23937	(0475) 705 8424	2026-04-17	85000000.00	Store Sale
4171	2026-04-05	5	Laptop Lenovo	8500000.00	4	34000000.00	1	Test Data	Jakarta	0800000000	2026-04-05	34000000.00	Store Sale
4172	2025-11-06	5	Laptop Lenovo	8500000.00	4	34000000.00	1986	dr. Kambali Waskita, M.Pd	Gg. S. Parman No. 0\nSolok, MU 69709	+62-811-402-8937	2025-11-06	34000000.00	Product Sale
4179	2026-04-28	5	Laptop Lenovo	8500000.00	4	34000000.00	903	Puti Amelia Hardiansyah	Gang Soekarno Hatta No. 74\nSamarinda, Papua 56675	0875824233	2026-04-28	34000000.00	Product Sale
4187	2025-11-13	5	Laptop Lenovo	8500000.00	6	51000000.00	547	Dt. Ilyas Hariyah, S.Pd	Jalan Bangka Raya No. 37\nPalopo, SR 95364	+62-315-898-8526	2025-11-13	51000000.00	Customer Purchase
4189	2025-10-09	5	Laptop Lenovo	8500000.00	2	17000000.00	1469	Ir. Legawa Tampubolon, S.T.	Gg. BKR No. 2\nBogor, GO 20820	+62 (225) 952-8088	2025-10-09	17000000.00	Product Sale
4192	2025-07-12	5	Laptop Lenovo	8500000.00	6	51000000.00	1910	Jail Agustina	Jl. Suryakencana No. 6\nKota Administrasi Jakarta Selatan, SS 10933	+62 (32) 800-0281	2025-07-12	51000000.00	Customer Purchase
4193	2026-06-02	5	Laptop Lenovo	8500000.00	1	8500000.00	173	Sutan Prabu Prayoga	Jl. K.H. Wahid Hasyim No. 56\nMalang, Lampung 01824	(028) 962-5474	2026-06-02	8500000.00	Customer Purchase
4199	2026-01-23	5	Laptop Lenovo	8500000.00	5	42500000.00	719	Yance Sitompul	Gg. Dipatiukur No. 10\nKota Administrasi Jakarta Utara, Gorontalo 51623	(0631) 288 1820	2026-01-23	42500000.00	Product Sale
4200	2026-01-13	5	Laptop Lenovo	8500000.00	5	42500000.00	1417	Legawa Saragih	Jl. Sukajadi No. 665\nPontianak, Sulawesi Barat 29760	+62 (0722) 259 1538	2026-01-13	42500000.00	Customer Purchase
4205	2026-05-19	5	Laptop Lenovo	8500000.00	1	8500000.00	463	Hasna Firgantoro	Gang Rajawali Barat No. 258\nPangkalpinang, Jawa Timur 02296	+62 (18) 213-1551	2026-05-19	8500000.00	Product Sale
4207	2025-11-16	5	Laptop Lenovo	8500000.00	7	59500000.00	1198	Azalea Sihombing	Jalan Cempaka No. 771\nMadiun, Bengkulu 54637	+62-020-998-3110	2025-11-16	59500000.00	Online Transaction
4213	2026-05-07	5	Laptop Lenovo	8500000.00	1	8500000.00	1955	Jefri Pratama	Jl. Dr. Djunjunan No. 73\nMataram, JI 08842	+62 (0573) 706-2754	2026-05-07	8500000.00	Store Sale
4215	2026-03-25	5	Laptop Lenovo	8500000.00	8	68000000.00	1528	Drs. Puji Adriansyah, S.E.	Gang W.R. Supratman No. 344\nMetro, Bali 36336	+62 (043) 976 8469	2026-03-25	68000000.00	Product Sale
4223	2026-03-16	5	Laptop Lenovo	8500000.00	6	51000000.00	1869	Wardaya Yolanda, M.Ak	Gang Raya Ujungberung No. 37\nSingkawang, Maluku 83110	+62 (19) 192 6406	2026-03-16	51000000.00	Online Transaction
4227	2026-03-12	5	Laptop Lenovo	8500000.00	5	42500000.00	1720	Drs. Kayla Pratama, S.Psi	Gang Tubagus Ismail No. 879\nKendari, Kalimantan Barat 46470	087 528 4828	2026-03-12	42500000.00	Customer Purchase
4229	2026-03-11	5	Laptop Lenovo	8500000.00	7	59500000.00	839	Iriana Wijayanti	Gang Gegerkalong Hilir No. 33\nBalikpapan, DI Yogyakarta 02460	+62 (0801) 919 2499	2026-03-11	59500000.00	Customer Purchase
4248	2025-12-16	5	Laptop Lenovo	8500000.00	3	25500000.00	1774	Enteng Hasanah, S.H.	Gang Gardujati No. 0\nKota Administrasi Jakarta Utara, Maluku Utara 30804	0857096614	2025-12-16	25500000.00	Store Sale
4255	2026-01-05	5	Laptop Lenovo	8500000.00	3	25500000.00	1174	drg. Raditya Wibowo, S.Farm	Jl. Rajiman No. 045\nYogyakarta, SB 12238	+62-262-664-5442	2026-01-05	25500000.00	Online Transaction
4260	2025-07-25	5	Laptop Lenovo	8500000.00	8	68000000.00	347	Ana Nurdiyanti	Jl. Suryakencana No. 9\nDepok, KU 68714	+62 (0194) 996-0169	2025-07-25	68000000.00	Store Sale
4261	2026-05-03	5	Laptop Lenovo	8500000.00	5	42500000.00	1952	T. Adika Thamrin, M.TI.	Jalan Kapten Muslihat No. 044\nBanda Aceh, SR 11602	+62 (119) 456 0653	2026-05-03	42500000.00	Product Sale
4265	2026-01-17	5	Laptop Lenovo	8500000.00	1	8500000.00	67	Ozy Habibi, S.Ked	Gang Astana Anyar No. 007\nLangsa, Kepulauan Bangka Belitung 34897	+62 (0305) 439 1971	2026-01-17	8500000.00	Product Sale
4268	2026-07-07	5	Laptop Lenovo	8500000.00	10	85000000.00	792	Tami Handayani, S.Pt	Jl. Rumah Sakit No. 9\nPalu, JT 65913	+62 (117) 796 3152	2026-07-07	85000000.00	Online Transaction
4270	2025-12-18	5	Laptop Lenovo	8500000.00	9	76500000.00	1226	Elma Januar	Gg. Rajawali Timur No. 6\nPasuruan, Kepulauan Bangka Belitung 82770	+62 (843) 613 8188	2025-12-18	76500000.00	Customer Purchase
4275	2026-01-01	5	Laptop Lenovo	8500000.00	6	51000000.00	937	T. Kadir Simbolon	Gang Jend. Sudirman No. 548\nPontianak, Sulawesi Tengah 40307	+62-0425-086-2806	2026-01-01	51000000.00	Customer Purchase
4277	2025-09-05	5	Laptop Lenovo	8500000.00	1	8500000.00	976	KH. Banawi Mandasari	Jalan Astana Anyar No. 228\nPariaman, MU 94687	+62-973-400-4830	2025-09-05	8500000.00	Store Sale
4280	2025-08-28	5	Laptop Lenovo	8500000.00	3	25500000.00	730	Hafshah Waluyo, S.E.I	Gang Ahmad Dahlan No. 3\nTangerang Selatan, JT 67632	(0684) 483-7617	2025-08-28	25500000.00	Customer Purchase
4287	2026-06-11	5	Laptop Lenovo	8500000.00	3	25500000.00	1551	Ifa Iswahyudi	Jl. Ahmad Yani No. 6\nKota Administrasi Jakarta Timur, Maluku 39552	(046) 140 5524	2026-06-11	25500000.00	Product Sale
4292	2025-12-18	5	Laptop Lenovo	8500000.00	1	8500000.00	1789	R.A. Tiara Zulkarnain	Jalan K.H. Wahid Hasyim No. 972\nMalang, LA 29436	+62-043-558-1542	2025-12-18	8500000.00	Online Transaction
4301	2026-05-28	5	Laptop Lenovo	8500000.00	1	8500000.00	1010	Farah Budiman	Gg. Suniaraja No. 03\nPasuruan, Jawa Tengah 49852	+62 (0011) 838-8680	2026-05-28	8500000.00	Customer Purchase
4314	2025-08-02	5	Laptop Lenovo	8500000.00	9	76500000.00	537	Dr. Jatmiko Nasyiah, S.IP	Jalan Sukajadi No. 48\nTidore Kepulauan, BA 65656	(0908) 006 2693	2025-08-02	76500000.00	Customer Purchase
4316	2026-05-29	5	Laptop Lenovo	8500000.00	1	8500000.00	1849	Tania Marpaung	Jl. Sadang Serang No. 383\nSurakarta, KB 14986	+62 (020) 745 1520	2026-05-29	8500000.00	Product Sale
4321	2025-09-24	5	Laptop Lenovo	8500000.00	10	85000000.00	744	Farhunnisa Saputra	Jl. Cikutra Barat No. 660\nPalu, Nusa Tenggara Barat 57292	+62 (580) 398-9431	2025-09-24	85000000.00	Product Sale
4326	2025-12-05	5	Laptop Lenovo	8500000.00	6	51000000.00	1000	Hasna Firgantoro	Gg. Suniaraja No. 861\nPalangkaraya, GO 38968	+62 (063) 664-2867	2025-12-05	51000000.00	Online Transaction
4332	2025-10-20	5	Laptop Lenovo	8500000.00	2	17000000.00	617	Tgk. Lintang Puspasari	Jl. Cikutra Barat No. 087\nSawahlunto, MU 84715	+62 (92) 666 3619	2025-10-20	17000000.00	Customer Purchase
4336	2026-04-19	5	Laptop Lenovo	8500000.00	6	51000000.00	1659	Hartana Haryanti	Gg. Setiabudhi No. 665\nSalatiga, SU 28592	+62 (082) 502 4414	2026-04-19	51000000.00	Online Transaction
4337	2026-02-25	5	Laptop Lenovo	8500000.00	10	85000000.00	1445	Dinda Nababan	Jl. Pacuan Kuda No. 5\nBanjarbaru, Jawa Tengah 98257	+62-56-765-2277	2026-02-25	85000000.00	Product Sale
4342	2026-05-17	5	Laptop Lenovo	8500000.00	5	42500000.00	91	Bala Irawan	Gang Indragiri No. 6\nBanjarmasin, Aceh 12762	(045) 754 1974	2026-05-17	42500000.00	Customer Purchase
4345	2026-05-17	5	Laptop Lenovo	8500000.00	6	51000000.00	65	Dt. Raharja Hasanah, S.IP	Gg. Kutai No. 76\nSawahlunto, JB 57439	+62-012-700-2595	2026-05-17	51000000.00	Customer Purchase
4346	2025-10-09	5	Laptop Lenovo	8500000.00	5	42500000.00	1032	Vicky Yolanda	Jalan W.R. Supratman No. 731\nSukabumi, KB 11425	+62-0897-044-7505	2025-10-09	42500000.00	Online Transaction
4351	2025-10-10	5	Laptop Lenovo	8500000.00	8	68000000.00	1240	drg. Endah Prakasa	Jl. Suryakencana No. 054\nSamarinda, Sumatera Utara 22046	+62 (0773) 881 5398	2025-10-10	68000000.00	Product Sale
4353	2026-06-10	5	Laptop Lenovo	8500000.00	9	76500000.00	712	Sabrina Narpati	Gang Jayawijaya No. 4\nSabang, BA 47897	+62 (0915) 691-7342	2026-06-10	76500000.00	Online Transaction
4354	2026-02-28	5	Laptop Lenovo	8500000.00	7	59500000.00	860	Puti Paramita Sudiati	Jl. Jend. A. Yani No. 0\nPariaman, SS 77385	+62-017-033-9931	2026-02-28	59500000.00	Customer Purchase
4355	2025-09-27	5	Laptop Lenovo	8500000.00	1	8500000.00	585	R. Ega Mardhiyah	Gang Stasiun Wonokromo No. 159\nPadang, YO 91193	+62-881-074-5515	2025-09-27	8500000.00	Product Sale
4356	2025-08-10	5	Laptop Lenovo	8500000.00	2	17000000.00	1919	Paris Wasita	Jalan Laswi No. 518\nYogyakarta, MA 95043	+62 (0866) 297 6602	2025-08-10	17000000.00	Store Sale
4367	2025-08-20	5	Laptop Lenovo	8500000.00	7	59500000.00	1015	Bakti Susanti	Jl. Pasir Koja No. 0\nBukittinggi, JB 32994	084 036 6967	2025-08-20	59500000.00	Customer Purchase
4374	2025-10-30	5	Laptop Lenovo	8500000.00	10	85000000.00	1751	Lili Waskita	Gang Monginsidi No. 728\nSemarang, SG 65034	(0364) 291 3204	2025-10-30	85000000.00	Customer Purchase
4376	2026-01-28	5	Laptop Lenovo	8500000.00	3	25500000.00	1301	Nardi Saragih, S.Gz	Gang Dipatiukur No. 50\nMagelang, KS 08269	+62-0212-659-0774	2026-01-28	25500000.00	Product Sale
4382	2026-06-04	5	Laptop Lenovo	8500000.00	1	8500000.00	129	Eli Widodo	Jl. Cihampelas No. 78\nKota Administrasi Jakarta Pusat, NB 44594	+62 (06) 988 4453	2026-06-04	8500000.00	Store Sale
4403	2025-09-20	5	Laptop Lenovo	8500000.00	4	34000000.00	656	Tgk. Jagapati Pranowo	Gang Rawamangun No. 87\nPalu, GO 03885	+62 (0190) 309-3295	2025-09-20	34000000.00	Store Sale
4418	2026-05-30	5	Laptop Lenovo	8500000.00	2	17000000.00	1479	Opan Permadi	Jalan Raya Setiabudhi No. 4\nTual, Sulawesi Barat 17471	(074) 257 8346	2026-05-30	17000000.00	Product Sale
4419	2025-11-08	5	Laptop Lenovo	8500000.00	9	76500000.00	1557	Jessica Anggraini	Gang Pasteur No. 8\nTanjungpinang, BB 40597	+62 (347) 381-1706	2025-11-08	76500000.00	Store Sale
4422	2025-12-11	5	Laptop Lenovo	8500000.00	10	85000000.00	1798	Dt. Muni Santoso	Gang Ronggowarsito No. 2\nSingkawang, BT 12135	+62-0393-232-2114	2025-12-11	85000000.00	Store Sale
4429	2025-08-01	5	Laptop Lenovo	8500000.00	2	17000000.00	326	R. Artanto Usamah	Jalan Soekarno Hatta No. 71\nMakassar, JA 43668	+62 (0884) 073 5627	2025-08-01	17000000.00	Product Sale
4440	2026-03-08	5	Laptop Lenovo	8500000.00	10	85000000.00	785	Diana Manullang	Gang Indragiri No. 34\nTual, SU 96968	+62 (021) 583 4907	2026-03-08	85000000.00	Store Sale
4442	2026-01-26	5	Laptop Lenovo	8500000.00	5	42500000.00	470	Ir. Yunita Ramadan, S.E.	Gang Tubagus Ismail No. 572\nBima, Jawa Barat 15954	+62 (13) 744 3572	2026-01-26	42500000.00	Product Sale
4445	2025-09-18	5	Laptop Lenovo	8500000.00	5	42500000.00	1136	R.M. Dimas Nainggolan, S.IP	Jalan Rumah Sakit No. 22\nPalu, Kalimantan Utara 71821	+62-52-067-4496	2025-09-18	42500000.00	Product Sale
4449	2026-01-26	5	Laptop Lenovo	8500000.00	4	34000000.00	400	Rahman Pratiwi	Gang Pasir Koja No. 612\nSerang, Sulawesi Utara 54344	+62-383-112-6121	2026-01-26	34000000.00	Product Sale
4459	2025-11-11	5	Laptop Lenovo	8500000.00	7	59500000.00	598	Dt. Cakrawangsa Megantara	Jl. Jamika No. 1\nBontang, AC 25298	0828349035	2025-11-11	59500000.00	Store Sale
4460	2026-07-07	5	Laptop Lenovo	8500000.00	3	25500000.00	1748	Dr. Ika Haryanti	Gg. Rajawali Timur No. 9\nBengkulu, BB 28405	+62 (96) 255 1669	2026-07-07	25500000.00	Product Sale
4469	2025-07-22	5	Laptop Lenovo	8500000.00	9	76500000.00	283	Asmadi Gunawan	Jl. Jamika No. 75\nManado, SB 11511	087 673 8996	2025-07-22	76500000.00	Store Sale
4477	2026-04-29	5	Laptop Lenovo	8500000.00	3	25500000.00	678	Surya Halim	Jalan Rajawali Timur No. 094\nBinjai, BA 05451	(0335) 314 3841	2026-04-29	25500000.00	Store Sale
4478	2026-02-26	5	Laptop Lenovo	8500000.00	6	51000000.00	754	Alika Habibi	Jl. Tubagus Ismail No. 1\nCilegon, Papua Barat 60696	(0789) 133 4660	2026-02-26	51000000.00	Store Sale
4501	2025-09-06	5	Laptop Lenovo	8500000.00	5	42500000.00	1157	Dariati Napitupulu, S.Farm	Gang W.R. Supratman No. 3\nSawahlunto, NB 58580	(0771) 260-7473	2025-09-06	42500000.00	Customer Purchase
4509	2025-10-24	5	Laptop Lenovo	8500000.00	1	8500000.00	1977	Tgk. Martana Permata, S.Pt	Jl. Asia Afrika No. 6\nTarakan, Aceh 88741	+62 (42) 317-8653	2025-10-24	8500000.00	Online Transaction
4514	2025-11-03	5	Laptop Lenovo	8500000.00	6	51000000.00	129	Eli Widodo	Jl. Cihampelas No. 78\nKota Administrasi Jakarta Pusat, NB 44594	+62 (06) 988 4453	2025-11-03	51000000.00	Customer Purchase
4516	2025-11-08	5	Laptop Lenovo	8500000.00	3	25500000.00	1585	R. Ega Mardhiyah	Gang Stasiun Wonokromo No. 159\nPadang, YO 91193	+62-881-074-5515	2025-11-08	25500000.00	Product Sale
4517	2026-06-22	5	Laptop Lenovo	8500000.00	5	42500000.00	762	R. Leo Novitasari	Gang Surapati No. 96\nBau-Bau, GO 84667	+62 (005) 520 1608	2026-06-22	42500000.00	Online Transaction
4518	2026-01-07	5	Laptop Lenovo	8500000.00	6	51000000.00	1006	Aditya Utami	Jalan Siliwangi No. 1\nBau-Bau, SB 53322	+62 (0281) 802-0729	2026-01-07	51000000.00	Customer Purchase
4520	2025-12-15	5	Laptop Lenovo	8500000.00	6	51000000.00	1898	Aslijan Rahmawati, S.IP	NULL	+62 (523) 472-6552	2025-12-15	51000000.00	Customer Purchase
4521	2026-01-15	5	Laptop Lenovo	8500000.00	1	8500000.00	25	Drs. Ifa Budiman, M.Kom.	Jl. Antapani Lama No. 6\nLhokseumawe, Sulawesi Tengah 16275	(0286) 362-6536	2026-01-15	8500000.00	Store Sale
4525	2026-03-14	5	Laptop Lenovo	8500000.00	7	59500000.00	111	Chelsea Gunawan, S.IP	Gang Stasiun Wonokromo No. 74\nMataram, Jambi 83360	+62 (0962) 386 4921	2026-03-14	59500000.00	Product Sale
4528	2025-09-02	5	Laptop Lenovo	8500000.00	10	85000000.00	1041	Dewi Pangestu	Gang Pacuan Kuda No. 58\nTual, RI 81051	+62 (0484) 286 7416	2025-09-02	85000000.00	Online Transaction
4545	2025-08-16	5	Laptop Lenovo	8500000.00	5	42500000.00	227	KH. Opan Sirait	Jl. Peta No. 87\nDumai, Kalimantan Utara 07807	+62 (067) 854-8979	2025-08-16	42500000.00	Online Transaction
4552	2026-01-22	5	Laptop Lenovo	8500000.00	1	8500000.00	1589	Mariadi Marpaung	Gang Otto Iskandardinata No. 007\nPangkalpinang, Sulawesi Utara 59533	087 022 3494	2026-01-22	8500000.00	Online Transaction
4553	2025-08-27	5	Laptop Lenovo	8500000.00	9	76500000.00	303	Siska Agustina	Jalan Wonoayu No. 8\nBanda Aceh, DI Yogyakarta 24487	+62 (091) 302-3615	2025-08-27	76500000.00	Online Transaction
4555	2026-05-01	5	Laptop Lenovo	8500000.00	5	42500000.00	269	Anggabaya Napitupulu, S.Pt	Gang Joyoboyo No. 43\nKupang, PA 68662	(0068) 377 8636	2026-05-01	42500000.00	Store Sale
4560	2026-04-02	5	Laptop Lenovo	8500000.00	2	17000000.00	1510	Ridwan Sihotang	Jalan Rumah Sakit No. 4\nPayakumbuh, Gorontalo 09684	(0672) 180-1431	2026-04-02	17000000.00	Online Transaction
4561	2026-04-07	5	Laptop Lenovo	8500000.00	10	85000000.00	202	Dr. Tina Ramadan, S.Pt	Jalan Gardujati No. 03\nProbolinggo, Sulawesi Selatan 01692	+62-93-455-3843	2026-04-07	85000000.00	Online Transaction
4566	2025-12-18	5	Laptop Lenovo	8500000.00	4	34000000.00	627	Darmanto Nainggolan	Jl. Kiaracondong No. 944\nPalembang, Papua 42999	+62 (35) 558 4636	2025-12-18	34000000.00	Product Sale
4570	2025-12-29	5	Laptop Lenovo	8500000.00	7	59500000.00	1609	R. Usman Adriansyah, M.Ak	Jalan Sentot Alibasa No. 2\nBalikpapan, Sumatera Barat 73435	+62 (0628) 875 9244	2025-12-29	59500000.00	Store Sale
4573	2025-08-23	5	Laptop Lenovo	8500000.00	4	34000000.00	188	Kenes Iswahyudi	Jalan Lembong No. 1\nBandung, Jawa Barat 32901	+62-008-882-5718	2025-08-23	34000000.00	Online Transaction
4574	2025-09-24	5	Laptop Lenovo	8500000.00	10	85000000.00	21	Muni Melani	Gg. Ciumbuleuit No. 2\nBatu, Nusa Tenggara Timur 55343	0856152478	2025-09-24	85000000.00	Store Sale
4577	2025-07-27	5	Laptop Lenovo	8500000.00	7	59500000.00	1609	R. Usman Adriansyah, M.Ak	Jalan Sentot Alibasa No. 2\nBalikpapan, Sumatera Barat 73435	+62 (0628) 875 9244	2025-07-27	59500000.00	Product Sale
4584	2026-04-08	5	Laptop Lenovo	8500000.00	2	17000000.00	550	dr. Utama Haryanti, S.Pd	Gang Gedebage Selatan No. 45\nPadang Sidempuan, Gorontalo 96056	+62 (59) 588-2449	2026-04-08	17000000.00	Online Transaction
4588	2025-07-08	5	Laptop Lenovo	8500000.00	8	68000000.00	665	Najam Wijayanti, M.M.	Jalan Kapten Muslihat No. 2\nTual, Jambi 01452	+62-214-902-5110	2025-07-08	68000000.00	Product Sale
4592	2025-09-26	5	Laptop Lenovo	8500000.00	4	34000000.00	340	Viktor Gunawan	Gang Suniaraja No. 28\nSurakarta, MA 15599	+62 (497) 904-9411	2025-09-26	34000000.00	Store Sale
4595	2025-08-27	5	Laptop Lenovo	8500000.00	8	68000000.00	1942	Dt. Cengkal Napitupulu, S.Pd	Jl. Suryakencana No. 54\nMakassar, KI 56314	(037) 007-8697	2025-08-27	68000000.00	Customer Purchase
4598	2026-05-10	5	Laptop Lenovo	8500000.00	1	8500000.00	297	Kani Kusmawati	Gg. Rajawali Timur No. 038\nMalang, SN 25600	(058) 558-0263	2026-05-10	8500000.00	Product Sale
4606	2025-12-10	5	Laptop Lenovo	8500000.00	3	25500000.00	1880	R. Ulya Habibi, M.Farm	Gg. Lembong No. 684\nSurabaya, Lampung 45708	+62-635-148-2378	2025-12-10	25500000.00	Customer Purchase
4609	2025-12-17	5	Laptop Lenovo	8500000.00	2	17000000.00	981	Cut Zahra Sinaga	Gang Waringin No. 27\nProbolinggo, Sulawesi Utara 02426	+62 (614) 519-1537	2025-12-17	17000000.00	Customer Purchase
4614	2025-10-14	5	Laptop Lenovo	8500000.00	1	8500000.00	949	Cengkir Mustofa	Jalan Tebet Barat Dalam No. 8\nSolok, KB 53264	+62 (0564) 668 2691	2025-10-14	8500000.00	Store Sale
4616	2026-02-27	5	Laptop Lenovo	8500000.00	4	34000000.00	791	Ayu Yuliarti	Jl. Ronggowarsito No. 338\nMedan, Nusa Tenggara Timur 58649	+62-0650-318-5459	2026-02-27	34000000.00	Product Sale
4623	2026-06-15	5	Laptop Lenovo	8500000.00	10	85000000.00	70	Anom Rahimah	Jl. PHH. Mustofa No. 031\nKota Administrasi Jakarta Barat, Kalimantan Barat 91918	(0746) 092-8397	2026-06-15	85000000.00	Product Sale
4629	2026-04-18	5	Laptop Lenovo	8500000.00	9	76500000.00	1010	Farah Budiman	Gg. Suniaraja No. 03\nPasuruan, Jawa Tengah 49852	+62 (0011) 838-8680	2026-04-18	76500000.00	Customer Purchase
4632	2026-03-01	5	Laptop Lenovo	8500000.00	5	42500000.00	1258	Olga Ardianto	Jl. Soekarno Hatta No. 8\nDenpasar, BB 56231	(060) 675-5496	2026-03-01	42500000.00	Product Sale
4636	2026-02-08	5	Laptop Lenovo	8500000.00	5	42500000.00	831	Yani Palastri	Jl. Gegerkalong Hilir No. 660\nMetro, YO 05965	+62-31-847-9150	2026-02-08	42500000.00	Customer Purchase
4649	2025-09-19	5	Laptop Lenovo	8500000.00	10	85000000.00	1354	R. Violet Widodo	Jalan Kebonjati No. 6\nPariaman, Sumatera Barat 85235	+62-0777-899-3264	2025-09-19	85000000.00	Customer Purchase
4654	2025-12-10	5	Laptop Lenovo	8500000.00	10	85000000.00	379	Paulin Prasetya	Jalan HOS. Cokroaminoto No. 7\nSalatiga, Kepulauan Riau 23966	+62-543-427-1903	2025-12-10	85000000.00	Store Sale
4659	2026-03-07	5	Laptop Lenovo	8500000.00	3	25500000.00	963	Drs. Ega Jailani	Gang Rumah Sakit No. 21\nSurakarta, Banten 94966	+62 (61) 719 2666	2026-03-07	25500000.00	Store Sale
4662	2025-08-15	5	Laptop Lenovo	8500000.00	10	85000000.00	65	Dt. Raharja Hasanah, S.IP	Gg. Kutai No. 76\nSawahlunto, JB 57439	+62-012-700-2595	2025-08-15	85000000.00	Online Transaction
4664	2025-09-19	5	Laptop Lenovo	8500000.00	5	42500000.00	1659	Hartana Haryanti	Gg. Setiabudhi No. 665\nSalatiga, SU 28592	+62 (082) 502 4414	2025-09-19	42500000.00	Store Sale
4665	2026-03-19	5	Laptop Lenovo	8500000.00	2	17000000.00	1390	Icha Irawan	Jl. Ronggowarsito No. 6\nSibolga, Kalimantan Tengah 17563	084 295 7851	2026-03-19	17000000.00	Online Transaction
4669	2026-05-03	5	Laptop Lenovo	8500000.00	1	8500000.00	1761	Rini Pratama	Jl. Ciumbuleuit No. 74\nTangerang Selatan, KI 48363	0852038385	2026-05-03	8500000.00	Store Sale
4670	2025-08-12	5	Laptop Lenovo	8500000.00	10	85000000.00	1155	Parman Dabukke	Jl. M.T Haryono No. 28\nPariaman, SG 55603	080 820 7185	2025-08-12	85000000.00	Product Sale
4693	2026-02-12	5	Laptop Lenovo	8500000.00	7	59500000.00	1750	R.A. Mila Wulandari	Jalan Sukabumi No. 36\nKupang, Papua 28486	+62-028-002-4970	2026-02-12	59500000.00	Product Sale
4705	2026-01-12	5	Laptop Lenovo	8500000.00	9	76500000.00	1230	Radika Putra	Gg. Joyoboyo No. 249\nCilegon, AC 99869	(000) 251 4782	2026-01-12	76500000.00	Store Sale
4724	2025-07-29	5	Laptop Lenovo	8500000.00	8	68000000.00	1369	Okto Saragih	Jalan Sukabumi No. 85\nBinjai, JA 61246	(047) 823 6480	2025-07-29	68000000.00	Customer Purchase
4733	2026-03-01	5	Laptop Lenovo	8500000.00	3	25500000.00	1089	Dimas Hartati, S.Ked	Jl. Rungkut Industri No. 37\nPagaralam, Kalimantan Barat 06320	+62 (060) 954 9484	2026-03-01	25500000.00	Store Sale
4736	2026-05-02	5	Laptop Lenovo	8500000.00	2	17000000.00	1503	Daliono Najmudin	NULL	(0956) 279-0786	2026-05-02	17000000.00	Store Sale
4737	2025-12-08	5	Laptop Lenovo	8500000.00	7	59500000.00	66	Drs. Belinda Anggriawan	NULL	+62 (24) 915 1414	2025-12-08	59500000.00	Online Transaction
4739	2026-01-13	5	Laptop Lenovo	8500000.00	6	51000000.00	390	Icha Irawan	Jl. Ronggowarsito No. 6\nSibolga, Kalimantan Tengah 17563	084 295 7851	2026-01-13	51000000.00	Online Transaction
4745	2025-10-16	5	Laptop Lenovo	8500000.00	2	17000000.00	954	Belinda Salahudin	Gang Yos Sudarso No. 5\nSabang, Aceh 20634	+62 (048) 299 9185	2025-10-16	17000000.00	Product Sale
4747	2025-08-31	5	Laptop Lenovo	8500000.00	3	25500000.00	1730	Hafshah Waluyo, S.E.I	Gang Ahmad Dahlan No. 3\nTangerang Selatan, JT 67632	(0684) 483-7617	2025-08-31	25500000.00	Product Sale
4749	2025-11-02	5	Laptop Lenovo	8500000.00	6	51000000.00	554	Indah Riyanti	Jalan Ahmad Yani No. 2\nPekalongan, MA 98530	+62 (394) 244-0730	2025-11-02	51000000.00	Online Transaction
4755	2025-07-17	5	Laptop Lenovo	8500000.00	4	34000000.00	495	Aurora Winarsih, S.IP	Jl. Sadang Serang No. 558\nKediri, YO 68902	+62 (799) 860-4575	2025-07-17	34000000.00	Online Transaction
4756	2026-04-01	5	Laptop Lenovo	8500000.00	2	17000000.00	1445	Dinda Nababan	Jl. Pacuan Kuda No. 5\nBanjarbaru, Jawa Tengah 98257	+62-56-765-2277	2026-04-01	17000000.00	Product Sale
4763	2026-03-24	5	Laptop Lenovo	8500000.00	5	42500000.00	1951	H. Mursinin Mansur	Gg. Rawamangun No. 03\nBukittinggi, Kalimantan Tengah 36830	+62 (0338) 117 8887	2026-03-24	42500000.00	Store Sale
4767	2026-03-26	5	Laptop Lenovo	8500000.00	6	51000000.00	1267	Padma Nasyidah	Gang Rungkut Industri No. 619\nBanjar, Bengkulu 14045	(093) 026 0878	2026-03-26	51000000.00	Product Sale
4776	2025-12-21	5	Laptop Lenovo	8500000.00	9	76500000.00	1044	Yulia Sihombing, S.Sos	Gang W.R. Supratman No. 72\nBekasi, Riau 56600	+62 (0944) 026 6620	2025-12-21	76500000.00	Customer Purchase
4778	2026-06-21	5	Laptop Lenovo	8500000.00	3	25500000.00	875	Maida Wibisono	Jalan Monginsidi No. 95\nSibolga, Maluku Utara 54277	080 339 5141	2026-06-21	25500000.00	Online Transaction
4779	2026-04-20	5	Laptop Lenovo	8500000.00	10	85000000.00	1901	Tina Saputra	Jalan Pasteur No. 329\nTangerang Selatan, JA 38356	(0843) 252-8486	2026-04-20	85000000.00	Store Sale
4788	2025-07-16	5	Laptop Lenovo	8500000.00	6	51000000.00	1398	drg. Saka Wijaya	Jalan Monginsidi No. 482\nSibolga, JT 73723	(0094) 616-0510	2025-07-16	51000000.00	Online Transaction
4795	2025-11-03	5	Laptop Lenovo	8500000.00	8	68000000.00	790	Gina Prasetyo, S.Kom	Jl. Rajawali Barat No. 987\nPayakumbuh, Jawa Timur 81444	(0237) 003 4444	2025-11-03	68000000.00	Customer Purchase
4796	2025-12-06	5	Laptop Lenovo	8500000.00	9	76500000.00	439	Okto Wibisono	Gg. H.J Maemunah No. 7\nLhokseumawe, Papua 59069	+62-62-351-8109	2025-12-06	76500000.00	Online Transaction
4798	2025-12-28	5	Laptop Lenovo	8500000.00	1	8500000.00	140	Saiful Hidayat	Gang Dipatiukur No. 185\nSurakarta, AC 96418	+62-87-430-1477	2025-12-28	8500000.00	Store Sale
4800	2026-05-02	5	Laptop Lenovo	8500000.00	3	25500000.00	271	Drs. Natalia Widodo	Jl. Asia Afrika No. 5\nTual, SB 81243	+62 (517) 047-5388	2026-05-02	25500000.00	Customer Purchase
4805	2025-11-30	5	Laptop Lenovo	8500000.00	3	25500000.00	1024	Erik Susanti	Gang Dr. Djunjunan No. 73\nMalang, KB 31983	+62 (22) 012-0041	2025-11-30	25500000.00	Online Transaction
4807	2025-09-24	5	Laptop Lenovo	8500000.00	4	34000000.00	1579	drg. Harsanto Sudiati, S.E.I	Jl. Rajiman No. 22\nMadiun, Banten 28731	(025) 085 6223	2025-09-24	34000000.00	Product Sale
4813	2026-03-01	5	Laptop Lenovo	8500000.00	4	34000000.00	1123	R. Hamima Zulkarnain, S.Farm	Gang Rajawali Timur No. 77\nSerang, YO 63607	(0895) 673 6626	2026-03-01	34000000.00	Online Transaction
4819	2026-01-02	5	Laptop Lenovo	8500000.00	5	42500000.00	860	Puti Paramita Sudiati	Jl. Jend. A. Yani No. 0\nPariaman, SS 77385	+62-017-033-9931	2026-01-02	42500000.00	Store Sale
4823	2025-11-15	5	Laptop Lenovo	8500000.00	8	68000000.00	1125	Puti Rini Hasanah, S.Farm	Gg. Antapani Lama No. 608\nGorontalo, Sulawesi Tengah 12890	+62 (526) 436-4808	2025-11-15	68000000.00	Customer Purchase
4824	2026-02-21	5	Laptop Lenovo	8500000.00	3	25500000.00	1170	Daliono Damanik, S.E.	NULL	+62 (27) 797 3571	2026-02-21	25500000.00	Online Transaction
4828	2025-12-16	5	Laptop Lenovo	8500000.00	8	68000000.00	1841	Cakrajiya Mustofa, S.IP	Jalan M.T Haryono No. 929\nBanjarbaru, Papua 51366	(006) 630-9700	2025-12-16	68000000.00	Product Sale
4832	2026-06-28	5	Laptop Lenovo	8500000.00	8	68000000.00	1252	Kamidin Natsir, S.T.	Gg. Ir. H. Djuanda No. 11\nBekasi, PA 93948	+62 (489) 257 8577	2026-06-28	68000000.00	Store Sale
4833	2025-11-26	5	Laptop Lenovo	8500000.00	10	85000000.00	1744	Farhunnisa Saputra	Jl. Cikutra Barat No. 660\nPalu, Nusa Tenggara Barat 57292	+62 (580) 398-9431	2025-11-26	85000000.00	Online Transaction
4836	2026-01-10	5	Laptop Lenovo	8500000.00	3	25500000.00	668	drg. Iriana Damanik, M.Pd	Jl. Rumah Sakit No. 5\nBengkulu, JK 63765	+62-088-811-6326	2026-01-10	25500000.00	Customer Purchase
4843	2026-06-10	5	Laptop Lenovo	8500000.00	3	25500000.00	1388	Respati Suryono	Jalan Ir. H. Djuanda No. 01\nPadangpanjang, Kepulauan Riau 81012	+62 (665) 127-5081	2026-06-10	25500000.00	Online Transaction
4846	2026-01-23	5	Laptop Lenovo	8500000.00	2	17000000.00	892	Slamet Najmudin, S.Ked	NULL	+62 (097) 427-3923	2026-01-23	17000000.00	Online Transaction
4849	2025-11-24	5	Laptop Lenovo	8500000.00	7	59500000.00	1810	Jagapati Wasita	Gg. Moch. Ramdan No. 215\nSalatiga, Gorontalo 21614	+62 (028) 835 7845	2025-11-24	59500000.00	Product Sale
4855	2025-12-30	5	Laptop Lenovo	8500000.00	8	68000000.00	439	Okto Wibisono	Gg. H.J Maemunah No. 7\nLhokseumawe, Papua 59069	+62-62-351-8109	2025-12-30	68000000.00	Product Sale
4863	2026-05-18	5	Laptop Lenovo	8500000.00	6	51000000.00	376	Shania Prasetyo	Jl. W.R. Supratman No. 498\nPekanbaru, PB 72481	(0259) 017 5524	2026-05-18	51000000.00	Online Transaction
4868	2026-07-01	5	Laptop Lenovo	8500000.00	4	34000000.00	1895	Ana Kuswoyo	Jl. Asia Afrika No. 251\nMetro, KU 03705	+62 (264) 301 1980	2026-07-01	34000000.00	Store Sale
4871	2025-10-24	5	Laptop Lenovo	8500000.00	2	17000000.00	1256	drg. Kamaria Wahyuni, S.E.I	Jl. Moch. Toha No. 50\nKota Administrasi Jakarta Pusat, Gorontalo 37675	+62 (0756) 416-2231	2025-10-24	17000000.00	Store Sale
4874	2026-02-23	5	Laptop Lenovo	8500000.00	2	17000000.00	1612	H. Mursinin Mansur	Gg. Ir. H. Djuanda No. 7\nLubuklinggau, BB 91673	+62-013-579-0630	2026-02-23	17000000.00	Product Sale
4878	2026-04-17	5	Laptop Lenovo	8500000.00	5	42500000.00	451	Hani Haryanto	Gg. Soekarno Hatta No. 719\nPadang, Jambi 59770	+62 (033) 910 2125	2026-04-17	42500000.00	Online Transaction
4890	2026-03-20	5	Laptop Lenovo	8500000.00	9	76500000.00	156	Cici Zulaika	Jl. Rumah Sakit No. 9\nSerang, Banten 71514	086 263 7251	2026-03-20	76500000.00	Customer Purchase
4903	2025-10-14	5	Laptop Lenovo	8500000.00	7	59500000.00	322	Cindy Kusumo, S.E.I	Gang Rajawali Barat No. 06\nManado, JK 59961	+62 (388) 543 0985	2025-10-14	59500000.00	Customer Purchase
4905	2026-06-23	5	Laptop Lenovo	8500000.00	2	17000000.00	1504	Harsaya Kusmawati, M.TI.	Gang Kapten Muslihat No. 248\nPekanbaru, Papua Barat 37962	+62-014-569-5299	2026-06-23	17000000.00	Online Transaction
4906	2026-03-13	5	Laptop Lenovo	8500000.00	6	51000000.00	1078	Ir. Maimunah Sihombing	Gg. S. Parman No. 00\nSubulussalam, Bengkulu 70376	+62 (0908) 928 6314	2026-03-13	51000000.00	Product Sale
4907	2025-11-19	5	Laptop Lenovo	8500000.00	10	85000000.00	1805	Raina Hidayat	Gang M.H Thamrin No. 231\nPekalongan, Nusa Tenggara Timur 78743	(013) 469 3436	2025-11-19	85000000.00	Customer Purchase
4915	2026-07-02	5	Laptop Lenovo	8500000.00	8	68000000.00	462	Mursinin Firmansyah, S.Pt	Gang Dipatiukur No. 42\nBanjarmasin, Lampung 54494	0894788637	2026-07-02	68000000.00	Product Sale
4916	2026-07-02	5	Laptop Lenovo	8500000.00	10	85000000.00	893	H. Mursita Farida, S.Sos	Jalan Rumah Sakit No. 71\nPekalongan, Riau 73325	+62 (092) 169 9776	2026-07-02	85000000.00	Store Sale
4924	2026-03-13	5	Laptop Lenovo	8500000.00	8	68000000.00	1195	Leo Mandala	Jalan Sentot Alibasa No. 59\nBukittinggi, JK 06747	(033) 106 6448	2026-03-13	68000000.00	Product Sale
4935	2025-12-24	5	Laptop Lenovo	8500000.00	7	59500000.00	774	Enteng Hasanah, S.H.	Gang Gardujati No. 0\nKota Administrasi Jakarta Utara, Maluku Utara 30804	0857096614	2025-12-24	59500000.00	Online Transaction
4938	2026-04-11	5	Laptop Lenovo	8500000.00	7	59500000.00	283	Asmadi Gunawan	Jl. Jamika No. 75\nManado, SB 11511	087 673 8996	2026-04-11	59500000.00	Customer Purchase
4944	2025-09-11	5	Laptop Lenovo	8500000.00	8	68000000.00	546	Fitria Maheswara	Jalan Otto Iskandardinata No. 3\nKota Administrasi Jakarta Selatan, LA 91864	+62 (062) 330-9690	2025-09-11	68000000.00	Customer Purchase
4948	2025-09-09	5	Laptop Lenovo	8500000.00	4	34000000.00	183	Mutia Sudiati, M.M.	Jl. Kapten Muslihat No. 146\nBanjar, Kepulauan Bangka Belitung 86970	+62 (016) 016-0214	2025-09-09	34000000.00	Store Sale
4950	2025-08-29	5	Laptop Lenovo	8500000.00	8	68000000.00	1906	Nyoman Winarno	Gang Ahmad Yani No. 380\nParepare, Aceh 39565	(0432) 905 1050	2025-08-29	68000000.00	Customer Purchase
4958	2026-04-13	5	Laptop Lenovo	8500000.00	2	17000000.00	255	Tgk. Salwa Puspita	Gang Wonoayu No. 7\nBekasi, Gorontalo 23445	+62 (00) 628 7912	2026-04-13	17000000.00	Store Sale
4960	2025-11-11	5	Laptop Lenovo	8500000.00	1	8500000.00	914	Johan Mandala	Gg. Siliwangi No. 95\nTarakan, Kalimantan Selatan 03612	+62 (06) 486 3997	2025-11-11	8500000.00	Online Transaction
4963	2026-04-18	5	Laptop Lenovo	8500000.00	10	85000000.00	1753	Jagapati Kuswoyo	NULL	+62 (841) 764-7608	2026-04-18	85000000.00	Online Transaction
4970	2025-10-08	5	Laptop Lenovo	8500000.00	10	85000000.00	635	Martaka Wastuti	Jalan Waringin No. 881\nPadangpanjang, AC 16646	+62 (476) 191 6515	2025-10-08	85000000.00	Online Transaction
4984	2026-05-01	5	Laptop Lenovo	8500000.00	7	59500000.00	68	Drs. Paramita Sitompul, S.Sos	Gang Raya Setiabudhi No. 955\nTanjungpinang, Aceh 72881	(0242) 616 9182	2026-05-01	59500000.00	Product Sale
4985	2026-03-23	5	Laptop Lenovo	8500000.00	8	68000000.00	1603	Banawa Gunarto	Jalan BKR No. 22\nBatam, Gorontalo 71299	+62 (0338) 405-4032	2026-03-23	68000000.00	Product Sale
4987	2025-12-09	5	Laptop Lenovo	8500000.00	6	51000000.00	44	Yulia Sihombing, S.Sos	Gang W.R. Supratman No. 72\nBekasi, Riau 56600	+62 (0944) 026 6620	2025-12-09	51000000.00	Online Transaction
5000	2026-03-19	5	Laptop Lenovo	8500000.00	6	51000000.00	1565	Ellis Nashiruddin	Gg. Tebet Barat Dalam No. 13\nPadangpanjang, GO 82772	+62 (817) 642-9517	2026-03-19	51000000.00	Store Sale
5002	2025-07-09	5	Laptop Lenovo	8500000.00	8	68000000.00	1467	dr. Tira Pratama	Jl. Ir. H. Djuanda No. 825\nManado, Kepulauan Riau 35165	(075) 456-3372	2025-07-09	68000000.00	Online Transaction
